image_path,label,drawer_id,fold,split_type
data/processed/escritural/cod_044/cod_044_000.png,escritural,escritural_cod_044,-1,test
data/processed/escritural/cod_044/cod_044_022.png,escritural,escritural_cod_044,-1,test
data/processed/escritural/cod_044/cod_044_024.png,escritural,escritural_cod_044,-1,test
data/processed/escritural/cod_044/cod_044_006.png,escritural,escritural_cod_044,-1,test
data/processed/escritural/cod_044/cod_044_002.png,escritural,escritural_cod_044,-1,test
data/processed/escritural/cod_044/cod_044_034.png,escritural,escritural_cod_044,-1,test
data/processed/escritural/cod_044/cod_044_035.png,escritural,escritural_cod_044,-1,test
data/processed/escritural/cod_044/cod_044_040.png,escritural,escritural_cod_044,-1,test
data/processed/escritural/cod_044/cod_044_043.png,escritural,escritural_cod_044,-1,test
data/processed/escritural/cod_044/cod_044_027.png,escritural,escritural_cod_044,-1,test
data/processed/escritural/cod_044/cod_044_036.png,escritural,escritural_cod_044,-1,test
data/processed/escritural/cod_044/cod_044_042.png,escritural,escritural_cod_044,-1,test
data/processed/escritural/cod_044/cod_044_037.png,escritural,escritural_cod_044,-1,test
data/processed/escritural/cod_049/cod_049_018.png,escritural,escritural_cod_049,-1,test
data/processed/escritural/cod_049/cod_049_013.png,escritural,escritural_cod_049,-1,test
data/processed/escritural/cod_049/cod_049_009.png,escritural,escritural_cod_049,-1,test
data/processed/escritural/cod_049/cod_049_008.png,escritural,escritural_cod_049,-1,test
data/processed/escritural/cod_049/cod_049_017.png,escritural,escritural_cod_049,-1,test
data/processed/escritural/cod_049/cod_049_019.png,escritural,escritural_cod_049,-1,test
data/processed/escritural/cod_049/cod_049_001.png,escritural,escritural_cod_049,-1,test
data/processed/escritural/cod_049/cod_049_012.png,escritural,escritural_cod_049,-1,test
data/processed/escritural/cod_049/cod_049_006.png,escritural,escritural_cod_049,-1,test
data/processed/escritural/cod_049/cod_049_011.png,escritural,escritural_cod_049,-1,test
data/processed/escritural/cod_049/cod_049_010.png,escritural,escritural_cod_049,-1,test
data/processed/escritural/cod_049/cod_049_002.png,escritural,escritural_cod_049,-1,test
data/processed/escritural/cod_049/cod_049_003.png,escritural,escritural_cod_049,-1,test
data/processed/escritural/cod_050/cod_050_050.png,escritural,escritural_cod_050,-1,test
data/processed/escritural/cod_050/cod_050_000.png,escritural,escritural_cod_050,-1,test
data/processed/escritural/cod_050/cod_050_001.png,escritural,escritural_cod_050,-1,test
data/processed/escritural/cod_050/cod_050_044.png,escritural,escritural_cod_050,-1,test
data/processed/escritural/cod_050/cod_050_049.png,escritural,escritural_cod_050,-1,test
data/processed/escritural/cod_050/cod_050_045.png,escritural,escritural_cod_050,-1,test
data/processed/escritural/cod_050/cod_050_047.png,escritural,escritural_cod_050,-1,test
data/processed/escritural/cod_050/cod_050_048.png,escritural,escritural_cod_050,-1,test
data/processed/escritural/cod_050/cod_050_046.png,escritural,escritural_cod_050,-1,test
data/processed/escritural/cod_050/cod_050_026.png,escritural,escritural_cod_050,-1,test
data/processed/escritural/cod_063/cod_063_003.png,escritural,escritural_cod_063,-1,test
data/processed/escritural/cod_063/cod_063_019.png,escritural,escritural_cod_063,-1,test
data/processed/escritural/cod_063/cod_063_024.png,escritural,escritural_cod_063,-1,test
data/processed/escritural/cod_063/cod_063_021.png,escritural,escritural_cod_063,-1,test
data/processed/escritural/cod_063/cod_063_012.png,escritural,escritural_cod_063,-1,test
data/processed/escritural/cod_063/cod_063_020.png,escritural,escritural_cod_063,-1,test
data/processed/escritural/cod_063/cod_063_025.png,escritural,escritural_cod_063,-1,test
data/processed/escritural/cod_063/cod_063_023.png,escritural,escritural_cod_063,-1,test
data/processed/escritural/cod_063/cod_063_022.png,escritural,escritural_cod_063,-1,test
data/processed/escritural/cod_065/cod_065_003.png,escritural,escritural_cod_065,-1,test
data/processed/escritural/cod_065/cod_065_015.png,escritural,escritural_cod_065,-1,test
data/processed/escritural/cod_065/cod_065_012.png,escritural,escritural_cod_065,-1,test
data/processed/escritural/cod_065/cod_065_001.png,escritural,escritural_cod_065,-1,test
data/processed/escritural/cod_065/cod_065_006.png,escritural,escritural_cod_065,-1,test
data/processed/escritural/cod_065/cod_065_010.png,escritural,escritural_cod_065,-1,test
data/processed/escritural/cod_065/cod_065_007.png,escritural,escritural_cod_065,-1,test
data/processed/escritural/cod_065/cod_065_002.png,escritural,escritural_cod_065,-1,test
data/processed/escritural/cod_065/cod_065_013.png,escritural,escritural_cod_065,-1,test
data/processed/escritural/cod_075/cod_075_007.png,escritural,escritural_cod_075,-1,test
data/processed/escritural/cod_075/cod_075_008.png,escritural,escritural_cod_075,-1,test
data/processed/escritural/cod_075/cod_075_005.png,escritural,escritural_cod_075,-1,test
data/processed/escritural/cod_075/cod_075_003.png,escritural,escritural_cod_075,-1,test
data/processed/escritural/cod_075/cod_075_013.png,escritural,escritural_cod_075,-1,test
data/processed/escritural/cod_075/cod_075_010.png,escritural,escritural_cod_075,-1,test
data/processed/escritural/cod_075/cod_075_014.png,escritural,escritural_cod_075,-1,test
data/processed/escritural/cod_075/cod_075_012.png,escritural,escritural_cod_075,-1,test
data/processed/escritural/cod_075/cod_075_004.png,escritural,escritural_cod_075,-1,test
data/processed/escritural/cod_075/cod_075_006.png,escritural,escritural_cod_075,-1,test
data/processed/escritural/cod_077/cod_077_009.png,escritural,escritural_cod_077,-1,test
data/processed/escritural/cod_077/cod_077_000.png,escritural,escritural_cod_077,-1,test
data/processed/escritural/cod_077/cod_077_011.png,escritural,escritural_cod_077,-1,test
data/processed/escritural/cod_077/cod_077_010.png,escritural,escritural_cod_077,-1,test
data/processed/escritural/cod_077/cod_077_006.png,escritural,escritural_cod_077,-1,test
data/processed/escritural/cod_077/cod_077_005.png,escritural,escritural_cod_077,-1,test
data/processed/escritural/cod_077/cod_077_008.png,escritural,escritural_cod_077,-1,test
data/processed/escritural/cod_077/cod_077_001.png,escritural,escritural_cod_077,-1,test
data/processed/escritural/cod_077/cod_077_013.png,escritural,escritural_cod_077,-1,test
data/processed/escritural/cod_077/cod_077_012.png,escritural,escritural_cod_077,-1,test
data/processed/escritural/cod_077/cod_077_002.png,escritural,escritural_cod_077,-1,test
data/processed/escritural/cod_079/cod_079_001.png,escritural,escritural_cod_079,-1,test
data/processed/escritural/cod_079/cod_079_003.png,escritural,escritural_cod_079,-1,test
data/processed/escritural/cod_079/cod_079_007.png,escritural,escritural_cod_079,-1,test
data/processed/escritural/cod_079/cod_079_000.png,escritural,escritural_cod_079,-1,test
data/processed/escritural/cod_079/cod_079_045.png,escritural,escritural_cod_079,-1,test
data/processed/escritural/cod_079/cod_079_051.png,escritural,escritural_cod_079,-1,test
data/processed/escritural/cod_079/cod_079_044.png,escritural,escritural_cod_079,-1,test
data/processed/escritural/cod_079/cod_079_042.png,escritural,escritural_cod_079,-1,test
data/processed/escritural/cod_079/cod_079_023.png,escritural,escritural_cod_079,-1,test
data/processed/escritural/cod_079/cod_079_024.png,escritural,escritural_cod_079,-1,test
data/processed/escritural/cod_079/cod_079_025.png,escritural,escritural_cod_079,-1,test
data/processed/escritural/cod_084/cod_084_013.png,escritural,escritural_cod_084,-1,test
data/processed/escritural/cod_084/cod_084_009.png,escritural,escritural_cod_084,-1,test
data/processed/escritural/cod_084/cod_084_006.png,escritural,escritural_cod_084,-1,test
data/processed/escritural/cod_084/cod_084_012.png,escritural,escritural_cod_084,-1,test
data/processed/escritural/cod_084/cod_084_007.png,escritural,escritural_cod_084,-1,test
data/processed/escritural/cod_084/cod_084_014.png,escritural,escritural_cod_084,-1,test
data/processed/escritural/cod_084/cod_084_002.png,escritural,escritural_cod_084,-1,test
data/processed/escritural/cod_084/cod_084_015.png,escritural,escritural_cod_084,-1,test
data/processed/escritural/cod_084/cod_084_011.png,escritural,escritural_cod_084,-1,test
data/processed/escritural/cod_084/cod_084_008.png,escritural,escritural_cod_084,-1,test
data/processed/escritural/cod_084/cod_084_001.png,escritural,escritural_cod_084,-1,test
data/processed/escritural/cod_084/cod_084_010.png,escritural,escritural_cod_084,-1,test
data/processed/escritural/cod_084/cod_084_004.png,escritural,escritural_cod_084,-1,test
data/processed/escritural/cod_078/cod_078_010.png,escritural,escritural_cod_078,-1,test
data/processed/escritural/cod_078/cod_078_012.png,escritural,escritural_cod_078,-1,test
data/processed/escritural/cod_078/cod_078_015.png,escritural,escritural_cod_078,-1,test
data/processed/escritural/cod_078/cod_078_016.png,escritural,escritural_cod_078,-1,test
data/processed/escritural/cod_078/cod_078_007.png,escritural,escritural_cod_078,-1,test
data/processed/escritural/cod_078/cod_078_001.png,escritural,escritural_cod_078,-1,test
data/processed/escritural/cod_078/cod_078_014.png,escritural,escritural_cod_078,-1,test
data/processed/escritural/cod_078/cod_078_011.png,escritural,escritural_cod_078,-1,test
data/processed/escritural/cod_078/cod_078_005.png,escritural,escritural_cod_078,-1,test
data/processed/escritural/cod_078/cod_078_013.png,escritural,escritural_cod_078,-1,test
data/processed/escritural/cod_078/cod_078_002.png,escritural,escritural_cod_078,-1,test
data/processed/escritural/cod_078/cod_078_004.png,escritural,escritural_cod_078,-1,test
data/processed/escritural/cod_078/cod_078_000.png,escritural,escritural_cod_078,-1,test
data/processed/escritural/cod_115/cod_115_019.png,escritural,escritural_cod_115,-1,test
data/processed/escritural/cod_115/cod_115_010.png,escritural,escritural_cod_115,-1,test
data/processed/escritural/cod_115/cod_115_000.png,escritural,escritural_cod_115,-1,test
data/processed/escritural/cod_115/cod_115_001.png,escritural,escritural_cod_115,-1,test
data/processed/escritural/cod_115/cod_115_008.png,escritural,escritural_cod_115,-1,test
data/processed/escritural/cod_115/cod_115_011.png,escritural,escritural_cod_115,-1,test
data/processed/escritural/cod_115/cod_115_005.png,escritural,escritural_cod_115,-1,test
data/processed/escritural/cod_115/cod_115_002.png,escritural,escritural_cod_115,-1,test
data/processed/escritural/cod_115/cod_115_016.png,escritural,escritural_cod_115,-1,test
data/processed/escritural/cod_115/cod_115_003.png,escritural,escritural_cod_115,-1,test
data/processed/escritural/cod_135/cod_135_004.png,escritural,escritural_cod_135,-1,test
data/processed/escritural/cod_135/cod_135_011.png,escritural,escritural_cod_135,-1,test
data/processed/escritural/cod_135/cod_135_014.png,escritural,escritural_cod_135,-1,test
data/processed/escritural/cod_135/cod_135_015.png,escritural,escritural_cod_135,-1,test
data/processed/escritural/cod_135/cod_135_019.png,escritural,escritural_cod_135,-1,test
data/processed/escritural/cod_135/cod_135_016.png,escritural,escritural_cod_135,-1,test
data/processed/escritural/cod_135/cod_135_006.png,escritural,escritural_cod_135,-1,test
data/processed/escritural/cod_135/cod_135_009.png,escritural,escritural_cod_135,-1,test
data/processed/escritural/cod_135/cod_135_021.png,escritural,escritural_cod_135,-1,test
data/processed/escritural/cod_135/cod_135_027.png,escritural,escritural_cod_135,-1,test
data/processed/escritural/cod_135/cod_135_002.png,escritural,escritural_cod_135,-1,test
data/processed/escritural/cod_135/cod_135_003.png,escritural,escritural_cod_135,-1,test
data/processed/grotesco/cod_001/cod_001_006.png,grotesco,grotesco_cod_001,-1,test
data/processed/grotesco/cod_001/cod_001_008.png,grotesco,grotesco_cod_001,-1,test
data/processed/grotesco/cod_001/cod_001_002.png,grotesco,grotesco_cod_001,-1,test
data/processed/grotesco/cod_001/cod_001_007.png,grotesco,grotesco_cod_001,-1,test
data/processed/grotesco/cod_001/cod_001_001.png,grotesco,grotesco_cod_001,-1,test
data/processed/grotesco/cod_001/cod_001_003.png,grotesco,grotesco_cod_001,-1,test
data/processed/grotesco/cod_001/cod_001_009.png,grotesco,grotesco_cod_001,-1,test
data/processed/grotesco/cod_001/cod_001_011.png,grotesco,grotesco_cod_001,-1,test
data/processed/grotesco/cod_001/cod_001_012.png,grotesco,grotesco_cod_001,-1,test
data/processed/grotesco/cod_001/cod_001_014.png,grotesco,grotesco_cod_001,-1,test
data/processed/grotesco/cod_001/cod_001_013.png,grotesco,grotesco_cod_001,-1,test
data/processed/grotesco/cod_001/cod_001_005.png,grotesco,grotesco_cod_001,-1,test
data/processed/grotesco/cod_001/cod_001_010.png,grotesco,grotesco_cod_001,-1,test
data/processed/grotesco/cod_011/cod_011_005.png,grotesco,grotesco_cod_011,-1,test
data/processed/grotesco/cod_011/cod_011_007.png,grotesco,grotesco_cod_011,-1,test
data/processed/grotesco/cod_011/cod_011_003.png,grotesco,grotesco_cod_011,-1,test
data/processed/grotesco/cod_011/cod_011_004.png,grotesco,grotesco_cod_011,-1,test
data/processed/grotesco/cod_011/cod_011_002.png,grotesco,grotesco_cod_011,-1,test
data/processed/grotesco/cod_011/cod_011_008.png,grotesco,grotesco_cod_011,-1,test
data/processed/grotesco/cod_037/cod_037_005.png,grotesco,grotesco_cod_037,-1,test
data/processed/grotesco/cod_037/cod_037_012.png,grotesco,grotesco_cod_037,-1,test
data/processed/grotesco/cod_037/cod_037_001.png,grotesco,grotesco_cod_037,-1,test
data/processed/grotesco/cod_037/cod_037_004.png,grotesco,grotesco_cod_037,-1,test
data/processed/grotesco/cod_037/cod_037_008.png,grotesco,grotesco_cod_037,-1,test
data/processed/grotesco/cod_037/cod_037_006.png,grotesco,grotesco_cod_037,-1,test
data/processed/grotesco/cod_037/cod_037_000.png,grotesco,grotesco_cod_037,-1,test
data/processed/grotesco/cod_037/cod_037_007.png,grotesco,grotesco_cod_037,-1,test
data/processed/grotesco/cod_037/cod_037_010.png,grotesco,grotesco_cod_037,-1,test
data/processed/grotesco/cod_037/cod_037_002.png,grotesco,grotesco_cod_037,-1,test
data/processed/grotesco/cod_037/cod_037_009.png,grotesco,grotesco_cod_037,-1,test
data/processed/grotesco/cod_034/cod_034_002.png,grotesco,grotesco_cod_034,-1,test
data/processed/grotesco/cod_034/cod_034_006.png,grotesco,grotesco_cod_034,-1,test
data/processed/grotesco/cod_034/cod_034_003.png,grotesco,grotesco_cod_034,-1,test
data/processed/grotesco/cod_034/cod_034_000.png,grotesco,grotesco_cod_034,-1,test
data/processed/grotesco/cod_034/cod_034_008.png,grotesco,grotesco_cod_034,-1,test
data/processed/grotesco/cod_034/cod_034_009.png,grotesco,grotesco_cod_034,-1,test
data/processed/grotesco/cod_034/cod_034_007.png,grotesco,grotesco_cod_034,-1,test
data/processed/grotesco/cod_034/cod_034_001.png,grotesco,grotesco_cod_034,-1,test
data/processed/grotesco/cod_034/cod_034_004.png,grotesco,grotesco_cod_034,-1,test
data/processed/grotesco/cod_034/cod_034_005.png,grotesco,grotesco_cod_034,-1,test
data/processed/grotesco/cod_036/cod_036_007.png,grotesco,grotesco_cod_036,-1,test
data/processed/grotesco/cod_036/cod_036_002.png,grotesco,grotesco_cod_036,-1,test
data/processed/grotesco/cod_036/cod_036_001.png,grotesco,grotesco_cod_036,-1,test
data/processed/grotesco/cod_036/cod_036_003.png,grotesco,grotesco_cod_036,-1,test
data/processed/grotesco/cod_036/cod_036_013.png,grotesco,grotesco_cod_036,-1,test
data/processed/grotesco/cod_036/cod_036_015.png,grotesco,grotesco_cod_036,-1,test
data/processed/grotesco/cod_036/cod_036_014.png,grotesco,grotesco_cod_036,-1,test
data/processed/grotesco/cod_036/cod_036_000.png,grotesco,grotesco_cod_036,-1,test
data/processed/grotesco/cod_036/cod_036_010.png,grotesco,grotesco_cod_036,-1,test
data/processed/grotesco/cod_036/cod_036_012.png,grotesco,grotesco_cod_036,-1,test
data/processed/grotesco/cod_036/cod_036_008.png,grotesco,grotesco_cod_036,-1,test
data/processed/grotesco/cod_036/cod_036_011.png,grotesco,grotesco_cod_036,-1,test
data/processed/grotesco/cod_036/cod_036_006.png,grotesco,grotesco_cod_036,-1,test
data/processed/grotesco/cod_089/cod_089_004.png,grotesco,grotesco_cod_089,-1,test
data/processed/grotesco/cod_089/cod_089_012.png,grotesco,grotesco_cod_089,-1,test
data/processed/grotesco/cod_089/cod_089_000.png,grotesco,grotesco_cod_089,-1,test
data/processed/grotesco/cod_089/cod_089_005.png,grotesco,grotesco_cod_089,-1,test
data/processed/grotesco/cod_089/cod_089_007.png,grotesco,grotesco_cod_089,-1,test
data/processed/grotesco/cod_089/cod_089_003.png,grotesco,grotesco_cod_089,-1,test
data/processed/grotesco/cod_089/cod_089_002.png,grotesco,grotesco_cod_089,-1,test
data/processed/grotesco/cod_089/cod_089_008.png,grotesco,grotesco_cod_089,-1,test
data/processed/grotesco/cod_089/cod_089_001.png,grotesco,grotesco_cod_089,-1,test
data/processed/grotesco/cod_089/cod_089_011.png,grotesco,grotesco_cod_089,-1,test
data/processed/grotesco/cod_085/cod_085_019.png,grotesco,grotesco_cod_085,-1,test
data/processed/grotesco/cod_085/cod_085_012.png,grotesco,grotesco_cod_085,-1,test
data/processed/grotesco/cod_085/cod_085_018.png,grotesco,grotesco_cod_085,-1,test
data/processed/grotesco/cod_085/cod_085_004.png,grotesco,grotesco_cod_085,-1,test
data/processed/grotesco/cod_085/cod_085_016.png,grotesco,grotesco_cod_085,-1,test
data/processed/grotesco/cod_085/cod_085_005.png,grotesco,grotesco_cod_085,-1,test
data/processed/grotesco/cod_085/cod_085_003.png,grotesco,grotesco_cod_085,-1,test
data/processed/grotesco/cod_085/cod_085_006.png,grotesco,grotesco_cod_085,-1,test
data/processed/grotesco/cod_085/cod_085_011.png,grotesco,grotesco_cod_085,-1,test
data/processed/grotesco/cod_085/cod_085_002.png,grotesco,grotesco_cod_085,-1,test
data/processed/grotesco/cod_085/cod_085_010.png,grotesco,grotesco_cod_085,-1,test
data/processed/grotesco/cod_085/cod_085_001.png,grotesco,grotesco_cod_085,-1,test
data/processed/grotesco/cod_112/cod_112_003.png,grotesco,grotesco_cod_112,-1,test
data/processed/grotesco/cod_112/cod_112_010.png,grotesco,grotesco_cod_112,-1,test
data/processed/grotesco/cod_112/cod_112_006.png,grotesco,grotesco_cod_112,-1,test
data/processed/grotesco/cod_112/cod_112_008.png,grotesco,grotesco_cod_112,-1,test
data/processed/grotesco/cod_112/cod_112_004.png,grotesco,grotesco_cod_112,-1,test
data/processed/grotesco/cod_112/cod_112_013.png,grotesco,grotesco_cod_112,-1,test
data/processed/grotesco/cod_112/cod_112_005.png,grotesco,grotesco_cod_112,-1,test
data/processed/grotesco/cod_112/cod_112_012.png,grotesco,grotesco_cod_112,-1,test
data/processed/grotesco/cod_112/cod_112_011.png,grotesco,grotesco_cod_112,-1,test
data/processed/grotesco/cod_112/cod_112_000.png,grotesco,grotesco_cod_112,-1,test
data/processed/grotesco/cod_112/cod_112_001.png,grotesco,grotesco_cod_112,-1,test
data/processed/grotesco/cod_112/cod_112_007.png,grotesco,grotesco_cod_112,-1,test
data/processed/grotesco/cod_112/cod_112_002.png,grotesco,grotesco_cod_112,-1,test
data/processed/grotesco/cod_121/cod_121_015.png,grotesco,grotesco_cod_121,-1,test
data/processed/grotesco/cod_121/cod_121_011.png,grotesco,grotesco_cod_121,-1,test
data/processed/grotesco/cod_121/cod_121_019.png,grotesco,grotesco_cod_121,-1,test
data/processed/grotesco/cod_121/cod_121_009.png,grotesco,grotesco_cod_121,-1,test
data/processed/grotesco/cod_121/cod_121_010.png,grotesco,grotesco_cod_121,-1,test
data/processed/grotesco/cod_121/cod_121_007.png,grotesco,grotesco_cod_121,-1,test
data/processed/grotesco/cod_121/cod_121_018.png,grotesco,grotesco_cod_121,-1,test
data/processed/grotesco/cod_121/cod_121_014.png,grotesco,grotesco_cod_121,-1,test
data/processed/grotesco/cod_121/cod_121_013.png,grotesco,grotesco_cod_121,-1,test
data/processed/grotesco/cod_121/cod_121_008.png,grotesco,grotesco_cod_121,-1,test
data/processed/grotesco/cod_121/cod_121_016.png,grotesco,grotesco_cod_121,-1,test
data/processed/grotesco/cod_121/cod_121_006.png,grotesco,grotesco_cod_121,-1,test
data/processed/grotesco/cod_121/cod_121_017.png,grotesco,grotesco_cod_121,-1,test
data/processed/grotesco/cod_124/cod_124_003.png,grotesco,grotesco_cod_124,-1,test
data/processed/grotesco/cod_124/cod_124_010.png,grotesco,grotesco_cod_124,-1,test
data/processed/grotesco/cod_124/cod_124_012.png,grotesco,grotesco_cod_124,-1,test
data/processed/grotesco/cod_124/cod_124_000.png,grotesco,grotesco_cod_124,-1,test
data/processed/grotesco/cod_124/cod_124_005.png,grotesco,grotesco_cod_124,-1,test
data/processed/grotesco/cod_124/cod_124_007.png,grotesco,grotesco_cod_124,-1,test
data/processed/grotesco/cod_124/cod_124_008.png,grotesco,grotesco_cod_124,-1,test
data/processed/grotesco/cod_124/cod_124_006.png,grotesco,grotesco_cod_124,-1,test
data/processed/grotesco/cod_124/cod_124_001.png,grotesco,grotesco_cod_124,-1,test
data/processed/grotesco/cod_124/cod_124_004.png,grotesco,grotesco_cod_124,-1,test
data/processed/grotesco/cod_124/cod_124_002.png,grotesco,grotesco_cod_124,-1,test
data/processed/grotesco/cod_124/cod_124_011.png,grotesco,grotesco_cod_124,-1,test
data/processed/grotesco/cod_124/cod_124_009.png,grotesco,grotesco_cod_124,-1,test
data/processed/grotesco/cod_140/cod_140_009.png,grotesco,grotesco_cod_140,-1,test
data/processed/grotesco/cod_140/cod_140_011.png,grotesco,grotesco_cod_140,-1,test
data/processed/grotesco/cod_140/cod_140_004.png,grotesco,grotesco_cod_140,-1,test
data/processed/grotesco/cod_140/cod_140_010.png,grotesco,grotesco_cod_140,-1,test
data/processed/grotesco/cod_140/cod_140_007.png,grotesco,grotesco_cod_140,-1,test
data/processed/grotesco/cod_140/cod_140_005.png,grotesco,grotesco_cod_140,-1,test
data/processed/grotesco/cod_140/cod_140_003.png,grotesco,grotesco_cod_140,-1,test
data/processed/grotesco/cod_140/cod_140_006.png,grotesco,grotesco_cod_140,-1,test
data/processed/grotesco/cod_140/cod_140_002.png,grotesco,grotesco_cod_140,-1,test
data/processed/grotesco/cod_140/cod_140_000.png,grotesco,grotesco_cod_140,-1,test
data/processed/grotesco/cod_140/cod_140_008.png,grotesco,grotesco_cod_140,-1,test
data/processed/grotesco/cod_140/cod_140_001.png,grotesco,grotesco_cod_140,-1,test
data/processed/serifado/cod_017/cod_017_000.png,serifado,serifado_cod_017,-1,test
data/processed/serifado/cod_017/cod_017_015.png,serifado,serifado_cod_017,-1,test
data/processed/serifado/cod_017/cod_017_003.png,serifado,serifado_cod_017,-1,test
data/processed/serifado/cod_017/cod_017_005.png,serifado,serifado_cod_017,-1,test
data/processed/serifado/cod_017/cod_017_007.png,serifado,serifado_cod_017,-1,test
data/processed/serifado/cod_017/cod_017_012.png,serifado,serifado_cod_017,-1,test
data/processed/serifado/cod_038/cod_038_013.png,serifado,serifado_cod_038,-1,test
data/processed/serifado/cod_038/cod_038_008.png,serifado,serifado_cod_038,-1,test
data/processed/serifado/cod_038/cod_038_011.png,serifado,serifado_cod_038,-1,test
data/processed/serifado/cod_038/cod_038_004.png,serifado,serifado_cod_038,-1,test
data/processed/serifado/cod_038/cod_038_009.png,serifado,serifado_cod_038,-1,test
data/processed/serifado/cod_038/cod_038_001.png,serifado,serifado_cod_038,-1,test
data/processed/serifado/cod_038/cod_038_003.png,serifado,serifado_cod_038,-1,test
data/processed/serifado/cod_038/cod_038_006.png,serifado,serifado_cod_038,-1,test
data/processed/serifado/cod_038/cod_038_002.png,serifado,serifado_cod_038,-1,test
data/processed/serifado/cod_038/cod_038_012.png,serifado,serifado_cod_038,-1,test
data/processed/serifado/cod_038/cod_038_005.png,serifado,serifado_cod_038,-1,test
data/processed/serifado/cod_038/cod_038_007.png,serifado,serifado_cod_038,-1,test
data/processed/serifado/cod_038/cod_038_000.png,serifado,serifado_cod_038,-1,test
data/processed/serifado/cod_046/cod_046_005.png,serifado,serifado_cod_046,-1,test
data/processed/serifado/cod_046/cod_046_007.png,serifado,serifado_cod_046,-1,test
data/processed/serifado/cod_046/cod_046_000.png,serifado,serifado_cod_046,-1,test
data/processed/serifado/cod_046/cod_046_001.png,serifado,serifado_cod_046,-1,test
data/processed/serifado/cod_046/cod_046_002.png,serifado,serifado_cod_046,-1,test
data/processed/serifado/cod_046/cod_046_009.png,serifado,serifado_cod_046,-1,test
data/processed/serifado/cod_046/cod_046_011.png,serifado,serifado_cod_046,-1,test
data/processed/serifado/cod_046/cod_046_010.png,serifado,serifado_cod_046,-1,test
data/processed/serifado/cod_046/cod_046_004.png,serifado,serifado_cod_046,-1,test
data/processed/serifado/cod_046/cod_046_006.png,serifado,serifado_cod_046,-1,test
data/processed/serifado/cod_126/cod_126_000.png,serifado,serifado_cod_126,-1,test
data/processed/serifado/cod_126/cod_126_016.png,serifado,serifado_cod_126,-1,test
data/processed/serifado/cod_126/cod_126_014.png,serifado,serifado_cod_126,-1,test
data/processed/serifado/cod_126/cod_126_002.png,serifado,serifado_cod_126,-1,test
data/processed/serifado/cod_126/cod_126_009.png,serifado,serifado_cod_126,-1,test
data/processed/serifado/cod_126/cod_126_015.png,serifado,serifado_cod_126,-1,test
data/processed/serifado/cod_126/cod_126_001.png,serifado,serifado_cod_126,-1,test
data/processed/serifado/cod_126/cod_126_008.png,serifado,serifado_cod_126,-1,test
data/processed/serifado/cod_126/cod_126_006.png,serifado,serifado_cod_126,-1,test
data/processed/serifado/cod_129/cod_129_009.png,serifado,serifado_cod_129,-1,test
data/processed/serifado/cod_129/cod_129_002.png,serifado,serifado_cod_129,-1,test
data/processed/serifado/cod_129/cod_129_007.png,serifado,serifado_cod_129,-1,test
data/processed/serifado/cod_129/cod_129_011.png,serifado,serifado_cod_129,-1,test
data/processed/serifado/cod_129/cod_129_001.png,serifado,serifado_cod_129,-1,test
data/processed/serifado/cod_129/cod_129_008.png,serifado,serifado_cod_129,-1,test
data/processed/serifado/cod_129/cod_129_003.png,serifado,serifado_cod_129,-1,test
data/processed/serifado/cod_129/cod_129_004.png,serifado,serifado_cod_129,-1,test
data/processed/serifado/cod_129/cod_129_006.png,serifado,serifado_cod_129,-1,test
data/processed/serifado/cod_129/cod_129_010.png,serifado,serifado_cod_129,-1,test
data/processed/serifado/cod_129/cod_129_005.png,serifado,serifado_cod_129,-1,test
data/processed/serifado/cod_129/cod_129_000.png,serifado,serifado_cod_129,-1,test
data/processed/serifado/cod_131/cod_131_004.png,serifado,serifado_cod_131,-1,test
data/processed/serifado/cod_131/cod_131_006.png,serifado,serifado_cod_131,-1,test
data/processed/serifado/cod_131/cod_131_001.png,serifado,serifado_cod_131,-1,test
data/processed/serifado/cod_131/cod_131_013.png,serifado,serifado_cod_131,-1,test
data/processed/serifado/cod_131/cod_131_005.png,serifado,serifado_cod_131,-1,test
data/processed/serifado/cod_131/cod_131_003.png,serifado,serifado_cod_131,-1,test
data/processed/serifado/cod_131/cod_131_010.png,serifado,serifado_cod_131,-1,test
data/processed/serifado/cod_131/cod_131_008.png,serifado,serifado_cod_131,-1,test
data/processed/serifado/cod_131/cod_131_002.png,serifado,serifado_cod_131,-1,test
data/processed/serifado/cod_131/cod_131_011.png,serifado,serifado_cod_131,-1,test
data/processed/serifado/cod_131/cod_131_007.png,serifado,serifado_cod_131,-1,test
data/processed/serifado/cod_020/cod_020_004.png,serifado,serifado_cod_020,-1,test
data/processed/serifado/cod_020/cod_020_019.png,serifado,serifado_cod_020,-1,test
data/processed/serifado/cod_020/cod_020_000.png,serifado,serifado_cod_020,-1,test
data/processed/serifado/cod_020/cod_020_025.png,serifado,serifado_cod_020,-1,test
data/processed/serifado/cod_020/cod_020_001.png,serifado,serifado_cod_020,-1,test
data/processed/serifado/cod_020/cod_020_011.png,serifado,serifado_cod_020,-1,test
data/processed/serifado/cod_020/cod_020_016.png,serifado,serifado_cod_020,-1,test
data/processed/serifado/cod_020/cod_020_003.png,serifado,serifado_cod_020,-1,test
data/processed/serifado/cod_020/cod_020_024.png,serifado,serifado_cod_020,-1,test
data/processed/serifado/cod_020/cod_020_010.png,serifado,serifado_cod_020,-1,test
data/processed/serifado/cod_020/cod_020_002.png,serifado,serifado_cod_020,-1,test
data/processed/serifado/cod_020/cod_020_013.png,serifado,serifado_cod_020,-1,test
data/processed/escritural/cod_002/cod_002_002.png,escritural,escritural_cod_002,0,train
data/processed/escritural/cod_002/cod_002_008.png,escritural,escritural_cod_002,0,train
data/processed/escritural/cod_002/cod_002_005.png,escritural,escritural_cod_002,0,train
data/processed/escritural/cod_002/cod_002_007.png,escritural,escritural_cod_002,0,train
data/processed/escritural/cod_002/cod_002_010.png,escritural,escritural_cod_002,0,train
data/processed/escritural/cod_002/cod_002_004.png,escritural,escritural_cod_002,0,train
data/processed/escritural/cod_002/cod_002_003.png,escritural,escritural_cod_002,0,train
data/processed/escritural/cod_002/cod_002_001.png,escritural,escritural_cod_002,0,train
data/processed/escritural/cod_002/cod_002_012.png,escritural,escritural_cod_002,0,train
data/processed/escritural/cod_002/cod_002_000.png,escritural,escritural_cod_002,0,train
data/processed/escritural/cod_002/cod_002_009.png,escritural,escritural_cod_002,0,train
data/processed/escritural/cod_002/cod_002_006.png,escritural,escritural_cod_002,0,train
data/processed/escritural/cod_002/cod_002_011.png,escritural,escritural_cod_002,0,train
data/processed/escritural/cod_006/cod_006_049.png,escritural,escritural_cod_006,0,train
data/processed/escritural/cod_006/cod_006_045.png,escritural,escritural_cod_006,0,train
data/processed/escritural/cod_006/cod_006_000.png,escritural,escritural_cod_006,0,train
data/processed/escritural/cod_006/cod_006_004.png,escritural,escritural_cod_006,0,train
data/processed/escritural/cod_006/cod_006_048.png,escritural,escritural_cod_006,0,train
data/processed/escritural/cod_006/cod_006_052.png,escritural,escritural_cod_006,0,train
data/processed/escritural/cod_006/cod_006_051.png,escritural,escritural_cod_006,0,train
data/processed/escritural/cod_006/cod_006_020.png,escritural,escritural_cod_006,0,train
data/processed/escritural/cod_006/cod_006_021.png,escritural,escritural_cod_006,0,train
data/processed/escritural/cod_006/cod_006_003.png,escritural,escritural_cod_006,0,train
data/processed/escritural/cod_006/cod_006_046.png,escritural,escritural_cod_006,0,train
data/processed/escritural/cod_014/cod_014_007.png,escritural,escritural_cod_014,0,train
data/processed/escritural/cod_014/cod_014_006.png,escritural,escritural_cod_014,0,train
data/processed/escritural/cod_014/cod_014_017.png,escritural,escritural_cod_014,0,train
data/processed/escritural/cod_014/cod_014_016.png,escritural,escritural_cod_014,0,train
data/processed/escritural/cod_014/cod_014_009.png,escritural,escritural_cod_014,0,train
data/processed/escritural/cod_014/cod_014_044.png,escritural,escritural_cod_014,0,train
data/processed/escritural/cod_014/cod_014_028.png,escritural,escritural_cod_014,0,train
data/processed/escritural/cod_014/cod_014_033.png,escritural,escritural_cod_014,0,train
data/processed/escritural/cod_014/cod_014_031.png,escritural,escritural_cod_014,0,train
data/processed/escritural/cod_014/cod_014_015.png,escritural,escritural_cod_014,0,train
data/processed/escritural/cod_014/cod_014_043.png,escritural,escritural_cod_014,0,train
data/processed/escritural/cod_014/cod_014_032.png,escritural,escritural_cod_014,0,train
data/processed/escritural/cod_014/cod_014_042.png,escritural,escritural_cod_014,0,train
data/processed/escritural/cod_016/cod_016_058.png,escritural,escritural_cod_016,0,train
data/processed/escritural/cod_016/cod_016_079.png,escritural,escritural_cod_016,0,train
data/processed/escritural/cod_016/cod_016_084.png,escritural,escritural_cod_016,0,train
data/processed/escritural/cod_016/cod_016_083.png,escritural,escritural_cod_016,0,train
data/processed/escritural/cod_016/cod_016_057.png,escritural,escritural_cod_016,0,train
data/processed/escritural/cod_026/cod_026_027.png,escritural,escritural_cod_026,0,train
data/processed/escritural/cod_026/cod_026_004.png,escritural,escritural_cod_026,0,train
data/processed/escritural/cod_026/cod_026_002.png,escritural,escritural_cod_026,0,train
data/processed/escritural/cod_026/cod_026_042.png,escritural,escritural_cod_026,0,train
data/processed/escritural/cod_026/cod_026_005.png,escritural,escritural_cod_026,0,train
data/processed/escritural/cod_026/cod_026_036.png,escritural,escritural_cod_026,0,train
data/processed/escritural/cod_026/cod_026_030.png,escritural,escritural_cod_026,0,train
data/processed/escritural/cod_026/cod_026_001.png,escritural,escritural_cod_026,0,train
data/processed/escritural/cod_026/cod_026_012.png,escritural,escritural_cod_026,0,train
data/processed/escritural/cod_026/cod_026_034.png,escritural,escritural_cod_026,0,train
data/processed/escritural/cod_026/cod_026_041.png,escritural,escritural_cod_026,0,train
data/processed/escritural/cod_026/cod_026_043.png,escritural,escritural_cod_026,0,train
data/processed/escritural/cod_026/cod_026_011.png,escritural,escritural_cod_026,0,train
data/processed/escritural/cod_032/cod_032_007.png,escritural,escritural_cod_032,0,train
data/processed/escritural/cod_032/cod_032_003.png,escritural,escritural_cod_032,0,train
data/processed/escritural/cod_032/cod_032_001.png,escritural,escritural_cod_032,0,train
data/processed/escritural/cod_032/cod_032_009.png,escritural,escritural_cod_032,0,train
data/processed/escritural/cod_032/cod_032_000.png,escritural,escritural_cod_032,0,train
data/processed/escritural/cod_032/cod_032_010.png,escritural,escritural_cod_032,0,train
data/processed/escritural/cod_032/cod_032_008.png,escritural,escritural_cod_032,0,train
data/processed/escritural/cod_032/cod_032_006.png,escritural,escritural_cod_032,0,train
data/processed/escritural/cod_032/cod_032_005.png,escritural,escritural_cod_032,0,train
data/processed/escritural/cod_032/cod_032_012.png,escritural,escritural_cod_032,0,train
data/processed/escritural/cod_032/cod_032_004.png,escritural,escritural_cod_032,0,train
data/processed/escritural/cod_032/cod_032_002.png,escritural,escritural_cod_032,0,train
data/processed/escritural/cod_043/cod_043_016.png,escritural,escritural_cod_043,0,train
data/processed/escritural/cod_043/cod_043_015.png,escritural,escritural_cod_043,0,train
data/processed/escritural/cod_043/cod_043_013.png,escritural,escritural_cod_043,0,train
data/processed/escritural/cod_043/cod_043_006.png,escritural,escritural_cod_043,0,train
data/processed/escritural/cod_043/cod_043_005.png,escritural,escritural_cod_043,0,train
data/processed/escritural/cod_043/cod_043_002.png,escritural,escritural_cod_043,0,train
data/processed/escritural/cod_043/cod_043_011.png,escritural,escritural_cod_043,0,train
data/processed/escritural/cod_043/cod_043_001.png,escritural,escritural_cod_043,0,train
data/processed/escritural/cod_043/cod_043_009.png,escritural,escritural_cod_043,0,train
data/processed/escritural/cod_043/cod_043_007.png,escritural,escritural_cod_043,0,train
data/processed/escritural/cod_043/cod_043_000.png,escritural,escritural_cod_043,0,train
data/processed/escritural/cod_043/cod_043_014.png,escritural,escritural_cod_043,0,train
data/processed/escritural/cod_057/cod_057_008.png,escritural,escritural_cod_057,0,train
data/processed/escritural/cod_057/cod_057_024.png,escritural,escritural_cod_057,0,train
data/processed/escritural/cod_057/cod_057_004.png,escritural,escritural_cod_057,0,train
data/processed/escritural/cod_057/cod_057_026.png,escritural,escritural_cod_057,0,train
data/processed/escritural/cod_057/cod_057_015.png,escritural,escritural_cod_057,0,train
data/processed/escritural/cod_057/cod_057_017.png,escritural,escritural_cod_057,0,train
data/processed/escritural/cod_057/cod_057_023.png,escritural,escritural_cod_057,0,train
data/processed/escritural/cod_057/cod_057_018.png,escritural,escritural_cod_057,0,train
data/processed/escritural/cod_057/cod_057_020.png,escritural,escritural_cod_057,0,train
data/processed/escritural/cod_057/cod_057_022.png,escritural,escritural_cod_057,0,train
data/processed/escritural/cod_057/cod_057_006.png,escritural,escritural_cod_057,0,train
data/processed/escritural/cod_061/cod_061_003.png,escritural,escritural_cod_061,0,train
data/processed/escritural/cod_061/cod_061_009.png,escritural,escritural_cod_061,0,train
data/processed/escritural/cod_061/cod_061_008.png,escritural,escritural_cod_061,0,train
data/processed/escritural/cod_061/cod_061_001.png,escritural,escritural_cod_061,0,train
data/processed/escritural/cod_061/cod_061_012.png,escritural,escritural_cod_061,0,train
data/processed/escritural/cod_061/cod_061_013.png,escritural,escritural_cod_061,0,train
data/processed/escritural/cod_061/cod_061_014.png,escritural,escritural_cod_061,0,train
data/processed/escritural/cod_061/cod_061_011.png,escritural,escritural_cod_061,0,train
data/processed/escritural/cod_061/cod_061_002.png,escritural,escritural_cod_061,0,train
data/processed/escritural/cod_061/cod_061_005.png,escritural,escritural_cod_061,0,train
data/processed/escritural/cod_061/cod_061_000.png,escritural,escritural_cod_061,0,train
data/processed/escritural/cod_062/cod_062_005.png,escritural,escritural_cod_062,0,train
data/processed/escritural/cod_062/cod_062_007.png,escritural,escritural_cod_062,0,train
data/processed/escritural/cod_062/cod_062_001.png,escritural,escritural_cod_062,0,train
data/processed/escritural/cod_062/cod_062_011.png,escritural,escritural_cod_062,0,train
data/processed/escritural/cod_062/cod_062_012.png,escritural,escritural_cod_062,0,train
data/processed/escritural/cod_062/cod_062_008.png,escritural,escritural_cod_062,0,train
data/processed/escritural/cod_062/cod_062_002.png,escritural,escritural_cod_062,0,train
data/processed/escritural/cod_062/cod_062_000.png,escritural,escritural_cod_062,0,train
data/processed/escritural/cod_062/cod_062_009.png,escritural,escritural_cod_062,0,train
data/processed/escritural/cod_062/cod_062_004.png,escritural,escritural_cod_062,0,train
data/processed/escritural/cod_062/cod_062_013.png,escritural,escritural_cod_062,0,train
data/processed/escritural/cod_062/cod_062_006.png,escritural,escritural_cod_062,0,train
data/processed/escritural/cod_068/cod_068_024.png,escritural,escritural_cod_068,0,train
data/processed/escritural/cod_068/cod_068_020.png,escritural,escritural_cod_068,0,train
data/processed/escritural/cod_068/cod_068_023.png,escritural,escritural_cod_068,0,train
data/processed/escritural/cod_068/cod_068_009.png,escritural,escritural_cod_068,0,train
data/processed/escritural/cod_068/cod_068_022.png,escritural,escritural_cod_068,0,train
data/processed/escritural/cod_068/cod_068_017.png,escritural,escritural_cod_068,0,train
data/processed/escritural/cod_068/cod_068_008.png,escritural,escritural_cod_068,0,train
data/processed/escritural/cod_068/cod_068_010.png,escritural,escritural_cod_068,0,train
data/processed/escritural/cod_068/cod_068_004.png,escritural,escritural_cod_068,0,train
data/processed/escritural/cod_068/cod_068_003.png,escritural,escritural_cod_068,0,train
data/processed/escritural/cod_068/cod_068_002.png,escritural,escritural_cod_068,0,train
data/processed/escritural/cod_066/cod_066_004.png,escritural,escritural_cod_066,0,train
data/processed/escritural/cod_066/cod_066_006.png,escritural,escritural_cod_066,0,train
data/processed/escritural/cod_066/cod_066_011.png,escritural,escritural_cod_066,0,train
data/processed/escritural/cod_066/cod_066_013.png,escritural,escritural_cod_066,0,train
data/processed/escritural/cod_066/cod_066_017.png,escritural,escritural_cod_066,0,train
data/processed/escritural/cod_066/cod_066_015.png,escritural,escritural_cod_066,0,train
data/processed/escritural/cod_066/cod_066_005.png,escritural,escritural_cod_066,0,train
data/processed/escritural/cod_066/cod_066_018.png,escritural,escritural_cod_066,0,train
data/processed/escritural/cod_066/cod_066_002.png,escritural,escritural_cod_066,0,train
data/processed/escritural/cod_066/cod_066_012.png,escritural,escritural_cod_066,0,train
data/processed/escritural/cod_066/cod_066_014.png,escritural,escritural_cod_066,0,train
data/processed/escritural/cod_069/cod_069_003.png,escritural,escritural_cod_069,0,train
data/processed/escritural/cod_069/cod_069_009.png,escritural,escritural_cod_069,0,train
data/processed/escritural/cod_069/cod_069_008.png,escritural,escritural_cod_069,0,train
data/processed/escritural/cod_069/cod_069_002.png,escritural,escritural_cod_069,0,train
data/processed/escritural/cod_069/cod_069_014.png,escritural,escritural_cod_069,0,train
data/processed/escritural/cod_069/cod_069_017.png,escritural,escritural_cod_069,0,train
data/processed/escritural/cod_069/cod_069_004.png,escritural,escritural_cod_069,0,train
data/processed/escritural/cod_069/cod_069_019.png,escritural,escritural_cod_069,0,train
data/processed/escritural/cod_067/cod_067_009.png,escritural,escritural_cod_067,0,train
data/processed/escritural/cod_067/cod_067_017.png,escritural,escritural_cod_067,0,train
data/processed/escritural/cod_067/cod_067_002.png,escritural,escritural_cod_067,0,train
data/processed/escritural/cod_067/cod_067_007.png,escritural,escritural_cod_067,0,train
data/processed/escritural/cod_067/cod_067_021.png,escritural,escritural_cod_067,0,train
data/processed/escritural/cod_067/cod_067_018.png,escritural,escritural_cod_067,0,train
data/processed/escritural/cod_067/cod_067_020.png,escritural,escritural_cod_067,0,train
data/processed/escritural/cod_067/cod_067_015.png,escritural,escritural_cod_067,0,train
data/processed/escritural/cod_067/cod_067_001.png,escritural,escritural_cod_067,0,train
data/processed/escritural/cod_067/cod_067_008.png,escritural,escritural_cod_067,0,train
data/processed/escritural/cod_067/cod_067_000.png,escritural,escritural_cod_067,0,train
data/processed/escritural/cod_067/cod_067_016.png,escritural,escritural_cod_067,0,train
data/processed/escritural/cod_073/cod_073_021.png,escritural,escritural_cod_073,0,train
data/processed/escritural/cod_073/cod_073_006.png,escritural,escritural_cod_073,0,train
data/processed/escritural/cod_073/cod_073_029.png,escritural,escritural_cod_073,0,train
data/processed/escritural/cod_073/cod_073_022.png,escritural,escritural_cod_073,0,train
data/processed/escritural/cod_073/cod_073_020.png,escritural,escritural_cod_073,0,train
data/processed/escritural/cod_073/cod_073_027.png,escritural,escritural_cod_073,0,train
data/processed/escritural/cod_073/cod_073_000.png,escritural,escritural_cod_073,0,train
data/processed/escritural/cod_073/cod_073_019.png,escritural,escritural_cod_073,0,train
data/processed/escritural/cod_073/cod_073_002.png,escritural,escritural_cod_073,0,train
data/processed/escritural/cod_073/cod_073_001.png,escritural,escritural_cod_073,0,train
data/processed/escritural/cod_073/cod_073_028.png,escritural,escritural_cod_073,0,train
data/processed/escritural/cod_072/cod_072_003.png,escritural,escritural_cod_072,0,train
data/processed/escritural/cod_072/cod_072_012.png,escritural,escritural_cod_072,0,train
data/processed/escritural/cod_072/cod_072_010.png,escritural,escritural_cod_072,0,train
data/processed/escritural/cod_072/cod_072_004.png,escritural,escritural_cod_072,0,train
data/processed/escritural/cod_072/cod_072_007.png,escritural,escritural_cod_072,0,train
data/processed/escritural/cod_072/cod_072_009.png,escritural,escritural_cod_072,0,train
data/processed/escritural/cod_072/cod_072_008.png,escritural,escritural_cod_072,0,train
data/processed/escritural/cod_072/cod_072_001.png,escritural,escritural_cod_072,0,train
data/processed/escritural/cod_072/cod_072_005.png,escritural,escritural_cod_072,0,train
data/processed/escritural/cod_072/cod_072_002.png,escritural,escritural_cod_072,0,train
data/processed/escritural/cod_072/cod_072_006.png,escritural,escritural_cod_072,0,train
data/processed/escritural/cod_072/cod_072_013.png,escritural,escritural_cod_072,0,train
data/processed/escritural/cod_072/cod_072_014.png,escritural,escritural_cod_072,0,train
data/processed/escritural/cod_076/cod_076_009.png,escritural,escritural_cod_076,0,train
data/processed/escritural/cod_076/cod_076_001.png,escritural,escritural_cod_076,0,train
data/processed/escritural/cod_076/cod_076_002.png,escritural,escritural_cod_076,0,train
data/processed/escritural/cod_076/cod_076_003.png,escritural,escritural_cod_076,0,train
data/processed/escritural/cod_076/cod_076_008.png,escritural,escritural_cod_076,0,train
data/processed/escritural/cod_076/cod_076_023.png,escritural,escritural_cod_076,0,train
data/processed/escritural/cod_076/cod_076_005.png,escritural,escritural_cod_076,0,train
data/processed/escritural/cod_082/cod_082_005.png,escritural,escritural_cod_082,0,train
data/processed/escritural/cod_082/cod_082_002.png,escritural,escritural_cod_082,0,train
data/processed/escritural/cod_082/cod_082_008.png,escritural,escritural_cod_082,0,train
data/processed/escritural/cod_082/cod_082_004.png,escritural,escritural_cod_082,0,train
data/processed/escritural/cod_082/cod_082_007.png,escritural,escritural_cod_082,0,train
data/processed/escritural/cod_082/cod_082_003.png,escritural,escritural_cod_082,0,train
data/processed/escritural/cod_083/cod_083_020.png,escritural,escritural_cod_083,0,train
data/processed/escritural/cod_083/cod_083_002.png,escritural,escritural_cod_083,0,train
data/processed/escritural/cod_083/cod_083_016.png,escritural,escritural_cod_083,0,train
data/processed/escritural/cod_083/cod_083_022.png,escritural,escritural_cod_083,0,train
data/processed/escritural/cod_083/cod_083_003.png,escritural,escritural_cod_083,0,train
data/processed/escritural/cod_083/cod_083_023.png,escritural,escritural_cod_083,0,train
data/processed/escritural/cod_083/cod_083_017.png,escritural,escritural_cod_083,0,train
data/processed/escritural/cod_083/cod_083_010.png,escritural,escritural_cod_083,0,train
data/processed/escritural/cod_083/cod_083_014.png,escritural,escritural_cod_083,0,train
data/processed/escritural/cod_083/cod_083_004.png,escritural,escritural_cod_083,0,train
data/processed/escritural/cod_083/cod_083_011.png,escritural,escritural_cod_083,0,train
data/processed/escritural/cod_083/cod_083_009.png,escritural,escritural_cod_083,0,train
data/processed/escritural/cod_102/cod_102_000.png,escritural,escritural_cod_102,0,train
data/processed/escritural/cod_102/cod_102_020.png,escritural,escritural_cod_102,0,train
data/processed/escritural/cod_102/cod_102_003.png,escritural,escritural_cod_102,0,train
data/processed/escritural/cod_102/cod_102_002.png,escritural,escritural_cod_102,0,train
data/processed/escritural/cod_102/cod_102_017.png,escritural,escritural_cod_102,0,train
data/processed/escritural/cod_102/cod_102_001.png,escritural,escritural_cod_102,0,train
data/processed/escritural/cod_102/cod_102_008.png,escritural,escritural_cod_102,0,train
data/processed/escritural/cod_081/cod_081_018.png,escritural,escritural_cod_081,0,train
data/processed/escritural/cod_081/cod_081_000.png,escritural,escritural_cod_081,0,train
data/processed/escritural/cod_081/cod_081_002.png,escritural,escritural_cod_081,0,train
data/processed/escritural/cod_081/cod_081_011.png,escritural,escritural_cod_081,0,train
data/processed/escritural/cod_081/cod_081_014.png,escritural,escritural_cod_081,0,train
data/processed/escritural/cod_081/cod_081_020.png,escritural,escritural_cod_081,0,train
data/processed/escritural/cod_081/cod_081_019.png,escritural,escritural_cod_081,0,train
data/processed/escritural/cod_081/cod_081_006.png,escritural,escritural_cod_081,0,train
data/processed/escritural/cod_081/cod_081_007.png,escritural,escritural_cod_081,0,train
data/processed/escritural/cod_081/cod_081_001.png,escritural,escritural_cod_081,0,train
data/processed/escritural/cod_081/cod_081_013.png,escritural,escritural_cod_081,0,train
data/processed/escritural/cod_081/cod_081_008.png,escritural,escritural_cod_081,0,train
data/processed/escritural/cod_081/cod_081_009.png,escritural,escritural_cod_081,0,train
data/processed/escritural/cod_099/cod_099_001.png,escritural,escritural_cod_099,0,train
data/processed/escritural/cod_099/cod_099_008.png,escritural,escritural_cod_099,0,train
data/processed/escritural/cod_099/cod_099_013.png,escritural,escritural_cod_099,0,train
data/processed/escritural/cod_099/cod_099_005.png,escritural,escritural_cod_099,0,train
data/processed/escritural/cod_099/cod_099_004.png,escritural,escritural_cod_099,0,train
data/processed/escritural/cod_099/cod_099_012.png,escritural,escritural_cod_099,0,train
data/processed/escritural/cod_099/cod_099_003.png,escritural,escritural_cod_099,0,train
data/processed/escritural/cod_099/cod_099_000.png,escritural,escritural_cod_099,0,train
data/processed/escritural/cod_099/cod_099_010.png,escritural,escritural_cod_099,0,train
data/processed/escritural/cod_099/cod_099_009.png,escritural,escritural_cod_099,0,train
data/processed/escritural/cod_099/cod_099_002.png,escritural,escritural_cod_099,0,train
data/processed/escritural/cod_107/cod_107_003.png,escritural,escritural_cod_107,0,train
data/processed/escritural/cod_107/cod_107_012.png,escritural,escritural_cod_107,0,train
data/processed/escritural/cod_107/cod_107_001.png,escritural,escritural_cod_107,0,train
data/processed/escritural/cod_107/cod_107_002.png,escritural,escritural_cod_107,0,train
data/processed/escritural/cod_107/cod_107_007.png,escritural,escritural_cod_107,0,train
data/processed/escritural/cod_107/cod_107_022.png,escritural,escritural_cod_107,0,train
data/processed/escritural/cod_107/cod_107_014.png,escritural,escritural_cod_107,0,train
data/processed/escritural/cod_107/cod_107_020.png,escritural,escritural_cod_107,0,train
data/processed/escritural/cod_107/cod_107_004.png,escritural,escritural_cod_107,0,train
data/processed/escritural/cod_107/cod_107_005.png,escritural,escritural_cod_107,0,train
data/processed/escritural/cod_107/cod_107_023.png,escritural,escritural_cod_107,0,train
data/processed/escritural/cod_110/cod_110_008.png,escritural,escritural_cod_110,0,train
data/processed/escritural/cod_110/cod_110_004.png,escritural,escritural_cod_110,0,train
data/processed/escritural/cod_110/cod_110_003.png,escritural,escritural_cod_110,0,train
data/processed/escritural/cod_110/cod_110_010.png,escritural,escritural_cod_110,0,train
data/processed/escritural/cod_110/cod_110_002.png,escritural,escritural_cod_110,0,train
data/processed/escritural/cod_110/cod_110_000.png,escritural,escritural_cod_110,0,train
data/processed/escritural/cod_110/cod_110_001.png,escritural,escritural_cod_110,0,train
data/processed/escritural/cod_110/cod_110_009.png,escritural,escritural_cod_110,0,train
data/processed/escritural/cod_110/cod_110_006.png,escritural,escritural_cod_110,0,train
data/processed/escritural/cod_110/cod_110_007.png,escritural,escritural_cod_110,0,train
data/processed/escritural/cod_110/cod_110_005.png,escritural,escritural_cod_110,0,train
data/processed/escritural/cod_080/cod_080_001.png,escritural,escritural_cod_080,0,train
data/processed/escritural/cod_080/cod_080_002.png,escritural,escritural_cod_080,0,train
data/processed/escritural/cod_080/cod_080_000.png,escritural,escritural_cod_080,0,train
data/processed/escritural/cod_080/cod_080_012.png,escritural,escritural_cod_080,0,train
data/processed/escritural/cod_080/cod_080_013.png,escritural,escritural_cod_080,0,train
data/processed/escritural/cod_080/cod_080_008.png,escritural,escritural_cod_080,0,train
data/processed/escritural/cod_080/cod_080_014.png,escritural,escritural_cod_080,0,train
data/processed/escritural/cod_080/cod_080_006.png,escritural,escritural_cod_080,0,train
data/processed/escritural/cod_080/cod_080_010.png,escritural,escritural_cod_080,0,train
data/processed/escritural/cod_080/cod_080_009.png,escritural,escritural_cod_080,0,train
data/processed/escritural/cod_080/cod_080_011.png,escritural,escritural_cod_080,0,train
data/processed/escritural/cod_080/cod_080_004.png,escritural,escritural_cod_080,0,train
data/processed/escritural/cod_080/cod_080_005.png,escritural,escritural_cod_080,0,train
data/processed/escritural/cod_127/cod_127_002.png,escritural,escritural_cod_127,0,train
data/processed/escritural/cod_127/cod_127_004.png,escritural,escritural_cod_127,0,train
data/processed/escritural/cod_127/cod_127_000.png,escritural,escritural_cod_127,0,train
data/processed/escritural/cod_127/cod_127_003.png,escritural,escritural_cod_127,0,train
data/processed/escritural/cod_127/cod_127_006.png,escritural,escritural_cod_127,0,train
data/processed/escritural/cod_137/cod_137_002.png,escritural,escritural_cod_137,0,train
data/processed/escritural/cod_137/cod_137_003.png,escritural,escritural_cod_137,0,train
data/processed/escritural/cod_137/cod_137_005.png,escritural,escritural_cod_137,0,train
data/processed/escritural/cod_137/cod_137_011.png,escritural,escritural_cod_137,0,train
data/processed/escritural/cod_137/cod_137_009.png,escritural,escritural_cod_137,0,train
data/processed/escritural/cod_137/cod_137_007.png,escritural,escritural_cod_137,0,train
data/processed/escritural/cod_137/cod_137_004.png,escritural,escritural_cod_137,0,train
data/processed/escritural/cod_137/cod_137_000.png,escritural,escritural_cod_137,0,train
data/processed/escritural/cod_137/cod_137_001.png,escritural,escritural_cod_137,0,train
data/processed/escritural/cod_160/cod_160_010.png,escritural,escritural_cod_160,0,train
data/processed/escritural/cod_160/cod_160_004.png,escritural,escritural_cod_160,0,train
data/processed/escritural/cod_160/cod_160_011.png,escritural,escritural_cod_160,0,train
data/processed/escritural/cod_160/cod_160_005.png,escritural,escritural_cod_160,0,train
data/processed/escritural/cod_160/cod_160_001.png,escritural,escritural_cod_160,0,train
data/processed/escritural/cod_160/cod_160_012.png,escritural,escritural_cod_160,0,train
data/processed/escritural/cod_160/cod_160_007.png,escritural,escritural_cod_160,0,train
data/processed/grotesco/cod_004/cod_004_002.png,grotesco,grotesco_cod_004,0,train
data/processed/grotesco/cod_004/cod_004_000.png,grotesco,grotesco_cod_004,0,train
data/processed/grotesco/cod_004/cod_004_006.png,grotesco,grotesco_cod_004,0,train
data/processed/grotesco/cod_004/cod_004_004.png,grotesco,grotesco_cod_004,0,train
data/processed/grotesco/cod_004/cod_004_010.png,grotesco,grotesco_cod_004,0,train
data/processed/grotesco/cod_004/cod_004_008.png,grotesco,grotesco_cod_004,0,train
data/processed/grotesco/cod_004/cod_004_013.png,grotesco,grotesco_cod_004,0,train
data/processed/grotesco/cod_004/cod_004_011.png,grotesco,grotesco_cod_004,0,train
data/processed/grotesco/cod_004/cod_004_001.png,grotesco,grotesco_cod_004,0,train
data/processed/grotesco/cod_004/cod_004_003.png,grotesco,grotesco_cod_004,0,train
data/processed/grotesco/cod_004/cod_004_005.png,grotesco,grotesco_cod_004,0,train
data/processed/grotesco/cod_004/cod_004_012.png,grotesco,grotesco_cod_004,0,train
data/processed/grotesco/cod_004/cod_004_007.png,grotesco,grotesco_cod_004,0,train
data/processed/grotesco/cod_003/cod_003_000.png,grotesco,grotesco_cod_003,0,train
data/processed/grotesco/cod_003/cod_003_001.png,grotesco,grotesco_cod_003,0,train
data/processed/grotesco/cod_003/cod_003_007.png,grotesco,grotesco_cod_003,0,train
data/processed/grotesco/cod_003/cod_003_008.png,grotesco,grotesco_cod_003,0,train
data/processed/grotesco/cod_003/cod_003_006.png,grotesco,grotesco_cod_003,0,train
data/processed/grotesco/cod_003/cod_003_012.png,grotesco,grotesco_cod_003,0,train
data/processed/grotesco/cod_003/cod_003_011.png,grotesco,grotesco_cod_003,0,train
data/processed/grotesco/cod_003/cod_003_003.png,grotesco,grotesco_cod_003,0,train
data/processed/grotesco/cod_003/cod_003_002.png,grotesco,grotesco_cod_003,0,train
data/processed/grotesco/cod_003/cod_003_004.png,grotesco,grotesco_cod_003,0,train
data/processed/grotesco/cod_003/cod_003_010.png,grotesco,grotesco_cod_003,0,train
data/processed/grotesco/cod_003/cod_003_005.png,grotesco,grotesco_cod_003,0,train
data/processed/grotesco/cod_003/cod_003_009.png,grotesco,grotesco_cod_003,0,train
data/processed/grotesco/cod_005/cod_005_008.png,grotesco,grotesco_cod_005,0,train
data/processed/grotesco/cod_005/cod_005_001.png,grotesco,grotesco_cod_005,0,train
data/processed/grotesco/cod_005/cod_005_002.png,grotesco,grotesco_cod_005,0,train
data/processed/grotesco/cod_005/cod_005_004.png,grotesco,grotesco_cod_005,0,train
data/processed/grotesco/cod_005/cod_005_010.png,grotesco,grotesco_cod_005,0,train
data/processed/grotesco/cod_005/cod_005_006.png,grotesco,grotesco_cod_005,0,train
data/processed/grotesco/cod_005/cod_005_009.png,grotesco,grotesco_cod_005,0,train
data/processed/grotesco/cod_005/cod_005_000.png,grotesco,grotesco_cod_005,0,train
data/processed/grotesco/cod_005/cod_005_011.png,grotesco,grotesco_cod_005,0,train
data/processed/grotesco/cod_005/cod_005_005.png,grotesco,grotesco_cod_005,0,train
data/processed/grotesco/cod_005/cod_005_012.png,grotesco,grotesco_cod_005,0,train
data/processed/grotesco/cod_022/cod_022_007.png,grotesco,grotesco_cod_022,0,train
data/processed/grotesco/cod_022/cod_022_002.png,grotesco,grotesco_cod_022,0,train
data/processed/grotesco/cod_022/cod_022_011.png,grotesco,grotesco_cod_022,0,train
data/processed/grotesco/cod_022/cod_022_012.png,grotesco,grotesco_cod_022,0,train
data/processed/grotesco/cod_022/cod_022_001.png,grotesco,grotesco_cod_022,0,train
data/processed/grotesco/cod_022/cod_022_003.png,grotesco,grotesco_cod_022,0,train
data/processed/grotesco/cod_022/cod_022_010.png,grotesco,grotesco_cod_022,0,train
data/processed/grotesco/cod_022/cod_022_008.png,grotesco,grotesco_cod_022,0,train
data/processed/grotesco/cod_022/cod_022_000.png,grotesco,grotesco_cod_022,0,train
data/processed/grotesco/cod_031/cod_031_013.png,grotesco,grotesco_cod_031,0,train
data/processed/grotesco/cod_031/cod_031_011.png,grotesco,grotesco_cod_031,0,train
data/processed/grotesco/cod_031/cod_031_009.png,grotesco,grotesco_cod_031,0,train
data/processed/grotesco/cod_031/cod_031_012.png,grotesco,grotesco_cod_031,0,train
data/processed/grotesco/cod_031/cod_031_002.png,grotesco,grotesco_cod_031,0,train
data/processed/grotesco/cod_031/cod_031_008.png,grotesco,grotesco_cod_031,0,train
data/processed/grotesco/cod_031/cod_031_003.png,grotesco,grotesco_cod_031,0,train
data/processed/grotesco/cod_031/cod_031_005.png,grotesco,grotesco_cod_031,0,train
data/processed/grotesco/cod_031/cod_031_006.png,grotesco,grotesco_cod_031,0,train
data/processed/grotesco/cod_031/cod_031_004.png,grotesco,grotesco_cod_031,0,train
data/processed/grotesco/cod_031/cod_031_001.png,grotesco,grotesco_cod_031,0,train
data/processed/grotesco/cod_031/cod_031_000.png,grotesco,grotesco_cod_031,0,train
data/processed/grotesco/cod_031/cod_031_007.png,grotesco,grotesco_cod_031,0,train
data/processed/grotesco/cod_031/cod_031_010.png,grotesco,grotesco_cod_031,0,train
data/processed/grotesco/cod_035/cod_035_005.png,grotesco,grotesco_cod_035,0,train
data/processed/grotesco/cod_035/cod_035_012.png,grotesco,grotesco_cod_035,0,train
data/processed/grotesco/cod_035/cod_035_002.png,grotesco,grotesco_cod_035,0,train
data/processed/grotesco/cod_035/cod_035_000.png,grotesco,grotesco_cod_035,0,train
data/processed/grotesco/cod_035/cod_035_011.png,grotesco,grotesco_cod_035,0,train
data/processed/grotesco/cod_035/cod_035_003.png,grotesco,grotesco_cod_035,0,train
data/processed/grotesco/cod_035/cod_035_001.png,grotesco,grotesco_cod_035,0,train
data/processed/grotesco/cod_035/cod_035_009.png,grotesco,grotesco_cod_035,0,train
data/processed/grotesco/cod_035/cod_035_008.png,grotesco,grotesco_cod_035,0,train
data/processed/grotesco/cod_035/cod_035_007.png,grotesco,grotesco_cod_035,0,train
data/processed/grotesco/cod_035/cod_035_004.png,grotesco,grotesco_cod_035,0,train
data/processed/grotesco/cod_035/cod_035_006.png,grotesco,grotesco_cod_035,0,train
data/processed/grotesco/cod_035/cod_035_013.png,grotesco,grotesco_cod_035,0,train
data/processed/grotesco/cod_040/cod_040_013.png,grotesco,grotesco_cod_040,0,train
data/processed/grotesco/cod_040/cod_040_003.png,grotesco,grotesco_cod_040,0,train
data/processed/grotesco/cod_040/cod_040_004.png,grotesco,grotesco_cod_040,0,train
data/processed/grotesco/cod_040/cod_040_012.png,grotesco,grotesco_cod_040,0,train
data/processed/grotesco/cod_040/cod_040_001.png,grotesco,grotesco_cod_040,0,train
data/processed/grotesco/cod_040/cod_040_005.png,grotesco,grotesco_cod_040,0,train
data/processed/grotesco/cod_040/cod_040_007.png,grotesco,grotesco_cod_040,0,train
data/processed/grotesco/cod_040/cod_040_008.png,grotesco,grotesco_cod_040,0,train
data/processed/grotesco/cod_040/cod_040_011.png,grotesco,grotesco_cod_040,0,train
data/processed/grotesco/cod_040/cod_040_009.png,grotesco,grotesco_cod_040,0,train
data/processed/grotesco/cod_040/cod_040_014.png,grotesco,grotesco_cod_040,0,train
data/processed/grotesco/cod_041/cod_041_002.png,grotesco,grotesco_cod_041,0,train
data/processed/grotesco/cod_041/cod_041_007.png,grotesco,grotesco_cod_041,0,train
data/processed/grotesco/cod_041/cod_041_009.png,grotesco,grotesco_cod_041,0,train
data/processed/grotesco/cod_041/cod_041_005.png,grotesco,grotesco_cod_041,0,train
data/processed/grotesco/cod_041/cod_041_011.png,grotesco,grotesco_cod_041,0,train
data/processed/grotesco/cod_041/cod_041_008.png,grotesco,grotesco_cod_041,0,train
data/processed/grotesco/cod_041/cod_041_006.png,grotesco,grotesco_cod_041,0,train
data/processed/grotesco/cod_041/cod_041_001.png,grotesco,grotesco_cod_041,0,train
data/processed/grotesco/cod_041/cod_041_003.png,grotesco,grotesco_cod_041,0,train
data/processed/grotesco/cod_041/cod_041_004.png,grotesco,grotesco_cod_041,0,train
data/processed/grotesco/cod_041/cod_041_010.png,grotesco,grotesco_cod_041,0,train
data/processed/grotesco/cod_041/cod_041_000.png,grotesco,grotesco_cod_041,0,train
data/processed/grotesco/cod_042/cod_042_002.png,grotesco,grotesco_cod_042,0,train
data/processed/grotesco/cod_042/cod_042_000.png,grotesco,grotesco_cod_042,0,train
data/processed/grotesco/cod_042/cod_042_006.png,grotesco,grotesco_cod_042,0,train
data/processed/grotesco/cod_042/cod_042_009.png,grotesco,grotesco_cod_042,0,train
data/processed/grotesco/cod_042/cod_042_001.png,grotesco,grotesco_cod_042,0,train
data/processed/grotesco/cod_042/cod_042_004.png,grotesco,grotesco_cod_042,0,train
data/processed/grotesco/cod_042/cod_042_008.png,grotesco,grotesco_cod_042,0,train
data/processed/grotesco/cod_052/cod_052_007.png,grotesco,grotesco_cod_052,0,train
data/processed/grotesco/cod_052/cod_052_005.png,grotesco,grotesco_cod_052,0,train
data/processed/grotesco/cod_052/cod_052_001.png,grotesco,grotesco_cod_052,0,train
data/processed/grotesco/cod_052/cod_052_009.png,grotesco,grotesco_cod_052,0,train
data/processed/grotesco/cod_052/cod_052_004.png,grotesco,grotesco_cod_052,0,train
data/processed/grotesco/cod_052/cod_052_000.png,grotesco,grotesco_cod_052,0,train
data/processed/grotesco/cod_052/cod_052_002.png,grotesco,grotesco_cod_052,0,train
data/processed/grotesco/cod_052/cod_052_006.png,grotesco,grotesco_cod_052,0,train
data/processed/grotesco/cod_052/cod_052_003.png,grotesco,grotesco_cod_052,0,train
data/processed/grotesco/cod_052/cod_052_008.png,grotesco,grotesco_cod_052,0,train
data/processed/grotesco/cod_056/cod_056_001.png,grotesco,grotesco_cod_056,0,train
data/processed/grotesco/cod_056/cod_056_018.png,grotesco,grotesco_cod_056,0,train
data/processed/grotesco/cod_056/cod_056_015.png,grotesco,grotesco_cod_056,0,train
data/processed/grotesco/cod_056/cod_056_011.png,grotesco,grotesco_cod_056,0,train
data/processed/grotesco/cod_056/cod_056_016.png,grotesco,grotesco_cod_056,0,train
data/processed/grotesco/cod_056/cod_056_019.png,grotesco,grotesco_cod_056,0,train
data/processed/grotesco/cod_056/cod_056_010.png,grotesco,grotesco_cod_056,0,train
data/processed/grotesco/cod_056/cod_056_014.png,grotesco,grotesco_cod_056,0,train
data/processed/grotesco/cod_056/cod_056_002.png,grotesco,grotesco_cod_056,0,train
data/processed/grotesco/cod_056/cod_056_017.png,grotesco,grotesco_cod_056,0,train
data/processed/grotesco/cod_056/cod_056_012.png,grotesco,grotesco_cod_056,0,train
data/processed/grotesco/cod_056/cod_056_003.png,grotesco,grotesco_cod_056,0,train
data/processed/grotesco/cod_064/cod_064_008.png,grotesco,grotesco_cod_064,0,train
data/processed/grotesco/cod_064/cod_064_006.png,grotesco,grotesco_cod_064,0,train
data/processed/grotesco/cod_064/cod_064_012.png,grotesco,grotesco_cod_064,0,train
data/processed/grotesco/cod_064/cod_064_009.png,grotesco,grotesco_cod_064,0,train
data/processed/grotesco/cod_064/cod_064_011.png,grotesco,grotesco_cod_064,0,train
data/processed/grotesco/cod_064/cod_064_007.png,grotesco,grotesco_cod_064,0,train
data/processed/grotesco/cod_064/cod_064_010.png,grotesco,grotesco_cod_064,0,train
data/processed/grotesco/cod_064/cod_064_004.png,grotesco,grotesco_cod_064,0,train
data/processed/grotesco/cod_055/cod_055_012.png,grotesco,grotesco_cod_055,0,train
data/processed/grotesco/cod_055/cod_055_000.png,grotesco,grotesco_cod_055,0,train
data/processed/grotesco/cod_055/cod_055_011.png,grotesco,grotesco_cod_055,0,train
data/processed/grotesco/cod_055/cod_055_001.png,grotesco,grotesco_cod_055,0,train
data/processed/grotesco/cod_055/cod_055_013.png,grotesco,grotesco_cod_055,0,train
data/processed/grotesco/cod_055/cod_055_004.png,grotesco,grotesco_cod_055,0,train
data/processed/grotesco/cod_055/cod_055_002.png,grotesco,grotesco_cod_055,0,train
data/processed/grotesco/cod_055/cod_055_009.png,grotesco,grotesco_cod_055,0,train
data/processed/grotesco/cod_055/cod_055_007.png,grotesco,grotesco_cod_055,0,train
data/processed/grotesco/cod_055/cod_055_005.png,grotesco,grotesco_cod_055,0,train
data/processed/grotesco/cod_055/cod_055_003.png,grotesco,grotesco_cod_055,0,train
data/processed/grotesco/cod_055/cod_055_006.png,grotesco,grotesco_cod_055,0,train
data/processed/grotesco/cod_055/cod_055_008.png,grotesco,grotesco_cod_055,0,train
data/processed/grotesco/cod_088/cod_088_004.png,grotesco,grotesco_cod_088,0,train
data/processed/grotesco/cod_088/cod_088_011.png,grotesco,grotesco_cod_088,0,train
data/processed/grotesco/cod_088/cod_088_006.png,grotesco,grotesco_cod_088,0,train
data/processed/grotesco/cod_088/cod_088_010.png,grotesco,grotesco_cod_088,0,train
data/processed/grotesco/cod_088/cod_088_005.png,grotesco,grotesco_cod_088,0,train
data/processed/grotesco/cod_088/cod_088_012.png,grotesco,grotesco_cod_088,0,train
data/processed/grotesco/cod_088/cod_088_000.png,grotesco,grotesco_cod_088,0,train
data/processed/grotesco/cod_088/cod_088_002.png,grotesco,grotesco_cod_088,0,train
data/processed/grotesco/cod_088/cod_088_008.png,grotesco,grotesco_cod_088,0,train
data/processed/grotesco/cod_088/cod_088_001.png,grotesco,grotesco_cod_088,0,train
data/processed/grotesco/cod_088/cod_088_007.png,grotesco,grotesco_cod_088,0,train
data/processed/grotesco/cod_088/cod_088_003.png,grotesco,grotesco_cod_088,0,train
data/processed/grotesco/cod_088/cod_088_009.png,grotesco,grotesco_cod_088,0,train
data/processed/grotesco/cod_093/cod_093_013.png,grotesco,grotesco_cod_093,0,train
data/processed/grotesco/cod_093/cod_093_009.png,grotesco,grotesco_cod_093,0,train
data/processed/grotesco/cod_093/cod_093_006.png,grotesco,grotesco_cod_093,0,train
data/processed/grotesco/cod_093/cod_093_015.png,grotesco,grotesco_cod_093,0,train
data/processed/grotesco/cod_093/cod_093_008.png,grotesco,grotesco_cod_093,0,train
data/processed/grotesco/cod_093/cod_093_000.png,grotesco,grotesco_cod_093,0,train
data/processed/grotesco/cod_093/cod_093_001.png,grotesco,grotesco_cod_093,0,train
data/processed/grotesco/cod_093/cod_093_004.png,grotesco,grotesco_cod_093,0,train
data/processed/grotesco/cod_093/cod_093_003.png,grotesco,grotesco_cod_093,0,train
data/processed/grotesco/cod_093/cod_093_007.png,grotesco,grotesco_cod_093,0,train
data/processed/grotesco/cod_093/cod_093_012.png,grotesco,grotesco_cod_093,0,train
data/processed/grotesco/cod_094/cod_094_008.png,grotesco,grotesco_cod_094,0,train
data/processed/grotesco/cod_094/cod_094_007.png,grotesco,grotesco_cod_094,0,train
data/processed/grotesco/cod_094/cod_094_001.png,grotesco,grotesco_cod_094,0,train
data/processed/grotesco/cod_094/cod_094_002.png,grotesco,grotesco_cod_094,0,train
data/processed/grotesco/cod_094/cod_094_004.png,grotesco,grotesco_cod_094,0,train
data/processed/grotesco/cod_094/cod_094_003.png,grotesco,grotesco_cod_094,0,train
data/processed/grotesco/cod_094/cod_094_006.png,grotesco,grotesco_cod_094,0,train
data/processed/grotesco/cod_097/cod_097_003.png,grotesco,grotesco_cod_097,0,train
data/processed/grotesco/cod_097/cod_097_007.png,grotesco,grotesco_cod_097,0,train
data/processed/grotesco/cod_097/cod_097_005.png,grotesco,grotesco_cod_097,0,train
data/processed/grotesco/cod_097/cod_097_001.png,grotesco,grotesco_cod_097,0,train
data/processed/grotesco/cod_097/cod_097_000.png,grotesco,grotesco_cod_097,0,train
data/processed/grotesco/cod_097/cod_097_010.png,grotesco,grotesco_cod_097,0,train
data/processed/grotesco/cod_097/cod_097_008.png,grotesco,grotesco_cod_097,0,train
data/processed/grotesco/cod_097/cod_097_009.png,grotesco,grotesco_cod_097,0,train
data/processed/grotesco/cod_096/cod_096_010.png,grotesco,grotesco_cod_096,0,train
data/processed/grotesco/cod_096/cod_096_007.png,grotesco,grotesco_cod_096,0,train
data/processed/grotesco/cod_096/cod_096_005.png,grotesco,grotesco_cod_096,0,train
data/processed/grotesco/cod_096/cod_096_003.png,grotesco,grotesco_cod_096,0,train
data/processed/grotesco/cod_096/cod_096_011.png,grotesco,grotesco_cod_096,0,train
data/processed/grotesco/cod_096/cod_096_004.png,grotesco,grotesco_cod_096,0,train
data/processed/grotesco/cod_096/cod_096_002.png,grotesco,grotesco_cod_096,0,train
data/processed/grotesco/cod_096/cod_096_012.png,grotesco,grotesco_cod_096,0,train
data/processed/grotesco/cod_096/cod_096_009.png,grotesco,grotesco_cod_096,0,train
data/processed/grotesco/cod_096/cod_096_006.png,grotesco,grotesco_cod_096,0,train
data/processed/grotesco/cod_096/cod_096_000.png,grotesco,grotesco_cod_096,0,train
data/processed/grotesco/cod_098/cod_098_003.png,grotesco,grotesco_cod_098,0,train
data/processed/grotesco/cod_098/cod_098_005.png,grotesco,grotesco_cod_098,0,train
data/processed/grotesco/cod_098/cod_098_001.png,grotesco,grotesco_cod_098,0,train
data/processed/grotesco/cod_098/cod_098_007.png,grotesco,grotesco_cod_098,0,train
data/processed/grotesco/cod_098/cod_098_012.png,grotesco,grotesco_cod_098,0,train
data/processed/grotesco/cod_098/cod_098_000.png,grotesco,grotesco_cod_098,0,train
data/processed/grotesco/cod_098/cod_098_006.png,grotesco,grotesco_cod_098,0,train
data/processed/grotesco/cod_098/cod_098_004.png,grotesco,grotesco_cod_098,0,train
data/processed/grotesco/cod_098/cod_098_002.png,grotesco,grotesco_cod_098,0,train
data/processed/grotesco/cod_098/cod_098_011.png,grotesco,grotesco_cod_098,0,train
data/processed/grotesco/cod_098/cod_098_008.png,grotesco,grotesco_cod_098,0,train
data/processed/grotesco/cod_098/cod_098_010.png,grotesco,grotesco_cod_098,0,train
data/processed/grotesco/cod_091/cod_091_005.png,grotesco,grotesco_cod_091,0,train
data/processed/grotesco/cod_091/cod_091_006.png,grotesco,grotesco_cod_091,0,train
data/processed/grotesco/cod_091/cod_091_003.png,grotesco,grotesco_cod_091,0,train
data/processed/grotesco/cod_091/cod_091_015.png,grotesco,grotesco_cod_091,0,train
data/processed/grotesco/cod_091/cod_091_001.png,grotesco,grotesco_cod_091,0,train
data/processed/grotesco/cod_091/cod_091_000.png,grotesco,grotesco_cod_091,0,train
data/processed/grotesco/cod_091/cod_091_008.png,grotesco,grotesco_cod_091,0,train
data/processed/grotesco/cod_091/cod_091_002.png,grotesco,grotesco_cod_091,0,train
data/processed/grotesco/cod_091/cod_091_007.png,grotesco,grotesco_cod_091,0,train
data/processed/grotesco/cod_091/cod_091_011.png,grotesco,grotesco_cod_091,0,train
data/processed/grotesco/cod_091/cod_091_004.png,grotesco,grotesco_cod_091,0,train
data/processed/grotesco/cod_091/cod_091_017.png,grotesco,grotesco_cod_091,0,train
data/processed/grotesco/cod_101/cod_101_009.png,grotesco,grotesco_cod_101,0,train
data/processed/grotesco/cod_101/cod_101_010.png,grotesco,grotesco_cod_101,0,train
data/processed/grotesco/cod_101/cod_101_001.png,grotesco,grotesco_cod_101,0,train
data/processed/grotesco/cod_101/cod_101_004.png,grotesco,grotesco_cod_101,0,train
data/processed/grotesco/cod_101/cod_101_008.png,grotesco,grotesco_cod_101,0,train
data/processed/grotesco/cod_101/cod_101_006.png,grotesco,grotesco_cod_101,0,train
data/processed/grotesco/cod_101/cod_101_002.png,grotesco,grotesco_cod_101,0,train
data/processed/grotesco/cod_101/cod_101_013.png,grotesco,grotesco_cod_101,0,train
data/processed/grotesco/cod_101/cod_101_007.png,grotesco,grotesco_cod_101,0,train
data/processed/grotesco/cod_101/cod_101_012.png,grotesco,grotesco_cod_101,0,train
data/processed/grotesco/cod_101/cod_101_005.png,grotesco,grotesco_cod_101,0,train
data/processed/grotesco/cod_101/cod_101_011.png,grotesco,grotesco_cod_101,0,train
data/processed/grotesco/cod_101/cod_101_003.png,grotesco,grotesco_cod_101,0,train
data/processed/grotesco/cod_100/cod_100_003.png,grotesco,grotesco_cod_100,0,train
data/processed/grotesco/cod_100/cod_100_009.png,grotesco,grotesco_cod_100,0,train
data/processed/grotesco/cod_100/cod_100_008.png,grotesco,grotesco_cod_100,0,train
data/processed/grotesco/cod_100/cod_100_006.png,grotesco,grotesco_cod_100,0,train
data/processed/grotesco/cod_100/cod_100_013.png,grotesco,grotesco_cod_100,0,train
data/processed/grotesco/cod_100/cod_100_012.png,grotesco,grotesco_cod_100,0,train
data/processed/grotesco/cod_100/cod_100_002.png,grotesco,grotesco_cod_100,0,train
data/processed/grotesco/cod_100/cod_100_007.png,grotesco,grotesco_cod_100,0,train
data/processed/grotesco/cod_100/cod_100_004.png,grotesco,grotesco_cod_100,0,train
data/processed/grotesco/cod_100/cod_100_001.png,grotesco,grotesco_cod_100,0,train
data/processed/grotesco/cod_100/cod_100_005.png,grotesco,grotesco_cod_100,0,train
data/processed/grotesco/cod_100/cod_100_011.png,grotesco,grotesco_cod_100,0,train
data/processed/grotesco/cod_100/cod_100_010.png,grotesco,grotesco_cod_100,0,train
data/processed/grotesco/cod_092/cod_092_008.png,grotesco,grotesco_cod_092,0,train
data/processed/grotesco/cod_092/cod_092_003.png,grotesco,grotesco_cod_092,0,train
data/processed/grotesco/cod_092/cod_092_011.png,grotesco,grotesco_cod_092,0,train
data/processed/grotesco/cod_092/cod_092_001.png,grotesco,grotesco_cod_092,0,train
data/processed/grotesco/cod_092/cod_092_009.png,grotesco,grotesco_cod_092,0,train
data/processed/grotesco/cod_092/cod_092_004.png,grotesco,grotesco_cod_092,0,train
data/processed/grotesco/cod_092/cod_092_000.png,grotesco,grotesco_cod_092,0,train
data/processed/grotesco/cod_092/cod_092_002.png,grotesco,grotesco_cod_092,0,train
data/processed/grotesco/cod_092/cod_092_007.png,grotesco,grotesco_cod_092,0,train
data/processed/grotesco/cod_092/cod_092_006.png,grotesco,grotesco_cod_092,0,train
data/processed/grotesco/cod_092/cod_092_010.png,grotesco,grotesco_cod_092,0,train
data/processed/grotesco/cod_109/cod_109_009.png,grotesco,grotesco_cod_109,0,train
data/processed/grotesco/cod_109/cod_109_008.png,grotesco,grotesco_cod_109,0,train
data/processed/grotesco/cod_109/cod_109_011.png,grotesco,grotesco_cod_109,0,train
data/processed/grotesco/cod_109/cod_109_012.png,grotesco,grotesco_cod_109,0,train
data/processed/grotesco/cod_109/cod_109_006.png,grotesco,grotesco_cod_109,0,train
data/processed/grotesco/cod_109/cod_109_002.png,grotesco,grotesco_cod_109,0,train
data/processed/grotesco/cod_109/cod_109_007.png,grotesco,grotesco_cod_109,0,train
data/processed/grotesco/cod_109/cod_109_010.png,grotesco,grotesco_cod_109,0,train
data/processed/grotesco/cod_109/cod_109_005.png,grotesco,grotesco_cod_109,0,train
data/processed/grotesco/cod_109/cod_109_001.png,grotesco,grotesco_cod_109,0,train
data/processed/grotesco/cod_109/cod_109_004.png,grotesco,grotesco_cod_109,0,train
data/processed/grotesco/cod_109/cod_109_000.png,grotesco,grotesco_cod_109,0,train
data/processed/grotesco/cod_109/cod_109_003.png,grotesco,grotesco_cod_109,0,train
data/processed/grotesco/cod_103/cod_103_002.png,grotesco,grotesco_cod_103,0,train
data/processed/grotesco/cod_103/cod_103_006.png,grotesco,grotesco_cod_103,0,train
data/processed/grotesco/cod_103/cod_103_001.png,grotesco,grotesco_cod_103,0,train
data/processed/grotesco/cod_103/cod_103_012.png,grotesco,grotesco_cod_103,0,train
data/processed/grotesco/cod_103/cod_103_007.png,grotesco,grotesco_cod_103,0,train
data/processed/grotesco/cod_103/cod_103_003.png,grotesco,grotesco_cod_103,0,train
data/processed/grotesco/cod_103/cod_103_009.png,grotesco,grotesco_cod_103,0,train
data/processed/grotesco/cod_103/cod_103_010.png,grotesco,grotesco_cod_103,0,train
data/processed/grotesco/cod_103/cod_103_008.png,grotesco,grotesco_cod_103,0,train
data/processed/grotesco/cod_103/cod_103_011.png,grotesco,grotesco_cod_103,0,train
data/processed/grotesco/cod_103/cod_103_004.png,grotesco,grotesco_cod_103,0,train
data/processed/grotesco/cod_103/cod_103_005.png,grotesco,grotesco_cod_103,0,train
data/processed/grotesco/cod_103/cod_103_000.png,grotesco,grotesco_cod_103,0,train
data/processed/grotesco/cod_120/cod_120_000.png,grotesco,grotesco_cod_120,0,train
data/processed/grotesco/cod_120/cod_120_004.png,grotesco,grotesco_cod_120,0,train
data/processed/grotesco/cod_120/cod_120_002.png,grotesco,grotesco_cod_120,0,train
data/processed/grotesco/cod_120/cod_120_006.png,grotesco,grotesco_cod_120,0,train
data/processed/grotesco/cod_120/cod_120_001.png,grotesco,grotesco_cod_120,0,train
data/processed/grotesco/cod_120/cod_120_003.png,grotesco,grotesco_cod_120,0,train
data/processed/grotesco/cod_120/cod_120_005.png,grotesco,grotesco_cod_120,0,train
data/processed/grotesco/cod_120/cod_120_007.png,grotesco,grotesco_cod_120,0,train
data/processed/grotesco/cod_125/cod_125_007.png,grotesco,grotesco_cod_125,0,train
data/processed/grotesco/cod_125/cod_125_014.png,grotesco,grotesco_cod_125,0,train
data/processed/grotesco/cod_125/cod_125_009.png,grotesco,grotesco_cod_125,0,train
data/processed/grotesco/cod_125/cod_125_004.png,grotesco,grotesco_cod_125,0,train
data/processed/grotesco/cod_125/cod_125_012.png,grotesco,grotesco_cod_125,0,train
data/processed/grotesco/cod_125/cod_125_000.png,grotesco,grotesco_cod_125,0,train
data/processed/grotesco/cod_125/cod_125_002.png,grotesco,grotesco_cod_125,0,train
data/processed/grotesco/cod_125/cod_125_005.png,grotesco,grotesco_cod_125,0,train
data/processed/grotesco/cod_125/cod_125_015.png,grotesco,grotesco_cod_125,0,train
data/processed/grotesco/cod_125/cod_125_008.png,grotesco,grotesco_cod_125,0,train
data/processed/grotesco/cod_125/cod_125_003.png,grotesco,grotesco_cod_125,0,train
data/processed/grotesco/cod_125/cod_125_001.png,grotesco,grotesco_cod_125,0,train
data/processed/grotesco/cod_125/cod_125_016.png,grotesco,grotesco_cod_125,0,train
data/processed/grotesco/cod_142/cod_142_001.png,grotesco,grotesco_cod_142,0,train
data/processed/grotesco/cod_142/cod_142_003.png,grotesco,grotesco_cod_142,0,train
data/processed/grotesco/cod_116/cod_116_013.png,grotesco,grotesco_cod_116,0,train
data/processed/grotesco/cod_116/cod_116_012.png,grotesco,grotesco_cod_116,0,train
data/processed/grotesco/cod_116/cod_116_003.png,grotesco,grotesco_cod_116,0,train
data/processed/grotesco/cod_116/cod_116_001.png,grotesco,grotesco_cod_116,0,train
data/processed/grotesco/cod_116/cod_116_002.png,grotesco,grotesco_cod_116,0,train
data/processed/grotesco/cod_116/cod_116_011.png,grotesco,grotesco_cod_116,0,train
data/processed/grotesco/cod_116/cod_116_010.png,grotesco,grotesco_cod_116,0,train
data/processed/grotesco/cod_116/cod_116_007.png,grotesco,grotesco_cod_116,0,train
data/processed/grotesco/cod_116/cod_116_009.png,grotesco,grotesco_cod_116,0,train
data/processed/grotesco/cod_116/cod_116_006.png,grotesco,grotesco_cod_116,0,train
data/processed/grotesco/cod_116/cod_116_008.png,grotesco,grotesco_cod_116,0,train
data/processed/grotesco/cod_116/cod_116_005.png,grotesco,grotesco_cod_116,0,train
data/processed/grotesco/cod_141/cod_141_005.png,grotesco,grotesco_cod_141,0,train
data/processed/grotesco/cod_141/cod_141_001.png,grotesco,grotesco_cod_141,0,train
data/processed/grotesco/cod_141/cod_141_007.png,grotesco,grotesco_cod_141,0,train
data/processed/grotesco/cod_141/cod_141_004.png,grotesco,grotesco_cod_141,0,train
data/processed/grotesco/cod_141/cod_141_002.png,grotesco,grotesco_cod_141,0,train
data/processed/grotesco/cod_141/cod_141_010.png,grotesco,grotesco_cod_141,0,train
data/processed/grotesco/cod_141/cod_141_006.png,grotesco,grotesco_cod_141,0,train
data/processed/grotesco/cod_141/cod_141_008.png,grotesco,grotesco_cod_141,0,train
data/processed/grotesco/cod_141/cod_141_000.png,grotesco,grotesco_cod_141,0,train
data/processed/grotesco/cod_141/cod_141_009.png,grotesco,grotesco_cod_141,0,train
data/processed/grotesco/cod_104/cod_104_003.png,grotesco,grotesco_cod_104,0,train
data/processed/grotesco/cod_104/cod_104_010.png,grotesco,grotesco_cod_104,0,train
data/processed/grotesco/cod_104/cod_104_001.png,grotesco,grotesco_cod_104,0,train
data/processed/grotesco/cod_104/cod_104_006.png,grotesco,grotesco_cod_104,0,train
data/processed/grotesco/cod_104/cod_104_011.png,grotesco,grotesco_cod_104,0,train
data/processed/grotesco/cod_104/cod_104_012.png,grotesco,grotesco_cod_104,0,train
data/processed/grotesco/cod_104/cod_104_008.png,grotesco,grotesco_cod_104,0,train
data/processed/grotesco/cod_104/cod_104_005.png,grotesco,grotesco_cod_104,0,train
data/processed/grotesco/cod_104/cod_104_007.png,grotesco,grotesco_cod_104,0,train
data/processed/grotesco/cod_104/cod_104_002.png,grotesco,grotesco_cod_104,0,train
data/processed/grotesco/cod_104/cod_104_004.png,grotesco,grotesco_cod_104,0,train
data/processed/grotesco/cod_104/cod_104_009.png,grotesco,grotesco_cod_104,0,train
data/processed/grotesco/cod_104/cod_104_000.png,grotesco,grotesco_cod_104,0,train
data/processed/grotesco/cod_133/cod_133_004.png,grotesco,grotesco_cod_133,0,train
data/processed/grotesco/cod_133/cod_133_002.png,grotesco,grotesco_cod_133,0,train
data/processed/grotesco/cod_133/cod_133_006.png,grotesco,grotesco_cod_133,0,train
data/processed/grotesco/cod_133/cod_133_011.png,grotesco,grotesco_cod_133,0,train
data/processed/grotesco/cod_133/cod_133_012.png,grotesco,grotesco_cod_133,0,train
data/processed/grotesco/cod_133/cod_133_001.png,grotesco,grotesco_cod_133,0,train
data/processed/grotesco/cod_133/cod_133_007.png,grotesco,grotesco_cod_133,0,train
data/processed/grotesco/cod_133/cod_133_003.png,grotesco,grotesco_cod_133,0,train
data/processed/grotesco/cod_133/cod_133_000.png,grotesco,grotesco_cod_133,0,train
data/processed/grotesco/cod_133/cod_133_005.png,grotesco,grotesco_cod_133,0,train
data/processed/grotesco/cod_133/cod_133_009.png,grotesco,grotesco_cod_133,0,train
data/processed/grotesco/cod_133/cod_133_010.png,grotesco,grotesco_cod_133,0,train
data/processed/grotesco/cod_133/cod_133_008.png,grotesco,grotesco_cod_133,0,train
data/processed/grotesco/cod_144/cod_144_009.png,grotesco,grotesco_cod_144,0,train
data/processed/grotesco/cod_144/cod_144_010.png,grotesco,grotesco_cod_144,0,train
data/processed/grotesco/cod_144/cod_144_006.png,grotesco,grotesco_cod_144,0,train
data/processed/grotesco/cod_144/cod_144_004.png,grotesco,grotesco_cod_144,0,train
data/processed/grotesco/cod_144/cod_144_005.png,grotesco,grotesco_cod_144,0,train
data/processed/grotesco/cod_144/cod_144_000.png,grotesco,grotesco_cod_144,0,train
data/processed/grotesco/cod_144/cod_144_012.png,grotesco,grotesco_cod_144,0,train
data/processed/grotesco/cod_144/cod_144_001.png,grotesco,grotesco_cod_144,0,train
data/processed/grotesco/cod_144/cod_144_011.png,grotesco,grotesco_cod_144,0,train
data/processed/grotesco/cod_143/cod_143_005.png,grotesco,grotesco_cod_143,0,train
data/processed/grotesco/cod_143/cod_143_001.png,grotesco,grotesco_cod_143,0,train
data/processed/grotesco/cod_143/cod_143_003.png,grotesco,grotesco_cod_143,0,train
data/processed/grotesco/cod_143/cod_143_009.png,grotesco,grotesco_cod_143,0,train
data/processed/grotesco/cod_143/cod_143_006.png,grotesco,grotesco_cod_143,0,train
data/processed/grotesco/cod_143/cod_143_010.png,grotesco,grotesco_cod_143,0,train
data/processed/grotesco/cod_143/cod_143_007.png,grotesco,grotesco_cod_143,0,train
data/processed/grotesco/cod_143/cod_143_004.png,grotesco,grotesco_cod_143,0,train
data/processed/grotesco/cod_143/cod_143_002.png,grotesco,grotesco_cod_143,0,train
data/processed/grotesco/cod_146/cod_146_004.png,grotesco,grotesco_cod_146,0,train
data/processed/grotesco/cod_146/cod_146_001.png,grotesco,grotesco_cod_146,0,train
data/processed/grotesco/cod_146/cod_146_002.png,grotesco,grotesco_cod_146,0,train
data/processed/grotesco/cod_146/cod_146_009.png,grotesco,grotesco_cod_146,0,train
data/processed/grotesco/cod_146/cod_146_008.png,grotesco,grotesco_cod_146,0,train
data/processed/grotesco/cod_146/cod_146_010.png,grotesco,grotesco_cod_146,0,train
data/processed/grotesco/cod_146/cod_146_000.png,grotesco,grotesco_cod_146,0,train
data/processed/grotesco/cod_146/cod_146_007.png,grotesco,grotesco_cod_146,0,train
data/processed/grotesco/cod_148/cod_148_004.png,grotesco,grotesco_cod_148,0,train
data/processed/grotesco/cod_148/cod_148_003.png,grotesco,grotesco_cod_148,0,train
data/processed/grotesco/cod_148/cod_148_006.png,grotesco,grotesco_cod_148,0,train
data/processed/grotesco/cod_155/cod_155_001.png,grotesco,grotesco_cod_155,0,train
data/processed/grotesco/cod_155/cod_155_004.png,grotesco,grotesco_cod_155,0,train
data/processed/grotesco/cod_155/cod_155_007.png,grotesco,grotesco_cod_155,0,train
data/processed/grotesco/cod_155/cod_155_006.png,grotesco,grotesco_cod_155,0,train
data/processed/grotesco/cod_155/cod_155_005.png,grotesco,grotesco_cod_155,0,train
data/processed/grotesco/cod_155/cod_155_009.png,grotesco,grotesco_cod_155,0,train
data/processed/grotesco/cod_155/cod_155_000.png,grotesco,grotesco_cod_155,0,train
data/processed/grotesco/cod_159/cod_159_007.png,grotesco,grotesco_cod_159,0,train
data/processed/grotesco/cod_159/cod_159_009.png,grotesco,grotesco_cod_159,0,train
data/processed/grotesco/cod_159/cod_159_010.png,grotesco,grotesco_cod_159,0,train
data/processed/grotesco/cod_159/cod_159_011.png,grotesco,grotesco_cod_159,0,train
data/processed/grotesco/cod_159/cod_159_005.png,grotesco,grotesco_cod_159,0,train
data/processed/grotesco/cod_159/cod_159_003.png,grotesco,grotesco_cod_159,0,train
data/processed/grotesco/cod_159/cod_159_001.png,grotesco,grotesco_cod_159,0,train
data/processed/grotesco/cod_159/cod_159_004.png,grotesco,grotesco_cod_159,0,train
data/processed/grotesco/cod_159/cod_159_008.png,grotesco,grotesco_cod_159,0,train
data/processed/grotesco/cod_159/cod_159_006.png,grotesco,grotesco_cod_159,0,train
data/processed/grotesco/cod_156/cod_156_004.png,grotesco,grotesco_cod_156,0,train
data/processed/grotesco/cod_156/cod_156_011.png,grotesco,grotesco_cod_156,0,train
data/processed/grotesco/cod_156/cod_156_012.png,grotesco,grotesco_cod_156,0,train
data/processed/grotesco/cod_156/cod_156_001.png,grotesco,grotesco_cod_156,0,train
data/processed/grotesco/cod_156/cod_156_008.png,grotesco,grotesco_cod_156,0,train
data/processed/grotesco/cod_156/cod_156_013.png,grotesco,grotesco_cod_156,0,train
data/processed/grotesco/cod_156/cod_156_006.png,grotesco,grotesco_cod_156,0,train
data/processed/grotesco/cod_156/cod_156_009.png,grotesco,grotesco_cod_156,0,train
data/processed/grotesco/cod_156/cod_156_007.png,grotesco,grotesco_cod_156,0,train
data/processed/grotesco/cod_156/cod_156_002.png,grotesco,grotesco_cod_156,0,train
data/processed/grotesco/cod_156/cod_156_000.png,grotesco,grotesco_cod_156,0,train
data/processed/grotesco/cod_156/cod_156_003.png,grotesco,grotesco_cod_156,0,train
data/processed/grotesco/cod_156/cod_156_005.png,grotesco,grotesco_cod_156,0,train
data/processed/grotesco/cod_150/cod_150_002.png,grotesco,grotesco_cod_150,0,train
data/processed/grotesco/cod_150/cod_150_005.png,grotesco,grotesco_cod_150,0,train
data/processed/grotesco/cod_150/cod_150_006.png,grotesco,grotesco_cod_150,0,train
data/processed/grotesco/cod_150/cod_150_003.png,grotesco,grotesco_cod_150,0,train
data/processed/grotesco/cod_150/cod_150_004.png,grotesco,grotesco_cod_150,0,train
data/processed/grotesco/cod_150/cod_150_008.png,grotesco,grotesco_cod_150,0,train
data/processed/fantasia/cod_030/cod_030_012.png,fantasia,fantasia_cod_030,0,train
data/processed/fantasia/cod_030/cod_030_008.png,fantasia,fantasia_cod_030,0,train
data/processed/fantasia/cod_030/cod_030_009.png,fantasia,fantasia_cod_030,0,train
data/processed/fantasia/cod_030/cod_030_010.png,fantasia,fantasia_cod_030,0,train
data/processed/fantasia/cod_030/cod_030_017.png,fantasia,fantasia_cod_030,0,train
data/processed/fantasia/cod_030/cod_030_016.png,fantasia,fantasia_cod_030,0,train
data/processed/fantasia/cod_030/cod_030_007.png,fantasia,fantasia_cod_030,0,train
data/processed/fantasia/cod_030/cod_030_015.png,fantasia,fantasia_cod_030,0,train
data/processed/fantasia/cod_030/cod_030_011.png,fantasia,fantasia_cod_030,0,train
data/processed/fantasia/cod_030/cod_030_003.png,fantasia,fantasia_cod_030,0,train
data/processed/fantasia/cod_030/cod_030_002.png,fantasia,fantasia_cod_030,0,train
data/processed/fantasia/cod_039/cod_039_009.png,fantasia,fantasia_cod_039,0,train
data/processed/fantasia/cod_039/cod_039_006.png,fantasia,fantasia_cod_039,0,train
data/processed/fantasia/cod_039/cod_039_005.png,fantasia,fantasia_cod_039,0,train
data/processed/fantasia/cod_039/cod_039_013.png,fantasia,fantasia_cod_039,0,train
data/processed/fantasia/cod_039/cod_039_007.png,fantasia,fantasia_cod_039,0,train
data/processed/fantasia/cod_039/cod_039_002.png,fantasia,fantasia_cod_039,0,train
data/processed/fantasia/cod_039/cod_039_001.png,fantasia,fantasia_cod_039,0,train
data/processed/fantasia/cod_039/cod_039_000.png,fantasia,fantasia_cod_039,0,train
data/processed/fantasia/cod_039/cod_039_010.png,fantasia,fantasia_cod_039,0,train
data/processed/fantasia/cod_039/cod_039_008.png,fantasia,fantasia_cod_039,0,train
data/processed/fantasia/cod_039/cod_039_012.png,fantasia,fantasia_cod_039,0,train
data/processed/fantasia/cod_039/cod_039_015.png,fantasia,fantasia_cod_039,0,train
data/processed/fantasia/cod_039/cod_039_011.png,fantasia,fantasia_cod_039,0,train
data/processed/fantasia/cod_108/cod_108_018.png,fantasia,fantasia_cod_108,0,train
data/processed/fantasia/cod_108/cod_108_002.png,fantasia,fantasia_cod_108,0,train
data/processed/fantasia/cod_108/cod_108_004.png,fantasia,fantasia_cod_108,0,train
data/processed/fantasia/cod_108/cod_108_019.png,fantasia,fantasia_cod_108,0,train
data/processed/fantasia/cod_108/cod_108_009.png,fantasia,fantasia_cod_108,0,train
data/processed/fantasia/cod_108/cod_108_001.png,fantasia,fantasia_cod_108,0,train
data/processed/fantasia/cod_108/cod_108_017.png,fantasia,fantasia_cod_108,0,train
data/processed/fantasia/cod_108/cod_108_005.png,fantasia,fantasia_cod_108,0,train
data/processed/fantasia/cod_108/cod_108_000.png,fantasia,fantasia_cod_108,0,train
data/processed/fantasia/cod_108/cod_108_003.png,fantasia,fantasia_cod_108,0,train
data/processed/fantasia/cod_105/cod_105_010.png,fantasia,fantasia_cod_105,0,train
data/processed/fantasia/cod_105/cod_105_000.png,fantasia,fantasia_cod_105,0,train
data/processed/fantasia/cod_105/cod_105_102.png,fantasia,fantasia_cod_105,0,train
data/processed/fantasia/cod_105/cod_105_114.png,fantasia,fantasia_cod_105,0,train
data/processed/fantasia/cod_105/cod_105_023.png,fantasia,fantasia_cod_105,0,train
data/processed/fantasia/cod_105/cod_105_003.png,fantasia,fantasia_cod_105,0,train
data/processed/fantasia/cod_105/cod_105_001.png,fantasia,fantasia_cod_105,0,train
data/processed/fantasia/cod_105/cod_105_024.png,fantasia,fantasia_cod_105,0,train
data/processed/serifado/cod_023/cod_023_002.png,serifado,serifado_cod_023,0,train
data/processed/serifado/cod_023/cod_023_033.png,serifado,serifado_cod_023,0,train
data/processed/serifado/cod_023/cod_023_001.png,serifado,serifado_cod_023,0,train
data/processed/serifado/cod_023/cod_023_013.png,serifado,serifado_cod_023,0,train
data/processed/serifado/cod_023/cod_023_032.png,serifado,serifado_cod_023,0,train
data/processed/serifado/cod_023/cod_023_012.png,serifado,serifado_cod_023,0,train
data/processed/serifado/cod_023/cod_023_003.png,serifado,serifado_cod_023,0,train
data/processed/serifado/cod_023/cod_023_031.png,serifado,serifado_cod_023,0,train
data/processed/serifado/cod_025/cod_025_018.png,serifado,serifado_cod_025,0,train
data/processed/serifado/cod_025/cod_025_014.png,serifado,serifado_cod_025,0,train
data/processed/serifado/cod_025/cod_025_086.png,serifado,serifado_cod_025,0,train
data/processed/serifado/cod_028/cod_028_000.png,serifado,serifado_cod_028,0,train
data/processed/serifado/cod_028/cod_028_004.png,serifado,serifado_cod_028,0,train
data/processed/serifado/cod_028/cod_028_013.png,serifado,serifado_cod_028,0,train
data/processed/serifado/cod_028/cod_028_017.png,serifado,serifado_cod_028,0,train
data/processed/serifado/cod_028/cod_028_014.png,serifado,serifado_cod_028,0,train
data/processed/serifado/cod_028/cod_028_005.png,serifado,serifado_cod_028,0,train
data/processed/serifado/cod_028/cod_028_018.png,serifado,serifado_cod_028,0,train
data/processed/serifado/cod_028/cod_028_012.png,serifado,serifado_cod_028,0,train
data/processed/serifado/cod_028/cod_028_020.png,serifado,serifado_cod_028,0,train
data/processed/serifado/cod_045/cod_045_005.png,serifado,serifado_cod_045,0,train
data/processed/serifado/cod_045/cod_045_004.png,serifado,serifado_cod_045,0,train
data/processed/serifado/cod_045/cod_045_003.png,serifado,serifado_cod_045,0,train
data/processed/serifado/cod_045/cod_045_000.png,serifado,serifado_cod_045,0,train
data/processed/serifado/cod_045/cod_045_010.png,serifado,serifado_cod_045,0,train
data/processed/serifado/cod_045/cod_045_009.png,serifado,serifado_cod_045,0,train
data/processed/serifado/cod_045/cod_045_011.png,serifado,serifado_cod_045,0,train
data/processed/serifado/cod_045/cod_045_006.png,serifado,serifado_cod_045,0,train
data/processed/serifado/cod_045/cod_045_008.png,serifado,serifado_cod_045,0,train
data/processed/serifado/cod_045/cod_045_001.png,serifado,serifado_cod_045,0,train
data/processed/serifado/cod_045/cod_045_002.png,serifado,serifado_cod_045,0,train
data/processed/serifado/cod_054/cod_054_003.png,serifado,serifado_cod_054,0,train
data/processed/serifado/cod_054/cod_054_004.png,serifado,serifado_cod_054,0,train
data/processed/serifado/cod_054/cod_054_000.png,serifado,serifado_cod_054,0,train
data/processed/serifado/cod_054/cod_054_002.png,serifado,serifado_cod_054,0,train
data/processed/serifado/cod_054/cod_054_005.png,serifado,serifado_cod_054,0,train
data/processed/serifado/cod_070/cod_070_003.png,serifado,serifado_cod_070,0,train
data/processed/serifado/cod_070/cod_070_007.png,serifado,serifado_cod_070,0,train
data/processed/serifado/cod_070/cod_070_016.png,serifado,serifado_cod_070,0,train
data/processed/serifado/cod_070/cod_070_017.png,serifado,serifado_cod_070,0,train
data/processed/serifado/cod_070/cod_070_010.png,serifado,serifado_cod_070,0,train
data/processed/serifado/cod_070/cod_070_009.png,serifado,serifado_cod_070,0,train
data/processed/serifado/cod_070/cod_070_008.png,serifado,serifado_cod_070,0,train
data/processed/serifado/cod_070/cod_070_018.png,serifado,serifado_cod_070,0,train
data/processed/serifado/cod_070/cod_070_000.png,serifado,serifado_cod_070,0,train
data/processed/serifado/cod_070/cod_070_001.png,serifado,serifado_cod_070,0,train
data/processed/serifado/cod_070/cod_070_005.png,serifado,serifado_cod_070,0,train
data/processed/serifado/cod_086/cod_086_001.png,serifado,serifado_cod_086,0,train
data/processed/serifado/cod_086/cod_086_006.png,serifado,serifado_cod_086,0,train
data/processed/serifado/cod_086/cod_086_005.png,serifado,serifado_cod_086,0,train
data/processed/serifado/cod_086/cod_086_008.png,serifado,serifado_cod_086,0,train
data/processed/serifado/cod_086/cod_086_010.png,serifado,serifado_cod_086,0,train
data/processed/serifado/cod_086/cod_086_004.png,serifado,serifado_cod_086,0,train
data/processed/serifado/cod_086/cod_086_003.png,serifado,serifado_cod_086,0,train
data/processed/serifado/cod_086/cod_086_009.png,serifado,serifado_cod_086,0,train
data/processed/serifado/cod_086/cod_086_002.png,serifado,serifado_cod_086,0,train
data/processed/serifado/cod_086/cod_086_000.png,serifado,serifado_cod_086,0,train
data/processed/serifado/cod_071/cod_071_001.png,serifado,serifado_cod_071,0,train
data/processed/serifado/cod_071/cod_071_005.png,serifado,serifado_cod_071,0,train
data/processed/serifado/cod_071/cod_071_000.png,serifado,serifado_cod_071,0,train
data/processed/serifado/cod_071/cod_071_011.png,serifado,serifado_cod_071,0,train
data/processed/serifado/cod_071/cod_071_003.png,serifado,serifado_cod_071,0,train
data/processed/serifado/cod_071/cod_071_004.png,serifado,serifado_cod_071,0,train
data/processed/serifado/cod_071/cod_071_013.png,serifado,serifado_cod_071,0,train
data/processed/serifado/cod_071/cod_071_009.png,serifado,serifado_cod_071,0,train
data/processed/serifado/cod_071/cod_071_012.png,serifado,serifado_cod_071,0,train
data/processed/serifado/cod_071/cod_071_002.png,serifado,serifado_cod_071,0,train
data/processed/serifado/cod_071/cod_071_007.png,serifado,serifado_cod_071,0,train
data/processed/serifado/cod_071/cod_071_008.png,serifado,serifado_cod_071,0,train
data/processed/serifado/cod_058/cod_058_029.png,serifado,serifado_cod_058,0,train
data/processed/serifado/cod_058/cod_058_040.png,serifado,serifado_cod_058,0,train
data/processed/serifado/cod_058/cod_058_022.png,serifado,serifado_cod_058,0,train
data/processed/serifado/cod_058/cod_058_035.png,serifado,serifado_cod_058,0,train
data/processed/serifado/cod_058/cod_058_041.png,serifado,serifado_cod_058,0,train
data/processed/serifado/cod_058/cod_058_039.png,serifado,serifado_cod_058,0,train
data/processed/serifado/cod_058/cod_058_021.png,serifado,serifado_cod_058,0,train
data/processed/serifado/cod_058/cod_058_023.png,serifado,serifado_cod_058,0,train
data/processed/serifado/cod_087/cod_087_000.png,serifado,serifado_cod_087,0,train
data/processed/serifado/cod_087/cod_087_005.png,serifado,serifado_cod_087,0,train
data/processed/serifado/cod_087/cod_087_003.png,serifado,serifado_cod_087,0,train
data/processed/serifado/cod_087/cod_087_015.png,serifado,serifado_cod_087,0,train
data/processed/serifado/cod_087/cod_087_002.png,serifado,serifado_cod_087,0,train
data/processed/serifado/cod_087/cod_087_009.png,serifado,serifado_cod_087,0,train
data/processed/serifado/cod_087/cod_087_004.png,serifado,serifado_cod_087,0,train
data/processed/serifado/cod_087/cod_087_001.png,serifado,serifado_cod_087,0,train
data/processed/serifado/cod_087/cod_087_013.png,serifado,serifado_cod_087,0,train
data/processed/serifado/cod_087/cod_087_014.png,serifado,serifado_cod_087,0,train
data/processed/serifado/cod_087/cod_087_007.png,serifado,serifado_cod_087,0,train
data/processed/serifado/cod_106/cod_106_002.png,serifado,serifado_cod_106,0,train
data/processed/serifado/cod_106/cod_106_003.png,serifado,serifado_cod_106,0,train
data/processed/serifado/cod_106/cod_106_015.png,serifado,serifado_cod_106,0,train
data/processed/serifado/cod_106/cod_106_001.png,serifado,serifado_cod_106,0,train
data/processed/serifado/cod_106/cod_106_000.png,serifado,serifado_cod_106,0,train
data/processed/serifado/cod_106/cod_106_005.png,serifado,serifado_cod_106,0,train
data/processed/serifado/cod_090/cod_090_005.png,serifado,serifado_cod_090,0,train
data/processed/serifado/cod_090/cod_090_002.png,serifado,serifado_cod_090,0,train
data/processed/serifado/cod_090/cod_090_003.png,serifado,serifado_cod_090,0,train
data/processed/serifado/cod_090/cod_090_001.png,serifado,serifado_cod_090,0,train
data/processed/serifado/cod_090/cod_090_015.png,serifado,serifado_cod_090,0,train
data/processed/serifado/cod_090/cod_090_000.png,serifado,serifado_cod_090,0,train
data/processed/serifado/cod_095/cod_095_017.png,serifado,serifado_cod_095,0,train
data/processed/serifado/cod_095/cod_095_016.png,serifado,serifado_cod_095,0,train
data/processed/serifado/cod_095/cod_095_003.png,serifado,serifado_cod_095,0,train
data/processed/serifado/cod_095/cod_095_001.png,serifado,serifado_cod_095,0,train
data/processed/serifado/cod_095/cod_095_010.png,serifado,serifado_cod_095,0,train
data/processed/serifado/cod_095/cod_095_019.png,serifado,serifado_cod_095,0,train
data/processed/serifado/cod_095/cod_095_006.png,serifado,serifado_cod_095,0,train
data/processed/serifado/cod_095/cod_095_005.png,serifado,serifado_cod_095,0,train
data/processed/serifado/cod_095/cod_095_008.png,serifado,serifado_cod_095,0,train
data/processed/serifado/cod_095/cod_095_000.png,serifado,serifado_cod_095,0,train
data/processed/serifado/cod_119/cod_119_001.png,serifado,serifado_cod_119,0,train
data/processed/serifado/cod_119/cod_119_011.png,serifado,serifado_cod_119,0,train
data/processed/serifado/cod_119/cod_119_005.png,serifado,serifado_cod_119,0,train
data/processed/serifado/cod_119/cod_119_010.png,serifado,serifado_cod_119,0,train
data/processed/serifado/cod_119/cod_119_007.png,serifado,serifado_cod_119,0,train
data/processed/serifado/cod_119/cod_119_015.png,serifado,serifado_cod_119,0,train
data/processed/serifado/cod_119/cod_119_008.png,serifado,serifado_cod_119,0,train
data/processed/serifado/cod_118/cod_118_004.png,serifado,serifado_cod_118,0,train
data/processed/serifado/cod_118/cod_118_008.png,serifado,serifado_cod_118,0,train
data/processed/serifado/cod_118/cod_118_000.png,serifado,serifado_cod_118,0,train
data/processed/serifado/cod_118/cod_118_005.png,serifado,serifado_cod_118,0,train
data/processed/serifado/cod_118/cod_118_007.png,serifado,serifado_cod_118,0,train
data/processed/serifado/cod_118/cod_118_002.png,serifado,serifado_cod_118,0,train
data/processed/serifado/cod_118/cod_118_010.png,serifado,serifado_cod_118,0,train
data/processed/serifado/cod_118/cod_118_003.png,serifado,serifado_cod_118,0,train
data/processed/serifado/cod_118/cod_118_001.png,serifado,serifado_cod_118,0,train
data/processed/serifado/cod_118/cod_118_006.png,serifado,serifado_cod_118,0,train
data/processed/serifado/cod_111/cod_111_003.png,serifado,serifado_cod_111,0,train
data/processed/serifado/cod_111/cod_111_006.png,serifado,serifado_cod_111,0,train
data/processed/serifado/cod_111/cod_111_004.png,serifado,serifado_cod_111,0,train
data/processed/serifado/cod_111/cod_111_008.png,serifado,serifado_cod_111,0,train
data/processed/serifado/cod_111/cod_111_009.png,serifado,serifado_cod_111,0,train
data/processed/serifado/cod_111/cod_111_000.png,serifado,serifado_cod_111,0,train
data/processed/serifado/cod_111/cod_111_002.png,serifado,serifado_cod_111,0,train
data/processed/serifado/cod_111/cod_111_007.png,serifado,serifado_cod_111,0,train
data/processed/serifado/cod_111/cod_111_005.png,serifado,serifado_cod_111,0,train
data/processed/serifado/cod_111/cod_111_001.png,serifado,serifado_cod_111,0,train
data/processed/serifado/cod_128/cod_128_008.png,serifado,serifado_cod_128,0,train
data/processed/serifado/cod_128/cod_128_009.png,serifado,serifado_cod_128,0,train
data/processed/serifado/cod_128/cod_128_005.png,serifado,serifado_cod_128,0,train
data/processed/serifado/cod_128/cod_128_001.png,serifado,serifado_cod_128,0,train
data/processed/serifado/cod_128/cod_128_004.png,serifado,serifado_cod_128,0,train
data/processed/serifado/cod_128/cod_128_003.png,serifado,serifado_cod_128,0,train
data/processed/serifado/cod_128/cod_128_002.png,serifado,serifado_cod_128,0,train
data/processed/serifado/cod_128/cod_128_006.png,serifado,serifado_cod_128,0,train
data/processed/serifado/cod_128/cod_128_000.png,serifado,serifado_cod_128,0,train
data/processed/serifado/cod_128/cod_128_007.png,serifado,serifado_cod_128,0,train
data/processed/serifado/cod_152/cod_152_008.png,serifado,serifado_cod_152,0,train
data/processed/serifado/cod_152/cod_152_010.png,serifado,serifado_cod_152,0,train
data/processed/serifado/cod_152/cod_152_009.png,serifado,serifado_cod_152,0,train
data/processed/serifado/cod_152/cod_152_002.png,serifado,serifado_cod_152,0,train
data/processed/serifado/cod_152/cod_152_004.png,serifado,serifado_cod_152,0,train
data/processed/serifado/cod_152/cod_152_003.png,serifado,serifado_cod_152,0,train
data/processed/serifado/cod_152/cod_152_007.png,serifado,serifado_cod_152,0,train
data/processed/serifado/cod_152/cod_152_006.png,serifado,serifado_cod_152,0,train
data/processed/serifado/cod_152/cod_152_011.png,serifado,serifado_cod_152,0,train
data/processed/serifado/cod_152/cod_152_005.png,serifado,serifado_cod_152,0,train
data/processed/serifado/cod_157/cod_157_002.png,serifado,serifado_cod_157,0,train
data/processed/serifado/cod_157/cod_157_000.png,serifado,serifado_cod_157,0,train
data/processed/serifado/cod_157/cod_157_005.png,serifado,serifado_cod_157,0,train
data/processed/serifado/cod_157/cod_157_007.png,serifado,serifado_cod_157,0,train
data/processed/serifado/cod_157/cod_157_004.png,serifado,serifado_cod_157,0,train
data/processed/serifado/cod_157/cod_157_006.png,serifado,serifado_cod_157,0,train
data/processed/serifado/cod_157/cod_157_008.png,serifado,serifado_cod_157,0,train
data/processed/serifado/cod_157/cod_157_001.png,serifado,serifado_cod_157,0,train
data/processed/serifado/cod_157/cod_157_003.png,serifado,serifado_cod_157,0,train
data/processed/serifado/cod_158/cod_158_003.png,serifado,serifado_cod_158,0,train
data/processed/escritural/cod_013/cod_013_010.png,escritural,escritural_cod_013,0,val
data/processed/escritural/cod_013/cod_013_012.png,escritural,escritural_cod_013,0,val
data/processed/escritural/cod_013/cod_013_006.png,escritural,escritural_cod_013,0,val
data/processed/escritural/cod_013/cod_013_005.png,escritural,escritural_cod_013,0,val
data/processed/escritural/cod_013/cod_013_002.png,escritural,escritural_cod_013,0,val
data/processed/escritural/cod_013/cod_013_011.png,escritural,escritural_cod_013,0,val
data/processed/escritural/cod_013/cod_013_009.png,escritural,escritural_cod_013,0,val
data/processed/escritural/cod_013/cod_013_013.png,escritural,escritural_cod_013,0,val
data/processed/escritural/cod_013/cod_013_001.png,escritural,escritural_cod_013,0,val
data/processed/escritural/cod_013/cod_013_004.png,escritural,escritural_cod_013,0,val
data/processed/escritural/cod_033/cod_033_012.png,escritural,escritural_cod_033,0,val
data/processed/escritural/cod_033/cod_033_007.png,escritural,escritural_cod_033,0,val
data/processed/escritural/cod_033/cod_033_011.png,escritural,escritural_cod_033,0,val
data/processed/escritural/cod_033/cod_033_005.png,escritural,escritural_cod_033,0,val
data/processed/escritural/cod_033/cod_033_009.png,escritural,escritural_cod_033,0,val
data/processed/escritural/cod_033/cod_033_002.png,escritural,escritural_cod_033,0,val
data/processed/escritural/cod_033/cod_033_001.png,escritural,escritural_cod_033,0,val
data/processed/escritural/cod_033/cod_033_000.png,escritural,escritural_cod_033,0,val
data/processed/escritural/cod_033/cod_033_004.png,escritural,escritural_cod_033,0,val
data/processed/escritural/cod_033/cod_033_013.png,escritural,escritural_cod_033,0,val
data/processed/escritural/cod_033/cod_033_008.png,escritural,escritural_cod_033,0,val
data/processed/escritural/cod_047/cod_047_018.png,escritural,escritural_cod_047,0,val
data/processed/escritural/cod_047/cod_047_059.png,escritural,escritural_cod_047,0,val
data/processed/escritural/cod_047/cod_047_080.png,escritural,escritural_cod_047,0,val
data/processed/escritural/cod_047/cod_047_013.png,escritural,escritural_cod_047,0,val
data/processed/escritural/cod_047/cod_047_086.png,escritural,escritural_cod_047,0,val
data/processed/escritural/cod_047/cod_047_083.png,escritural,escritural_cod_047,0,val
data/processed/escritural/cod_047/cod_047_078.png,escritural,escritural_cod_047,0,val
data/processed/escritural/cod_047/cod_047_057.png,escritural,escritural_cod_047,0,val
data/processed/escritural/cod_047/cod_047_058.png,escritural,escritural_cod_047,0,val
data/processed/escritural/cod_047/cod_047_012.png,escritural,escritural_cod_047,0,val
data/processed/escritural/cod_047/cod_047_079.png,escritural,escritural_cod_047,0,val
data/processed/escritural/cod_047/cod_047_082.png,escritural,escritural_cod_047,0,val
data/processed/escritural/cod_047/cod_047_081.png,escritural,escritural_cod_047,0,val
data/processed/escritural/cod_059/cod_059_020.png,escritural,escritural_cod_059,0,val
data/processed/escritural/cod_059/cod_059_013.png,escritural,escritural_cod_059,0,val
data/processed/escritural/cod_059/cod_059_014.png,escritural,escritural_cod_059,0,val
data/processed/escritural/cod_059/cod_059_009.png,escritural,escritural_cod_059,0,val
data/processed/escritural/cod_059/cod_059_007.png,escritural,escritural_cod_059,0,val
data/processed/escritural/cod_059/cod_059_016.png,escritural,escritural_cod_059,0,val
data/processed/escritural/cod_059/cod_059_010.png,escritural,escritural_cod_059,0,val
data/processed/escritural/cod_059/cod_059_019.png,escritural,escritural_cod_059,0,val
data/processed/escritural/cod_059/cod_059_012.png,escritural,escritural_cod_059,0,val
data/processed/escritural/cod_059/cod_059_008.png,escritural,escritural_cod_059,0,val
data/processed/escritural/cod_059/cod_059_006.png,escritural,escritural_cod_059,0,val
data/processed/escritural/cod_059/cod_059_011.png,escritural,escritural_cod_059,0,val
data/processed/escritural/cod_059/cod_059_015.png,escritural,escritural_cod_059,0,val
data/processed/escritural/cod_059/cod_059_018.png,escritural,escritural_cod_059,0,val
data/processed/escritural/cod_060/cod_060_013.png,escritural,escritural_cod_060,0,val
data/processed/escritural/cod_060/cod_060_003.png,escritural,escritural_cod_060,0,val
data/processed/escritural/cod_060/cod_060_008.png,escritural,escritural_cod_060,0,val
data/processed/escritural/cod_060/cod_060_012.png,escritural,escritural_cod_060,0,val
data/processed/escritural/cod_060/cod_060_015.png,escritural,escritural_cod_060,0,val
data/processed/escritural/cod_060/cod_060_001.png,escritural,escritural_cod_060,0,val
data/processed/escritural/cod_060/cod_060_005.png,escritural,escritural_cod_060,0,val
data/processed/escritural/cod_060/cod_060_014.png,escritural,escritural_cod_060,0,val
data/processed/escritural/cod_060/cod_060_006.png,escritural,escritural_cod_060,0,val
data/processed/escritural/cod_060/cod_060_000.png,escritural,escritural_cod_060,0,val
data/processed/escritural/cod_074/cod_074_003.png,escritural,escritural_cod_074,0,val
data/processed/escritural/cod_074/cod_074_013.png,escritural,escritural_cod_074,0,val
data/processed/escritural/cod_074/cod_074_015.png,escritural,escritural_cod_074,0,val
data/processed/escritural/cod_074/cod_074_008.png,escritural,escritural_cod_074,0,val
data/processed/escritural/cod_074/cod_074_014.png,escritural,escritural_cod_074,0,val
data/processed/escritural/cod_074/cod_074_001.png,escritural,escritural_cod_074,0,val
data/processed/escritural/cod_074/cod_074_002.png,escritural,escritural_cod_074,0,val
data/processed/escritural/cod_074/cod_074_011.png,escritural,escritural_cod_074,0,val
data/processed/escritural/cod_074/cod_074_012.png,escritural,escritural_cod_074,0,val
data/processed/escritural/cod_074/cod_074_010.png,escritural,escritural_cod_074,0,val
data/processed/escritural/cod_074/cod_074_000.png,escritural,escritural_cod_074,0,val
data/processed/escritural/cod_113/cod_113_004.png,escritural,escritural_cod_113,0,val
data/processed/escritural/cod_113/cod_113_005.png,escritural,escritural_cod_113,0,val
data/processed/escritural/cod_113/cod_113_001.png,escritural,escritural_cod_113,0,val
data/processed/escritural/cod_113/cod_113_007.png,escritural,escritural_cod_113,0,val
data/processed/escritural/cod_113/cod_113_002.png,escritural,escritural_cod_113,0,val
data/processed/escritural/cod_117/cod_117_012.png,escritural,escritural_cod_117,0,val
data/processed/escritural/cod_117/cod_117_003.png,escritural,escritural_cod_117,0,val
data/processed/escritural/cod_117/cod_117_001.png,escritural,escritural_cod_117,0,val
data/processed/escritural/cod_117/cod_117_007.png,escritural,escritural_cod_117,0,val
data/processed/escritural/cod_117/cod_117_000.png,escritural,escritural_cod_117,0,val
data/processed/escritural/cod_117/cod_117_002.png,escritural,escritural_cod_117,0,val
data/processed/escritural/cod_117/cod_117_009.png,escritural,escritural_cod_117,0,val
data/processed/escritural/cod_117/cod_117_008.png,escritural,escritural_cod_117,0,val
data/processed/escritural/cod_117/cod_117_006.png,escritural,escritural_cod_117,0,val
data/processed/escritural/cod_117/cod_117_011.png,escritural,escritural_cod_117,0,val
data/processed/escritural/cod_117/cod_117_005.png,escritural,escritural_cod_117,0,val
data/processed/escritural/cod_117/cod_117_004.png,escritural,escritural_cod_117,0,val
data/processed/escritural/cod_117/cod_117_010.png,escritural,escritural_cod_117,0,val
data/processed/escritural/cod_136/cod_136_001.png,escritural,escritural_cod_136,0,val
data/processed/escritural/cod_138/cod_138_019.png,escritural,escritural_cod_138,0,val
data/processed/escritural/cod_138/cod_138_000.png,escritural,escritural_cod_138,0,val
data/processed/escritural/cod_138/cod_138_006.png,escritural,escritural_cod_138,0,val
data/processed/escritural/cod_138/cod_138_024.png,escritural,escritural_cod_138,0,val
data/processed/escritural/cod_138/cod_138_001.png,escritural,escritural_cod_138,0,val
data/processed/escritural/cod_138/cod_138_021.png,escritural,escritural_cod_138,0,val
data/processed/grotesco/cod_008/cod_008_001.png,grotesco,grotesco_cod_008,0,val
data/processed/grotesco/cod_008/cod_008_009.png,grotesco,grotesco_cod_008,0,val
data/processed/grotesco/cod_008/cod_008_008.png,grotesco,grotesco_cod_008,0,val
data/processed/grotesco/cod_008/cod_008_002.png,grotesco,grotesco_cod_008,0,val
data/processed/grotesco/cod_008/cod_008_007.png,grotesco,grotesco_cod_008,0,val
data/processed/grotesco/cod_008/cod_008_000.png,grotesco,grotesco_cod_008,0,val
data/processed/grotesco/cod_008/cod_008_006.png,grotesco,grotesco_cod_008,0,val
data/processed/grotesco/cod_008/cod_008_005.png,grotesco,grotesco_cod_008,0,val
data/processed/grotesco/cod_008/cod_008_003.png,grotesco,grotesco_cod_008,0,val
data/processed/grotesco/cod_024/cod_024_004.png,grotesco,grotesco_cod_024,0,val
data/processed/grotesco/cod_024/cod_024_001.png,grotesco,grotesco_cod_024,0,val
data/processed/grotesco/cod_024/cod_024_008.png,grotesco,grotesco_cod_024,0,val
data/processed/grotesco/cod_024/cod_024_002.png,grotesco,grotesco_cod_024,0,val
data/processed/grotesco/cod_024/cod_024_003.png,grotesco,grotesco_cod_024,0,val
data/processed/grotesco/cod_024/cod_024_007.png,grotesco,grotesco_cod_024,0,val
data/processed/grotesco/cod_051/cod_051_012.png,grotesco,grotesco_cod_051,0,val
data/processed/grotesco/cod_051/cod_051_005.png,grotesco,grotesco_cod_051,0,val
data/processed/grotesco/cod_051/cod_051_015.png,grotesco,grotesco_cod_051,0,val
data/processed/grotesco/cod_051/cod_051_010.png,grotesco,grotesco_cod_051,0,val
data/processed/grotesco/cod_051/cod_051_009.png,grotesco,grotesco_cod_051,0,val
data/processed/grotesco/cod_051/cod_051_016.png,grotesco,grotesco_cod_051,0,val
data/processed/grotesco/cod_051/cod_051_017.png,grotesco,grotesco_cod_051,0,val
data/processed/grotesco/cod_051/cod_051_011.png,grotesco,grotesco_cod_051,0,val
data/processed/grotesco/cod_051/cod_051_007.png,grotesco,grotesco_cod_051,0,val
data/processed/grotesco/cod_051/cod_051_006.png,grotesco,grotesco_cod_051,0,val
data/processed/grotesco/cod_048/cod_048_026.png,grotesco,grotesco_cod_048,0,val
data/processed/grotesco/cod_048/cod_048_017.png,grotesco,grotesco_cod_048,0,val
data/processed/grotesco/cod_048/cod_048_009.png,grotesco,grotesco_cod_048,0,val
data/processed/grotesco/cod_048/cod_048_008.png,grotesco,grotesco_cod_048,0,val
data/processed/grotesco/cod_048/cod_048_028.png,grotesco,grotesco_cod_048,0,val
data/processed/grotesco/cod_048/cod_048_011.png,grotesco,grotesco_cod_048,0,val
data/processed/grotesco/cod_048/cod_048_032.png,grotesco,grotesco_cod_048,0,val
data/processed/grotesco/cod_048/cod_048_018.png,grotesco,grotesco_cod_048,0,val
data/processed/grotesco/cod_048/cod_048_027.png,grotesco,grotesco_cod_048,0,val
data/processed/grotesco/cod_053/cod_053_003.png,grotesco,grotesco_cod_053,0,val
data/processed/grotesco/cod_053/cod_053_002.png,grotesco,grotesco_cod_053,0,val
data/processed/grotesco/cod_053/cod_053_007.png,grotesco,grotesco_cod_053,0,val
data/processed/grotesco/cod_053/cod_053_001.png,grotesco,grotesco_cod_053,0,val
data/processed/grotesco/cod_053/cod_053_008.png,grotesco,grotesco_cod_053,0,val
data/processed/grotesco/cod_053/cod_053_006.png,grotesco,grotesco_cod_053,0,val
data/processed/grotesco/cod_053/cod_053_005.png,grotesco,grotesco_cod_053,0,val
data/processed/grotesco/cod_134/cod_134_000.png,grotesco,grotesco_cod_134,0,val
data/processed/grotesco/cod_134/cod_134_006.png,grotesco,grotesco_cod_134,0,val
data/processed/grotesco/cod_134/cod_134_011.png,grotesco,grotesco_cod_134,0,val
data/processed/grotesco/cod_134/cod_134_005.png,grotesco,grotesco_cod_134,0,val
data/processed/grotesco/cod_134/cod_134_009.png,grotesco,grotesco_cod_134,0,val
data/processed/grotesco/cod_134/cod_134_013.png,grotesco,grotesco_cod_134,0,val
data/processed/grotesco/cod_134/cod_134_010.png,grotesco,grotesco_cod_134,0,val
data/processed/grotesco/cod_134/cod_134_007.png,grotesco,grotesco_cod_134,0,val
data/processed/grotesco/cod_134/cod_134_001.png,grotesco,grotesco_cod_134,0,val
data/processed/grotesco/cod_134/cod_134_014.png,grotesco,grotesco_cod_134,0,val
data/processed/grotesco/cod_134/cod_134_004.png,grotesco,grotesco_cod_134,0,val
data/processed/grotesco/cod_134/cod_134_003.png,grotesco,grotesco_cod_134,0,val
data/processed/grotesco/cod_134/cod_134_012.png,grotesco,grotesco_cod_134,0,val
data/processed/fantasia/cod_015/cod_015_000.png,fantasia,fantasia_cod_015,0,val
data/processed/fantasia/cod_015/cod_015_003.png,fantasia,fantasia_cod_015,0,val
data/processed/fantasia/cod_015/cod_015_005.png,fantasia,fantasia_cod_015,0,val
data/processed/fantasia/cod_015/cod_015_008.png,fantasia,fantasia_cod_015,0,val
data/processed/fantasia/cod_015/cod_015_002.png,fantasia,fantasia_cod_015,0,val
data/processed/fantasia/cod_015/cod_015_001.png,fantasia,fantasia_cod_015,0,val
data/processed/fantasia/cod_015/cod_015_011.png,fantasia,fantasia_cod_015,0,val
data/processed/fantasia/cod_015/cod_015_010.png,fantasia,fantasia_cod_015,0,val
data/processed/fantasia/cod_015/cod_015_009.png,fantasia,fantasia_cod_015,0,val
data/processed/fantasia/cod_015/cod_015_006.png,fantasia,fantasia_cod_015,0,val
data/processed/fantasia/cod_015/cod_015_004.png,fantasia,fantasia_cod_015,0,val
data/processed/serifado/cod_009/cod_009_133.png,serifado,serifado_cod_009,0,val
data/processed/serifado/cod_009/cod_009_000.png,serifado,serifado_cod_009,0,val
data/processed/serifado/cod_009/cod_009_186.png,serifado,serifado_cod_009,0,val
data/processed/serifado/cod_009/cod_009_136.png,serifado,serifado_cod_009,0,val
data/processed/serifado/cod_010/cod_010_005.png,serifado,serifado_cod_010,0,val
data/processed/serifado/cod_010/cod_010_003.png,serifado,serifado_cod_010,0,val
data/processed/serifado/cod_010/cod_010_002.png,serifado,serifado_cod_010,0,val
data/processed/serifado/cod_010/cod_010_001.png,serifado,serifado_cod_010,0,val
data/processed/serifado/cod_010/cod_010_000.png,serifado,serifado_cod_010,0,val
data/processed/serifado/cod_010/cod_010_014.png,serifado,serifado_cod_010,0,val
data/processed/serifado/cod_010/cod_010_015.png,serifado,serifado_cod_010,0,val
data/processed/serifado/cod_010/cod_010_009.png,serifado,serifado_cod_010,0,val
data/processed/serifado/cod_010/cod_010_016.png,serifado,serifado_cod_010,0,val
data/processed/serifado/cod_010/cod_010_008.png,serifado,serifado_cod_010,0,val
data/processed/serifado/cod_010/cod_010_007.png,serifado,serifado_cod_010,0,val
data/processed/serifado/cod_029/cod_029_002.png,serifado,serifado_cod_029,0,val
data/processed/serifado/cod_029/cod_029_006.png,serifado,serifado_cod_029,0,val
data/processed/serifado/cod_029/cod_029_001.png,serifado,serifado_cod_029,0,val
data/processed/serifado/cod_029/cod_029_005.png,serifado,serifado_cod_029,0,val
data/processed/serifado/cod_029/cod_029_000.png,serifado,serifado_cod_029,0,val
data/processed/serifado/cod_114/cod_114_011.png,serifado,serifado_cod_114,0,val
data/processed/serifado/cod_114/cod_114_000.png,serifado,serifado_cod_114,0,val
data/processed/serifado/cod_114/cod_114_001.png,serifado,serifado_cod_114,0,val
data/processed/serifado/cod_114/cod_114_006.png,serifado,serifado_cod_114,0,val
data/processed/serifado/cod_114/cod_114_004.png,serifado,serifado_cod_114,0,val
data/processed/serifado/cod_114/cod_114_009.png,serifado,serifado_cod_114,0,val
data/processed/serifado/cod_114/cod_114_010.png,serifado,serifado_cod_114,0,val
data/processed/serifado/cod_114/cod_114_002.png,serifado,serifado_cod_114,0,val
data/processed/serifado/cod_114/cod_114_012.png,serifado,serifado_cod_114,0,val
data/processed/serifado/cod_114/cod_114_003.png,serifado,serifado_cod_114,0,val
data/processed/serifado/cod_114/cod_114_007.png,serifado,serifado_cod_114,0,val
data/processed/serifado/cod_114/cod_114_005.png,serifado,serifado_cod_114,0,val
data/processed/serifado/cod_114/cod_114_008.png,serifado,serifado_cod_114,0,val
data/processed/serifado/cod_123/cod_123_006.png,serifado,serifado_cod_123,0,val
data/processed/serifado/cod_123/cod_123_007.png,serifado,serifado_cod_123,0,val
data/processed/serifado/cod_123/cod_123_009.png,serifado,serifado_cod_123,0,val
data/processed/serifado/cod_123/cod_123_004.png,serifado,serifado_cod_123,0,val
data/processed/serifado/cod_123/cod_123_005.png,serifado,serifado_cod_123,0,val
data/processed/serifado/cod_123/cod_123_010.png,serifado,serifado_cod_123,0,val
data/processed/serifado/cod_123/cod_123_008.png,serifado,serifado_cod_123,0,val
data/processed/serifado/cod_123/cod_123_000.png,serifado,serifado_cod_123,0,val
data/processed/serifado/cod_130/cod_130_004.png,serifado,serifado_cod_130,0,val
data/processed/serifado/cod_130/cod_130_001.png,serifado,serifado_cod_130,0,val
data/processed/serifado/cod_130/cod_130_011.png,serifado,serifado_cod_130,0,val
data/processed/serifado/cod_130/cod_130_005.png,serifado,serifado_cod_130,0,val
data/processed/serifado/cod_130/cod_130_009.png,serifado,serifado_cod_130,0,val
data/processed/serifado/cod_130/cod_130_000.png,serifado,serifado_cod_130,0,val
data/processed/serifado/cod_130/cod_130_002.png,serifado,serifado_cod_130,0,val
data/processed/serifado/cod_130/cod_130_008.png,serifado,serifado_cod_130,0,val
data/processed/serifado/cod_130/cod_130_007.png,serifado,serifado_cod_130,0,val
data/processed/serifado/cod_130/cod_130_003.png,serifado,serifado_cod_130,0,val
data/processed/serifado/cod_130/cod_130_006.png,serifado,serifado_cod_130,0,val
data/processed/serifado/cod_147/cod_147_004.png,serifado,serifado_cod_147,0,val
data/processed/escritural/cod_002/cod_002_002.png,escritural,escritural_cod_002,1,train
data/processed/escritural/cod_002/cod_002_008.png,escritural,escritural_cod_002,1,train
data/processed/escritural/cod_002/cod_002_005.png,escritural,escritural_cod_002,1,train
data/processed/escritural/cod_002/cod_002_007.png,escritural,escritural_cod_002,1,train
data/processed/escritural/cod_002/cod_002_010.png,escritural,escritural_cod_002,1,train
data/processed/escritural/cod_002/cod_002_004.png,escritural,escritural_cod_002,1,train
data/processed/escritural/cod_002/cod_002_003.png,escritural,escritural_cod_002,1,train
data/processed/escritural/cod_002/cod_002_001.png,escritural,escritural_cod_002,1,train
data/processed/escritural/cod_002/cod_002_012.png,escritural,escritural_cod_002,1,train
data/processed/escritural/cod_002/cod_002_000.png,escritural,escritural_cod_002,1,train
data/processed/escritural/cod_002/cod_002_009.png,escritural,escritural_cod_002,1,train
data/processed/escritural/cod_002/cod_002_006.png,escritural,escritural_cod_002,1,train
data/processed/escritural/cod_002/cod_002_011.png,escritural,escritural_cod_002,1,train
data/processed/escritural/cod_006/cod_006_049.png,escritural,escritural_cod_006,1,train
data/processed/escritural/cod_006/cod_006_045.png,escritural,escritural_cod_006,1,train
data/processed/escritural/cod_006/cod_006_000.png,escritural,escritural_cod_006,1,train
data/processed/escritural/cod_006/cod_006_004.png,escritural,escritural_cod_006,1,train
data/processed/escritural/cod_006/cod_006_048.png,escritural,escritural_cod_006,1,train
data/processed/escritural/cod_006/cod_006_052.png,escritural,escritural_cod_006,1,train
data/processed/escritural/cod_006/cod_006_051.png,escritural,escritural_cod_006,1,train
data/processed/escritural/cod_006/cod_006_020.png,escritural,escritural_cod_006,1,train
data/processed/escritural/cod_006/cod_006_021.png,escritural,escritural_cod_006,1,train
data/processed/escritural/cod_006/cod_006_003.png,escritural,escritural_cod_006,1,train
data/processed/escritural/cod_006/cod_006_046.png,escritural,escritural_cod_006,1,train
data/processed/escritural/cod_013/cod_013_010.png,escritural,escritural_cod_013,1,train
data/processed/escritural/cod_013/cod_013_012.png,escritural,escritural_cod_013,1,train
data/processed/escritural/cod_013/cod_013_006.png,escritural,escritural_cod_013,1,train
data/processed/escritural/cod_013/cod_013_005.png,escritural,escritural_cod_013,1,train
data/processed/escritural/cod_013/cod_013_002.png,escritural,escritural_cod_013,1,train
data/processed/escritural/cod_013/cod_013_011.png,escritural,escritural_cod_013,1,train
data/processed/escritural/cod_013/cod_013_009.png,escritural,escritural_cod_013,1,train
data/processed/escritural/cod_013/cod_013_013.png,escritural,escritural_cod_013,1,train
data/processed/escritural/cod_013/cod_013_001.png,escritural,escritural_cod_013,1,train
data/processed/escritural/cod_013/cod_013_004.png,escritural,escritural_cod_013,1,train
data/processed/escritural/cod_014/cod_014_007.png,escritural,escritural_cod_014,1,train
data/processed/escritural/cod_014/cod_014_006.png,escritural,escritural_cod_014,1,train
data/processed/escritural/cod_014/cod_014_017.png,escritural,escritural_cod_014,1,train
data/processed/escritural/cod_014/cod_014_016.png,escritural,escritural_cod_014,1,train
data/processed/escritural/cod_014/cod_014_009.png,escritural,escritural_cod_014,1,train
data/processed/escritural/cod_014/cod_014_044.png,escritural,escritural_cod_014,1,train
data/processed/escritural/cod_014/cod_014_028.png,escritural,escritural_cod_014,1,train
data/processed/escritural/cod_014/cod_014_033.png,escritural,escritural_cod_014,1,train
data/processed/escritural/cod_014/cod_014_031.png,escritural,escritural_cod_014,1,train
data/processed/escritural/cod_014/cod_014_015.png,escritural,escritural_cod_014,1,train
data/processed/escritural/cod_014/cod_014_043.png,escritural,escritural_cod_014,1,train
data/processed/escritural/cod_014/cod_014_032.png,escritural,escritural_cod_014,1,train
data/processed/escritural/cod_014/cod_014_042.png,escritural,escritural_cod_014,1,train
data/processed/escritural/cod_016/cod_016_058.png,escritural,escritural_cod_016,1,train
data/processed/escritural/cod_016/cod_016_079.png,escritural,escritural_cod_016,1,train
data/processed/escritural/cod_016/cod_016_084.png,escritural,escritural_cod_016,1,train
data/processed/escritural/cod_016/cod_016_083.png,escritural,escritural_cod_016,1,train
data/processed/escritural/cod_016/cod_016_057.png,escritural,escritural_cod_016,1,train
data/processed/escritural/cod_033/cod_033_012.png,escritural,escritural_cod_033,1,train
data/processed/escritural/cod_033/cod_033_007.png,escritural,escritural_cod_033,1,train
data/processed/escritural/cod_033/cod_033_011.png,escritural,escritural_cod_033,1,train
data/processed/escritural/cod_033/cod_033_005.png,escritural,escritural_cod_033,1,train
data/processed/escritural/cod_033/cod_033_009.png,escritural,escritural_cod_033,1,train
data/processed/escritural/cod_033/cod_033_002.png,escritural,escritural_cod_033,1,train
data/processed/escritural/cod_033/cod_033_001.png,escritural,escritural_cod_033,1,train
data/processed/escritural/cod_033/cod_033_000.png,escritural,escritural_cod_033,1,train
data/processed/escritural/cod_033/cod_033_004.png,escritural,escritural_cod_033,1,train
data/processed/escritural/cod_033/cod_033_013.png,escritural,escritural_cod_033,1,train
data/processed/escritural/cod_033/cod_033_008.png,escritural,escritural_cod_033,1,train
data/processed/escritural/cod_032/cod_032_007.png,escritural,escritural_cod_032,1,train
data/processed/escritural/cod_032/cod_032_003.png,escritural,escritural_cod_032,1,train
data/processed/escritural/cod_032/cod_032_001.png,escritural,escritural_cod_032,1,train
data/processed/escritural/cod_032/cod_032_009.png,escritural,escritural_cod_032,1,train
data/processed/escritural/cod_032/cod_032_000.png,escritural,escritural_cod_032,1,train
data/processed/escritural/cod_032/cod_032_010.png,escritural,escritural_cod_032,1,train
data/processed/escritural/cod_032/cod_032_008.png,escritural,escritural_cod_032,1,train
data/processed/escritural/cod_032/cod_032_006.png,escritural,escritural_cod_032,1,train
data/processed/escritural/cod_032/cod_032_005.png,escritural,escritural_cod_032,1,train
data/processed/escritural/cod_032/cod_032_012.png,escritural,escritural_cod_032,1,train
data/processed/escritural/cod_032/cod_032_004.png,escritural,escritural_cod_032,1,train
data/processed/escritural/cod_032/cod_032_002.png,escritural,escritural_cod_032,1,train
data/processed/escritural/cod_043/cod_043_016.png,escritural,escritural_cod_043,1,train
data/processed/escritural/cod_043/cod_043_015.png,escritural,escritural_cod_043,1,train
data/processed/escritural/cod_043/cod_043_013.png,escritural,escritural_cod_043,1,train
data/processed/escritural/cod_043/cod_043_006.png,escritural,escritural_cod_043,1,train
data/processed/escritural/cod_043/cod_043_005.png,escritural,escritural_cod_043,1,train
data/processed/escritural/cod_043/cod_043_002.png,escritural,escritural_cod_043,1,train
data/processed/escritural/cod_043/cod_043_011.png,escritural,escritural_cod_043,1,train
data/processed/escritural/cod_043/cod_043_001.png,escritural,escritural_cod_043,1,train
data/processed/escritural/cod_043/cod_043_009.png,escritural,escritural_cod_043,1,train
data/processed/escritural/cod_043/cod_043_007.png,escritural,escritural_cod_043,1,train
data/processed/escritural/cod_043/cod_043_000.png,escritural,escritural_cod_043,1,train
data/processed/escritural/cod_043/cod_043_014.png,escritural,escritural_cod_043,1,train
data/processed/escritural/cod_047/cod_047_018.png,escritural,escritural_cod_047,1,train
data/processed/escritural/cod_047/cod_047_059.png,escritural,escritural_cod_047,1,train
data/processed/escritural/cod_047/cod_047_080.png,escritural,escritural_cod_047,1,train
data/processed/escritural/cod_047/cod_047_013.png,escritural,escritural_cod_047,1,train
data/processed/escritural/cod_047/cod_047_086.png,escritural,escritural_cod_047,1,train
data/processed/escritural/cod_047/cod_047_083.png,escritural,escritural_cod_047,1,train
data/processed/escritural/cod_047/cod_047_078.png,escritural,escritural_cod_047,1,train
data/processed/escritural/cod_047/cod_047_057.png,escritural,escritural_cod_047,1,train
data/processed/escritural/cod_047/cod_047_058.png,escritural,escritural_cod_047,1,train
data/processed/escritural/cod_047/cod_047_012.png,escritural,escritural_cod_047,1,train
data/processed/escritural/cod_047/cod_047_079.png,escritural,escritural_cod_047,1,train
data/processed/escritural/cod_047/cod_047_082.png,escritural,escritural_cod_047,1,train
data/processed/escritural/cod_047/cod_047_081.png,escritural,escritural_cod_047,1,train
data/processed/escritural/cod_057/cod_057_008.png,escritural,escritural_cod_057,1,train
data/processed/escritural/cod_057/cod_057_024.png,escritural,escritural_cod_057,1,train
data/processed/escritural/cod_057/cod_057_004.png,escritural,escritural_cod_057,1,train
data/processed/escritural/cod_057/cod_057_026.png,escritural,escritural_cod_057,1,train
data/processed/escritural/cod_057/cod_057_015.png,escritural,escritural_cod_057,1,train
data/processed/escritural/cod_057/cod_057_017.png,escritural,escritural_cod_057,1,train
data/processed/escritural/cod_057/cod_057_023.png,escritural,escritural_cod_057,1,train
data/processed/escritural/cod_057/cod_057_018.png,escritural,escritural_cod_057,1,train
data/processed/escritural/cod_057/cod_057_020.png,escritural,escritural_cod_057,1,train
data/processed/escritural/cod_057/cod_057_022.png,escritural,escritural_cod_057,1,train
data/processed/escritural/cod_057/cod_057_006.png,escritural,escritural_cod_057,1,train
data/processed/escritural/cod_061/cod_061_003.png,escritural,escritural_cod_061,1,train
data/processed/escritural/cod_061/cod_061_009.png,escritural,escritural_cod_061,1,train
data/processed/escritural/cod_061/cod_061_008.png,escritural,escritural_cod_061,1,train
data/processed/escritural/cod_061/cod_061_001.png,escritural,escritural_cod_061,1,train
data/processed/escritural/cod_061/cod_061_012.png,escritural,escritural_cod_061,1,train
data/processed/escritural/cod_061/cod_061_013.png,escritural,escritural_cod_061,1,train
data/processed/escritural/cod_061/cod_061_014.png,escritural,escritural_cod_061,1,train
data/processed/escritural/cod_061/cod_061_011.png,escritural,escritural_cod_061,1,train
data/processed/escritural/cod_061/cod_061_002.png,escritural,escritural_cod_061,1,train
data/processed/escritural/cod_061/cod_061_005.png,escritural,escritural_cod_061,1,train
data/processed/escritural/cod_061/cod_061_000.png,escritural,escritural_cod_061,1,train
data/processed/escritural/cod_062/cod_062_005.png,escritural,escritural_cod_062,1,train
data/processed/escritural/cod_062/cod_062_007.png,escritural,escritural_cod_062,1,train
data/processed/escritural/cod_062/cod_062_001.png,escritural,escritural_cod_062,1,train
data/processed/escritural/cod_062/cod_062_011.png,escritural,escritural_cod_062,1,train
data/processed/escritural/cod_062/cod_062_012.png,escritural,escritural_cod_062,1,train
data/processed/escritural/cod_062/cod_062_008.png,escritural,escritural_cod_062,1,train
data/processed/escritural/cod_062/cod_062_002.png,escritural,escritural_cod_062,1,train
data/processed/escritural/cod_062/cod_062_000.png,escritural,escritural_cod_062,1,train
data/processed/escritural/cod_062/cod_062_009.png,escritural,escritural_cod_062,1,train
data/processed/escritural/cod_062/cod_062_004.png,escritural,escritural_cod_062,1,train
data/processed/escritural/cod_062/cod_062_013.png,escritural,escritural_cod_062,1,train
data/processed/escritural/cod_062/cod_062_006.png,escritural,escritural_cod_062,1,train
data/processed/escritural/cod_059/cod_059_020.png,escritural,escritural_cod_059,1,train
data/processed/escritural/cod_059/cod_059_013.png,escritural,escritural_cod_059,1,train
data/processed/escritural/cod_059/cod_059_014.png,escritural,escritural_cod_059,1,train
data/processed/escritural/cod_059/cod_059_009.png,escritural,escritural_cod_059,1,train
data/processed/escritural/cod_059/cod_059_007.png,escritural,escritural_cod_059,1,train
data/processed/escritural/cod_059/cod_059_016.png,escritural,escritural_cod_059,1,train
data/processed/escritural/cod_059/cod_059_010.png,escritural,escritural_cod_059,1,train
data/processed/escritural/cod_059/cod_059_019.png,escritural,escritural_cod_059,1,train
data/processed/escritural/cod_059/cod_059_012.png,escritural,escritural_cod_059,1,train
data/processed/escritural/cod_059/cod_059_008.png,escritural,escritural_cod_059,1,train
data/processed/escritural/cod_059/cod_059_006.png,escritural,escritural_cod_059,1,train
data/processed/escritural/cod_059/cod_059_011.png,escritural,escritural_cod_059,1,train
data/processed/escritural/cod_059/cod_059_015.png,escritural,escritural_cod_059,1,train
data/processed/escritural/cod_059/cod_059_018.png,escritural,escritural_cod_059,1,train
data/processed/escritural/cod_060/cod_060_013.png,escritural,escritural_cod_060,1,train
data/processed/escritural/cod_060/cod_060_003.png,escritural,escritural_cod_060,1,train
data/processed/escritural/cod_060/cod_060_008.png,escritural,escritural_cod_060,1,train
data/processed/escritural/cod_060/cod_060_012.png,escritural,escritural_cod_060,1,train
data/processed/escritural/cod_060/cod_060_015.png,escritural,escritural_cod_060,1,train
data/processed/escritural/cod_060/cod_060_001.png,escritural,escritural_cod_060,1,train
data/processed/escritural/cod_060/cod_060_005.png,escritural,escritural_cod_060,1,train
data/processed/escritural/cod_060/cod_060_014.png,escritural,escritural_cod_060,1,train
data/processed/escritural/cod_060/cod_060_006.png,escritural,escritural_cod_060,1,train
data/processed/escritural/cod_060/cod_060_000.png,escritural,escritural_cod_060,1,train
data/processed/escritural/cod_068/cod_068_024.png,escritural,escritural_cod_068,1,train
data/processed/escritural/cod_068/cod_068_020.png,escritural,escritural_cod_068,1,train
data/processed/escritural/cod_068/cod_068_023.png,escritural,escritural_cod_068,1,train
data/processed/escritural/cod_068/cod_068_009.png,escritural,escritural_cod_068,1,train
data/processed/escritural/cod_068/cod_068_022.png,escritural,escritural_cod_068,1,train
data/processed/escritural/cod_068/cod_068_017.png,escritural,escritural_cod_068,1,train
data/processed/escritural/cod_068/cod_068_008.png,escritural,escritural_cod_068,1,train
data/processed/escritural/cod_068/cod_068_010.png,escritural,escritural_cod_068,1,train
data/processed/escritural/cod_068/cod_068_004.png,escritural,escritural_cod_068,1,train
data/processed/escritural/cod_068/cod_068_003.png,escritural,escritural_cod_068,1,train
data/processed/escritural/cod_068/cod_068_002.png,escritural,escritural_cod_068,1,train
data/processed/escritural/cod_066/cod_066_004.png,escritural,escritural_cod_066,1,train
data/processed/escritural/cod_066/cod_066_006.png,escritural,escritural_cod_066,1,train
data/processed/escritural/cod_066/cod_066_011.png,escritural,escritural_cod_066,1,train
data/processed/escritural/cod_066/cod_066_013.png,escritural,escritural_cod_066,1,train
data/processed/escritural/cod_066/cod_066_017.png,escritural,escritural_cod_066,1,train
data/processed/escritural/cod_066/cod_066_015.png,escritural,escritural_cod_066,1,train
data/processed/escritural/cod_066/cod_066_005.png,escritural,escritural_cod_066,1,train
data/processed/escritural/cod_066/cod_066_018.png,escritural,escritural_cod_066,1,train
data/processed/escritural/cod_066/cod_066_002.png,escritural,escritural_cod_066,1,train
data/processed/escritural/cod_066/cod_066_012.png,escritural,escritural_cod_066,1,train
data/processed/escritural/cod_066/cod_066_014.png,escritural,escritural_cod_066,1,train
data/processed/escritural/cod_069/cod_069_003.png,escritural,escritural_cod_069,1,train
data/processed/escritural/cod_069/cod_069_009.png,escritural,escritural_cod_069,1,train
data/processed/escritural/cod_069/cod_069_008.png,escritural,escritural_cod_069,1,train
data/processed/escritural/cod_069/cod_069_002.png,escritural,escritural_cod_069,1,train
data/processed/escritural/cod_069/cod_069_014.png,escritural,escritural_cod_069,1,train
data/processed/escritural/cod_069/cod_069_017.png,escritural,escritural_cod_069,1,train
data/processed/escritural/cod_069/cod_069_004.png,escritural,escritural_cod_069,1,train
data/processed/escritural/cod_069/cod_069_019.png,escritural,escritural_cod_069,1,train
data/processed/escritural/cod_067/cod_067_009.png,escritural,escritural_cod_067,1,train
data/processed/escritural/cod_067/cod_067_017.png,escritural,escritural_cod_067,1,train
data/processed/escritural/cod_067/cod_067_002.png,escritural,escritural_cod_067,1,train
data/processed/escritural/cod_067/cod_067_007.png,escritural,escritural_cod_067,1,train
data/processed/escritural/cod_067/cod_067_021.png,escritural,escritural_cod_067,1,train
data/processed/escritural/cod_067/cod_067_018.png,escritural,escritural_cod_067,1,train
data/processed/escritural/cod_067/cod_067_020.png,escritural,escritural_cod_067,1,train
data/processed/escritural/cod_067/cod_067_015.png,escritural,escritural_cod_067,1,train
data/processed/escritural/cod_067/cod_067_001.png,escritural,escritural_cod_067,1,train
data/processed/escritural/cod_067/cod_067_008.png,escritural,escritural_cod_067,1,train
data/processed/escritural/cod_067/cod_067_000.png,escritural,escritural_cod_067,1,train
data/processed/escritural/cod_067/cod_067_016.png,escritural,escritural_cod_067,1,train
data/processed/escritural/cod_073/cod_073_021.png,escritural,escritural_cod_073,1,train
data/processed/escritural/cod_073/cod_073_006.png,escritural,escritural_cod_073,1,train
data/processed/escritural/cod_073/cod_073_029.png,escritural,escritural_cod_073,1,train
data/processed/escritural/cod_073/cod_073_022.png,escritural,escritural_cod_073,1,train
data/processed/escritural/cod_073/cod_073_020.png,escritural,escritural_cod_073,1,train
data/processed/escritural/cod_073/cod_073_027.png,escritural,escritural_cod_073,1,train
data/processed/escritural/cod_073/cod_073_000.png,escritural,escritural_cod_073,1,train
data/processed/escritural/cod_073/cod_073_019.png,escritural,escritural_cod_073,1,train
data/processed/escritural/cod_073/cod_073_002.png,escritural,escritural_cod_073,1,train
data/processed/escritural/cod_073/cod_073_001.png,escritural,escritural_cod_073,1,train
data/processed/escritural/cod_073/cod_073_028.png,escritural,escritural_cod_073,1,train
data/processed/escritural/cod_074/cod_074_003.png,escritural,escritural_cod_074,1,train
data/processed/escritural/cod_074/cod_074_013.png,escritural,escritural_cod_074,1,train
data/processed/escritural/cod_074/cod_074_015.png,escritural,escritural_cod_074,1,train
data/processed/escritural/cod_074/cod_074_008.png,escritural,escritural_cod_074,1,train
data/processed/escritural/cod_074/cod_074_014.png,escritural,escritural_cod_074,1,train
data/processed/escritural/cod_074/cod_074_001.png,escritural,escritural_cod_074,1,train
data/processed/escritural/cod_074/cod_074_002.png,escritural,escritural_cod_074,1,train
data/processed/escritural/cod_074/cod_074_011.png,escritural,escritural_cod_074,1,train
data/processed/escritural/cod_074/cod_074_012.png,escritural,escritural_cod_074,1,train
data/processed/escritural/cod_074/cod_074_010.png,escritural,escritural_cod_074,1,train
data/processed/escritural/cod_074/cod_074_000.png,escritural,escritural_cod_074,1,train
data/processed/escritural/cod_076/cod_076_009.png,escritural,escritural_cod_076,1,train
data/processed/escritural/cod_076/cod_076_001.png,escritural,escritural_cod_076,1,train
data/processed/escritural/cod_076/cod_076_002.png,escritural,escritural_cod_076,1,train
data/processed/escritural/cod_076/cod_076_003.png,escritural,escritural_cod_076,1,train
data/processed/escritural/cod_076/cod_076_008.png,escritural,escritural_cod_076,1,train
data/processed/escritural/cod_076/cod_076_023.png,escritural,escritural_cod_076,1,train
data/processed/escritural/cod_076/cod_076_005.png,escritural,escritural_cod_076,1,train
data/processed/escritural/cod_082/cod_082_005.png,escritural,escritural_cod_082,1,train
data/processed/escritural/cod_082/cod_082_002.png,escritural,escritural_cod_082,1,train
data/processed/escritural/cod_082/cod_082_008.png,escritural,escritural_cod_082,1,train
data/processed/escritural/cod_082/cod_082_004.png,escritural,escritural_cod_082,1,train
data/processed/escritural/cod_082/cod_082_007.png,escritural,escritural_cod_082,1,train
data/processed/escritural/cod_082/cod_082_003.png,escritural,escritural_cod_082,1,train
data/processed/escritural/cod_102/cod_102_000.png,escritural,escritural_cod_102,1,train
data/processed/escritural/cod_102/cod_102_020.png,escritural,escritural_cod_102,1,train
data/processed/escritural/cod_102/cod_102_003.png,escritural,escritural_cod_102,1,train
data/processed/escritural/cod_102/cod_102_002.png,escritural,escritural_cod_102,1,train
data/processed/escritural/cod_102/cod_102_017.png,escritural,escritural_cod_102,1,train
data/processed/escritural/cod_102/cod_102_001.png,escritural,escritural_cod_102,1,train
data/processed/escritural/cod_102/cod_102_008.png,escritural,escritural_cod_102,1,train
data/processed/escritural/cod_081/cod_081_018.png,escritural,escritural_cod_081,1,train
data/processed/escritural/cod_081/cod_081_000.png,escritural,escritural_cod_081,1,train
data/processed/escritural/cod_081/cod_081_002.png,escritural,escritural_cod_081,1,train
data/processed/escritural/cod_081/cod_081_011.png,escritural,escritural_cod_081,1,train
data/processed/escritural/cod_081/cod_081_014.png,escritural,escritural_cod_081,1,train
data/processed/escritural/cod_081/cod_081_020.png,escritural,escritural_cod_081,1,train
data/processed/escritural/cod_081/cod_081_019.png,escritural,escritural_cod_081,1,train
data/processed/escritural/cod_081/cod_081_006.png,escritural,escritural_cod_081,1,train
data/processed/escritural/cod_081/cod_081_007.png,escritural,escritural_cod_081,1,train
data/processed/escritural/cod_081/cod_081_001.png,escritural,escritural_cod_081,1,train
data/processed/escritural/cod_081/cod_081_013.png,escritural,escritural_cod_081,1,train
data/processed/escritural/cod_081/cod_081_008.png,escritural,escritural_cod_081,1,train
data/processed/escritural/cod_081/cod_081_009.png,escritural,escritural_cod_081,1,train
data/processed/escritural/cod_099/cod_099_001.png,escritural,escritural_cod_099,1,train
data/processed/escritural/cod_099/cod_099_008.png,escritural,escritural_cod_099,1,train
data/processed/escritural/cod_099/cod_099_013.png,escritural,escritural_cod_099,1,train
data/processed/escritural/cod_099/cod_099_005.png,escritural,escritural_cod_099,1,train
data/processed/escritural/cod_099/cod_099_004.png,escritural,escritural_cod_099,1,train
data/processed/escritural/cod_099/cod_099_012.png,escritural,escritural_cod_099,1,train
data/processed/escritural/cod_099/cod_099_003.png,escritural,escritural_cod_099,1,train
data/processed/escritural/cod_099/cod_099_000.png,escritural,escritural_cod_099,1,train
data/processed/escritural/cod_099/cod_099_010.png,escritural,escritural_cod_099,1,train
data/processed/escritural/cod_099/cod_099_009.png,escritural,escritural_cod_099,1,train
data/processed/escritural/cod_099/cod_099_002.png,escritural,escritural_cod_099,1,train
data/processed/escritural/cod_113/cod_113_004.png,escritural,escritural_cod_113,1,train
data/processed/escritural/cod_113/cod_113_005.png,escritural,escritural_cod_113,1,train
data/processed/escritural/cod_113/cod_113_001.png,escritural,escritural_cod_113,1,train
data/processed/escritural/cod_113/cod_113_007.png,escritural,escritural_cod_113,1,train
data/processed/escritural/cod_113/cod_113_002.png,escritural,escritural_cod_113,1,train
data/processed/escritural/cod_110/cod_110_008.png,escritural,escritural_cod_110,1,train
data/processed/escritural/cod_110/cod_110_004.png,escritural,escritural_cod_110,1,train
data/processed/escritural/cod_110/cod_110_003.png,escritural,escritural_cod_110,1,train
data/processed/escritural/cod_110/cod_110_010.png,escritural,escritural_cod_110,1,train
data/processed/escritural/cod_110/cod_110_002.png,escritural,escritural_cod_110,1,train
data/processed/escritural/cod_110/cod_110_000.png,escritural,escritural_cod_110,1,train
data/processed/escritural/cod_110/cod_110_001.png,escritural,escritural_cod_110,1,train
data/processed/escritural/cod_110/cod_110_009.png,escritural,escritural_cod_110,1,train
data/processed/escritural/cod_110/cod_110_006.png,escritural,escritural_cod_110,1,train
data/processed/escritural/cod_110/cod_110_007.png,escritural,escritural_cod_110,1,train
data/processed/escritural/cod_110/cod_110_005.png,escritural,escritural_cod_110,1,train
data/processed/escritural/cod_080/cod_080_001.png,escritural,escritural_cod_080,1,train
data/processed/escritural/cod_080/cod_080_002.png,escritural,escritural_cod_080,1,train
data/processed/escritural/cod_080/cod_080_000.png,escritural,escritural_cod_080,1,train
data/processed/escritural/cod_080/cod_080_012.png,escritural,escritural_cod_080,1,train
data/processed/escritural/cod_080/cod_080_013.png,escritural,escritural_cod_080,1,train
data/processed/escritural/cod_080/cod_080_008.png,escritural,escritural_cod_080,1,train
data/processed/escritural/cod_080/cod_080_014.png,escritural,escritural_cod_080,1,train
data/processed/escritural/cod_080/cod_080_006.png,escritural,escritural_cod_080,1,train
data/processed/escritural/cod_080/cod_080_010.png,escritural,escritural_cod_080,1,train
data/processed/escritural/cod_080/cod_080_009.png,escritural,escritural_cod_080,1,train
data/processed/escritural/cod_080/cod_080_011.png,escritural,escritural_cod_080,1,train
data/processed/escritural/cod_080/cod_080_004.png,escritural,escritural_cod_080,1,train
data/processed/escritural/cod_080/cod_080_005.png,escritural,escritural_cod_080,1,train
data/processed/escritural/cod_117/cod_117_012.png,escritural,escritural_cod_117,1,train
data/processed/escritural/cod_117/cod_117_003.png,escritural,escritural_cod_117,1,train
data/processed/escritural/cod_117/cod_117_001.png,escritural,escritural_cod_117,1,train
data/processed/escritural/cod_117/cod_117_007.png,escritural,escritural_cod_117,1,train
data/processed/escritural/cod_117/cod_117_000.png,escritural,escritural_cod_117,1,train
data/processed/escritural/cod_117/cod_117_002.png,escritural,escritural_cod_117,1,train
data/processed/escritural/cod_117/cod_117_009.png,escritural,escritural_cod_117,1,train
data/processed/escritural/cod_117/cod_117_008.png,escritural,escritural_cod_117,1,train
data/processed/escritural/cod_117/cod_117_006.png,escritural,escritural_cod_117,1,train
data/processed/escritural/cod_117/cod_117_011.png,escritural,escritural_cod_117,1,train
data/processed/escritural/cod_117/cod_117_005.png,escritural,escritural_cod_117,1,train
data/processed/escritural/cod_117/cod_117_004.png,escritural,escritural_cod_117,1,train
data/processed/escritural/cod_117/cod_117_010.png,escritural,escritural_cod_117,1,train
data/processed/escritural/cod_127/cod_127_002.png,escritural,escritural_cod_127,1,train
data/processed/escritural/cod_127/cod_127_004.png,escritural,escritural_cod_127,1,train
data/processed/escritural/cod_127/cod_127_000.png,escritural,escritural_cod_127,1,train
data/processed/escritural/cod_127/cod_127_003.png,escritural,escritural_cod_127,1,train
data/processed/escritural/cod_127/cod_127_006.png,escritural,escritural_cod_127,1,train
data/processed/escritural/cod_136/cod_136_001.png,escritural,escritural_cod_136,1,train
data/processed/escritural/cod_138/cod_138_019.png,escritural,escritural_cod_138,1,train
data/processed/escritural/cod_138/cod_138_000.png,escritural,escritural_cod_138,1,train
data/processed/escritural/cod_138/cod_138_006.png,escritural,escritural_cod_138,1,train
data/processed/escritural/cod_138/cod_138_024.png,escritural,escritural_cod_138,1,train
data/processed/escritural/cod_138/cod_138_001.png,escritural,escritural_cod_138,1,train
data/processed/escritural/cod_138/cod_138_021.png,escritural,escritural_cod_138,1,train
data/processed/escritural/cod_137/cod_137_002.png,escritural,escritural_cod_137,1,train
data/processed/escritural/cod_137/cod_137_003.png,escritural,escritural_cod_137,1,train
data/processed/escritural/cod_137/cod_137_005.png,escritural,escritural_cod_137,1,train
data/processed/escritural/cod_137/cod_137_011.png,escritural,escritural_cod_137,1,train
data/processed/escritural/cod_137/cod_137_009.png,escritural,escritural_cod_137,1,train
data/processed/escritural/cod_137/cod_137_007.png,escritural,escritural_cod_137,1,train
data/processed/escritural/cod_137/cod_137_004.png,escritural,escritural_cod_137,1,train
data/processed/escritural/cod_137/cod_137_000.png,escritural,escritural_cod_137,1,train
data/processed/escritural/cod_137/cod_137_001.png,escritural,escritural_cod_137,1,train
data/processed/escritural/cod_160/cod_160_010.png,escritural,escritural_cod_160,1,train
data/processed/escritural/cod_160/cod_160_004.png,escritural,escritural_cod_160,1,train
data/processed/escritural/cod_160/cod_160_011.png,escritural,escritural_cod_160,1,train
data/processed/escritural/cod_160/cod_160_005.png,escritural,escritural_cod_160,1,train
data/processed/escritural/cod_160/cod_160_001.png,escritural,escritural_cod_160,1,train
data/processed/escritural/cod_160/cod_160_012.png,escritural,escritural_cod_160,1,train
data/processed/escritural/cod_160/cod_160_007.png,escritural,escritural_cod_160,1,train
data/processed/grotesco/cod_004/cod_004_002.png,grotesco,grotesco_cod_004,1,train
data/processed/grotesco/cod_004/cod_004_000.png,grotesco,grotesco_cod_004,1,train
data/processed/grotesco/cod_004/cod_004_006.png,grotesco,grotesco_cod_004,1,train
data/processed/grotesco/cod_004/cod_004_004.png,grotesco,grotesco_cod_004,1,train
data/processed/grotesco/cod_004/cod_004_010.png,grotesco,grotesco_cod_004,1,train
data/processed/grotesco/cod_004/cod_004_008.png,grotesco,grotesco_cod_004,1,train
data/processed/grotesco/cod_004/cod_004_013.png,grotesco,grotesco_cod_004,1,train
data/processed/grotesco/cod_004/cod_004_011.png,grotesco,grotesco_cod_004,1,train
data/processed/grotesco/cod_004/cod_004_001.png,grotesco,grotesco_cod_004,1,train
data/processed/grotesco/cod_004/cod_004_003.png,grotesco,grotesco_cod_004,1,train
data/processed/grotesco/cod_004/cod_004_005.png,grotesco,grotesco_cod_004,1,train
data/processed/grotesco/cod_004/cod_004_012.png,grotesco,grotesco_cod_004,1,train
data/processed/grotesco/cod_004/cod_004_007.png,grotesco,grotesco_cod_004,1,train
data/processed/grotesco/cod_003/cod_003_000.png,grotesco,grotesco_cod_003,1,train
data/processed/grotesco/cod_003/cod_003_001.png,grotesco,grotesco_cod_003,1,train
data/processed/grotesco/cod_003/cod_003_007.png,grotesco,grotesco_cod_003,1,train
data/processed/grotesco/cod_003/cod_003_008.png,grotesco,grotesco_cod_003,1,train
data/processed/grotesco/cod_003/cod_003_006.png,grotesco,grotesco_cod_003,1,train
data/processed/grotesco/cod_003/cod_003_012.png,grotesco,grotesco_cod_003,1,train
data/processed/grotesco/cod_003/cod_003_011.png,grotesco,grotesco_cod_003,1,train
data/processed/grotesco/cod_003/cod_003_003.png,grotesco,grotesco_cod_003,1,train
data/processed/grotesco/cod_003/cod_003_002.png,grotesco,grotesco_cod_003,1,train
data/processed/grotesco/cod_003/cod_003_004.png,grotesco,grotesco_cod_003,1,train
data/processed/grotesco/cod_003/cod_003_010.png,grotesco,grotesco_cod_003,1,train
data/processed/grotesco/cod_003/cod_003_005.png,grotesco,grotesco_cod_003,1,train
data/processed/grotesco/cod_003/cod_003_009.png,grotesco,grotesco_cod_003,1,train
data/processed/grotesco/cod_008/cod_008_001.png,grotesco,grotesco_cod_008,1,train
data/processed/grotesco/cod_008/cod_008_009.png,grotesco,grotesco_cod_008,1,train
data/processed/grotesco/cod_008/cod_008_008.png,grotesco,grotesco_cod_008,1,train
data/processed/grotesco/cod_008/cod_008_002.png,grotesco,grotesco_cod_008,1,train
data/processed/grotesco/cod_008/cod_008_007.png,grotesco,grotesco_cod_008,1,train
data/processed/grotesco/cod_008/cod_008_000.png,grotesco,grotesco_cod_008,1,train
data/processed/grotesco/cod_008/cod_008_006.png,grotesco,grotesco_cod_008,1,train
data/processed/grotesco/cod_008/cod_008_005.png,grotesco,grotesco_cod_008,1,train
data/processed/grotesco/cod_008/cod_008_003.png,grotesco,grotesco_cod_008,1,train
data/processed/grotesco/cod_031/cod_031_013.png,grotesco,grotesco_cod_031,1,train
data/processed/grotesco/cod_031/cod_031_011.png,grotesco,grotesco_cod_031,1,train
data/processed/grotesco/cod_031/cod_031_009.png,grotesco,grotesco_cod_031,1,train
data/processed/grotesco/cod_031/cod_031_012.png,grotesco,grotesco_cod_031,1,train
data/processed/grotesco/cod_031/cod_031_002.png,grotesco,grotesco_cod_031,1,train
data/processed/grotesco/cod_031/cod_031_008.png,grotesco,grotesco_cod_031,1,train
data/processed/grotesco/cod_031/cod_031_003.png,grotesco,grotesco_cod_031,1,train
data/processed/grotesco/cod_031/cod_031_005.png,grotesco,grotesco_cod_031,1,train
data/processed/grotesco/cod_031/cod_031_006.png,grotesco,grotesco_cod_031,1,train
data/processed/grotesco/cod_031/cod_031_004.png,grotesco,grotesco_cod_031,1,train
data/processed/grotesco/cod_031/cod_031_001.png,grotesco,grotesco_cod_031,1,train
data/processed/grotesco/cod_031/cod_031_000.png,grotesco,grotesco_cod_031,1,train
data/processed/grotesco/cod_031/cod_031_007.png,grotesco,grotesco_cod_031,1,train
data/processed/grotesco/cod_031/cod_031_010.png,grotesco,grotesco_cod_031,1,train
data/processed/grotesco/cod_024/cod_024_004.png,grotesco,grotesco_cod_024,1,train
data/processed/grotesco/cod_024/cod_024_001.png,grotesco,grotesco_cod_024,1,train
data/processed/grotesco/cod_024/cod_024_008.png,grotesco,grotesco_cod_024,1,train
data/processed/grotesco/cod_024/cod_024_002.png,grotesco,grotesco_cod_024,1,train
data/processed/grotesco/cod_024/cod_024_003.png,grotesco,grotesco_cod_024,1,train
data/processed/grotesco/cod_024/cod_024_007.png,grotesco,grotesco_cod_024,1,train
data/processed/grotesco/cod_035/cod_035_005.png,grotesco,grotesco_cod_035,1,train
data/processed/grotesco/cod_035/cod_035_012.png,grotesco,grotesco_cod_035,1,train
data/processed/grotesco/cod_035/cod_035_002.png,grotesco,grotesco_cod_035,1,train
data/processed/grotesco/cod_035/cod_035_000.png,grotesco,grotesco_cod_035,1,train
data/processed/grotesco/cod_035/cod_035_011.png,grotesco,grotesco_cod_035,1,train
data/processed/grotesco/cod_035/cod_035_003.png,grotesco,grotesco_cod_035,1,train
data/processed/grotesco/cod_035/cod_035_001.png,grotesco,grotesco_cod_035,1,train
data/processed/grotesco/cod_035/cod_035_009.png,grotesco,grotesco_cod_035,1,train
data/processed/grotesco/cod_035/cod_035_008.png,grotesco,grotesco_cod_035,1,train
data/processed/grotesco/cod_035/cod_035_007.png,grotesco,grotesco_cod_035,1,train
data/processed/grotesco/cod_035/cod_035_004.png,grotesco,grotesco_cod_035,1,train
data/processed/grotesco/cod_035/cod_035_006.png,grotesco,grotesco_cod_035,1,train
data/processed/grotesco/cod_035/cod_035_013.png,grotesco,grotesco_cod_035,1,train
data/processed/grotesco/cod_040/cod_040_013.png,grotesco,grotesco_cod_040,1,train
data/processed/grotesco/cod_040/cod_040_003.png,grotesco,grotesco_cod_040,1,train
data/processed/grotesco/cod_040/cod_040_004.png,grotesco,grotesco_cod_040,1,train
data/processed/grotesco/cod_040/cod_040_012.png,grotesco,grotesco_cod_040,1,train
data/processed/grotesco/cod_040/cod_040_001.png,grotesco,grotesco_cod_040,1,train
data/processed/grotesco/cod_040/cod_040_005.png,grotesco,grotesco_cod_040,1,train
data/processed/grotesco/cod_040/cod_040_007.png,grotesco,grotesco_cod_040,1,train
data/processed/grotesco/cod_040/cod_040_008.png,grotesco,grotesco_cod_040,1,train
data/processed/grotesco/cod_040/cod_040_011.png,grotesco,grotesco_cod_040,1,train
data/processed/grotesco/cod_040/cod_040_009.png,grotesco,grotesco_cod_040,1,train
data/processed/grotesco/cod_040/cod_040_014.png,grotesco,grotesco_cod_040,1,train
data/processed/grotesco/cod_041/cod_041_002.png,grotesco,grotesco_cod_041,1,train
data/processed/grotesco/cod_041/cod_041_007.png,grotesco,grotesco_cod_041,1,train
data/processed/grotesco/cod_041/cod_041_009.png,grotesco,grotesco_cod_041,1,train
data/processed/grotesco/cod_041/cod_041_005.png,grotesco,grotesco_cod_041,1,train
data/processed/grotesco/cod_041/cod_041_011.png,grotesco,grotesco_cod_041,1,train
data/processed/grotesco/cod_041/cod_041_008.png,grotesco,grotesco_cod_041,1,train
data/processed/grotesco/cod_041/cod_041_006.png,grotesco,grotesco_cod_041,1,train
data/processed/grotesco/cod_041/cod_041_001.png,grotesco,grotesco_cod_041,1,train
data/processed/grotesco/cod_041/cod_041_003.png,grotesco,grotesco_cod_041,1,train
data/processed/grotesco/cod_041/cod_041_004.png,grotesco,grotesco_cod_041,1,train
data/processed/grotesco/cod_041/cod_041_010.png,grotesco,grotesco_cod_041,1,train
data/processed/grotesco/cod_041/cod_041_000.png,grotesco,grotesco_cod_041,1,train
data/processed/grotesco/cod_051/cod_051_012.png,grotesco,grotesco_cod_051,1,train
data/processed/grotesco/cod_051/cod_051_005.png,grotesco,grotesco_cod_051,1,train
data/processed/grotesco/cod_051/cod_051_015.png,grotesco,grotesco_cod_051,1,train
data/processed/grotesco/cod_051/cod_051_010.png,grotesco,grotesco_cod_051,1,train
data/processed/grotesco/cod_051/cod_051_009.png,grotesco,grotesco_cod_051,1,train
data/processed/grotesco/cod_051/cod_051_016.png,grotesco,grotesco_cod_051,1,train
data/processed/grotesco/cod_051/cod_051_017.png,grotesco,grotesco_cod_051,1,train
data/processed/grotesco/cod_051/cod_051_011.png,grotesco,grotesco_cod_051,1,train
data/processed/grotesco/cod_051/cod_051_007.png,grotesco,grotesco_cod_051,1,train
data/processed/grotesco/cod_051/cod_051_006.png,grotesco,grotesco_cod_051,1,train
data/processed/grotesco/cod_042/cod_042_002.png,grotesco,grotesco_cod_042,1,train
data/processed/grotesco/cod_042/cod_042_000.png,grotesco,grotesco_cod_042,1,train
data/processed/grotesco/cod_042/cod_042_006.png,grotesco,grotesco_cod_042,1,train
data/processed/grotesco/cod_042/cod_042_009.png,grotesco,grotesco_cod_042,1,train
data/processed/grotesco/cod_042/cod_042_001.png,grotesco,grotesco_cod_042,1,train
data/processed/grotesco/cod_042/cod_042_004.png,grotesco,grotesco_cod_042,1,train
data/processed/grotesco/cod_042/cod_042_008.png,grotesco,grotesco_cod_042,1,train
data/processed/grotesco/cod_048/cod_048_026.png,grotesco,grotesco_cod_048,1,train
data/processed/grotesco/cod_048/cod_048_017.png,grotesco,grotesco_cod_048,1,train
data/processed/grotesco/cod_048/cod_048_009.png,grotesco,grotesco_cod_048,1,train
data/processed/grotesco/cod_048/cod_048_008.png,grotesco,grotesco_cod_048,1,train
data/processed/grotesco/cod_048/cod_048_028.png,grotesco,grotesco_cod_048,1,train
data/processed/grotesco/cod_048/cod_048_011.png,grotesco,grotesco_cod_048,1,train
data/processed/grotesco/cod_048/cod_048_032.png,grotesco,grotesco_cod_048,1,train
data/processed/grotesco/cod_048/cod_048_018.png,grotesco,grotesco_cod_048,1,train
data/processed/grotesco/cod_048/cod_048_027.png,grotesco,grotesco_cod_048,1,train
data/processed/grotesco/cod_056/cod_056_001.png,grotesco,grotesco_cod_056,1,train
data/processed/grotesco/cod_056/cod_056_018.png,grotesco,grotesco_cod_056,1,train
data/processed/grotesco/cod_056/cod_056_015.png,grotesco,grotesco_cod_056,1,train
data/processed/grotesco/cod_056/cod_056_011.png,grotesco,grotesco_cod_056,1,train
data/processed/grotesco/cod_056/cod_056_016.png,grotesco,grotesco_cod_056,1,train
data/processed/grotesco/cod_056/cod_056_019.png,grotesco,grotesco_cod_056,1,train
data/processed/grotesco/cod_056/cod_056_010.png,grotesco,grotesco_cod_056,1,train
data/processed/grotesco/cod_056/cod_056_014.png,grotesco,grotesco_cod_056,1,train
data/processed/grotesco/cod_056/cod_056_002.png,grotesco,grotesco_cod_056,1,train
data/processed/grotesco/cod_056/cod_056_017.png,grotesco,grotesco_cod_056,1,train
data/processed/grotesco/cod_056/cod_056_012.png,grotesco,grotesco_cod_056,1,train
data/processed/grotesco/cod_056/cod_056_003.png,grotesco,grotesco_cod_056,1,train
data/processed/grotesco/cod_064/cod_064_008.png,grotesco,grotesco_cod_064,1,train
data/processed/grotesco/cod_064/cod_064_006.png,grotesco,grotesco_cod_064,1,train
data/processed/grotesco/cod_064/cod_064_012.png,grotesco,grotesco_cod_064,1,train
data/processed/grotesco/cod_064/cod_064_009.png,grotesco,grotesco_cod_064,1,train
data/processed/grotesco/cod_064/cod_064_011.png,grotesco,grotesco_cod_064,1,train
data/processed/grotesco/cod_064/cod_064_007.png,grotesco,grotesco_cod_064,1,train
data/processed/grotesco/cod_064/cod_064_010.png,grotesco,grotesco_cod_064,1,train
data/processed/grotesco/cod_064/cod_064_004.png,grotesco,grotesco_cod_064,1,train
data/processed/grotesco/cod_053/cod_053_003.png,grotesco,grotesco_cod_053,1,train
data/processed/grotesco/cod_053/cod_053_002.png,grotesco,grotesco_cod_053,1,train
data/processed/grotesco/cod_053/cod_053_007.png,grotesco,grotesco_cod_053,1,train
data/processed/grotesco/cod_053/cod_053_001.png,grotesco,grotesco_cod_053,1,train
data/processed/grotesco/cod_053/cod_053_008.png,grotesco,grotesco_cod_053,1,train
data/processed/grotesco/cod_053/cod_053_006.png,grotesco,grotesco_cod_053,1,train
data/processed/grotesco/cod_053/cod_053_005.png,grotesco,grotesco_cod_053,1,train
data/processed/grotesco/cod_055/cod_055_012.png,grotesco,grotesco_cod_055,1,train
data/processed/grotesco/cod_055/cod_055_000.png,grotesco,grotesco_cod_055,1,train
data/processed/grotesco/cod_055/cod_055_011.png,grotesco,grotesco_cod_055,1,train
data/processed/grotesco/cod_055/cod_055_001.png,grotesco,grotesco_cod_055,1,train
data/processed/grotesco/cod_055/cod_055_013.png,grotesco,grotesco_cod_055,1,train
data/processed/grotesco/cod_055/cod_055_004.png,grotesco,grotesco_cod_055,1,train
data/processed/grotesco/cod_055/cod_055_002.png,grotesco,grotesco_cod_055,1,train
data/processed/grotesco/cod_055/cod_055_009.png,grotesco,grotesco_cod_055,1,train
data/processed/grotesco/cod_055/cod_055_007.png,grotesco,grotesco_cod_055,1,train
data/processed/grotesco/cod_055/cod_055_005.png,grotesco,grotesco_cod_055,1,train
data/processed/grotesco/cod_055/cod_055_003.png,grotesco,grotesco_cod_055,1,train
data/processed/grotesco/cod_055/cod_055_006.png,grotesco,grotesco_cod_055,1,train
data/processed/grotesco/cod_055/cod_055_008.png,grotesco,grotesco_cod_055,1,train
data/processed/grotesco/cod_088/cod_088_004.png,grotesco,grotesco_cod_088,1,train
data/processed/grotesco/cod_088/cod_088_011.png,grotesco,grotesco_cod_088,1,train
data/processed/grotesco/cod_088/cod_088_006.png,grotesco,grotesco_cod_088,1,train
data/processed/grotesco/cod_088/cod_088_010.png,grotesco,grotesco_cod_088,1,train
data/processed/grotesco/cod_088/cod_088_005.png,grotesco,grotesco_cod_088,1,train
data/processed/grotesco/cod_088/cod_088_012.png,grotesco,grotesco_cod_088,1,train
data/processed/grotesco/cod_088/cod_088_000.png,grotesco,grotesco_cod_088,1,train
data/processed/grotesco/cod_088/cod_088_002.png,grotesco,grotesco_cod_088,1,train
data/processed/grotesco/cod_088/cod_088_008.png,grotesco,grotesco_cod_088,1,train
data/processed/grotesco/cod_088/cod_088_001.png,grotesco,grotesco_cod_088,1,train
data/processed/grotesco/cod_088/cod_088_007.png,grotesco,grotesco_cod_088,1,train
data/processed/grotesco/cod_088/cod_088_003.png,grotesco,grotesco_cod_088,1,train
data/processed/grotesco/cod_088/cod_088_009.png,grotesco,grotesco_cod_088,1,train
data/processed/grotesco/cod_093/cod_093_013.png,grotesco,grotesco_cod_093,1,train
data/processed/grotesco/cod_093/cod_093_009.png,grotesco,grotesco_cod_093,1,train
data/processed/grotesco/cod_093/cod_093_006.png,grotesco,grotesco_cod_093,1,train
data/processed/grotesco/cod_093/cod_093_015.png,grotesco,grotesco_cod_093,1,train
data/processed/grotesco/cod_093/cod_093_008.png,grotesco,grotesco_cod_093,1,train
data/processed/grotesco/cod_093/cod_093_000.png,grotesco,grotesco_cod_093,1,train
data/processed/grotesco/cod_093/cod_093_001.png,grotesco,grotesco_cod_093,1,train
data/processed/grotesco/cod_093/cod_093_004.png,grotesco,grotesco_cod_093,1,train
data/processed/grotesco/cod_093/cod_093_003.png,grotesco,grotesco_cod_093,1,train
data/processed/grotesco/cod_093/cod_093_007.png,grotesco,grotesco_cod_093,1,train
data/processed/grotesco/cod_093/cod_093_012.png,grotesco,grotesco_cod_093,1,train
data/processed/grotesco/cod_094/cod_094_008.png,grotesco,grotesco_cod_094,1,train
data/processed/grotesco/cod_094/cod_094_007.png,grotesco,grotesco_cod_094,1,train
data/processed/grotesco/cod_094/cod_094_001.png,grotesco,grotesco_cod_094,1,train
data/processed/grotesco/cod_094/cod_094_002.png,grotesco,grotesco_cod_094,1,train
data/processed/grotesco/cod_094/cod_094_004.png,grotesco,grotesco_cod_094,1,train
data/processed/grotesco/cod_094/cod_094_003.png,grotesco,grotesco_cod_094,1,train
data/processed/grotesco/cod_094/cod_094_006.png,grotesco,grotesco_cod_094,1,train
data/processed/grotesco/cod_097/cod_097_003.png,grotesco,grotesco_cod_097,1,train
data/processed/grotesco/cod_097/cod_097_007.png,grotesco,grotesco_cod_097,1,train
data/processed/grotesco/cod_097/cod_097_005.png,grotesco,grotesco_cod_097,1,train
data/processed/grotesco/cod_097/cod_097_001.png,grotesco,grotesco_cod_097,1,train
data/processed/grotesco/cod_097/cod_097_000.png,grotesco,grotesco_cod_097,1,train
data/processed/grotesco/cod_097/cod_097_010.png,grotesco,grotesco_cod_097,1,train
data/processed/grotesco/cod_097/cod_097_008.png,grotesco,grotesco_cod_097,1,train
data/processed/grotesco/cod_097/cod_097_009.png,grotesco,grotesco_cod_097,1,train
data/processed/grotesco/cod_096/cod_096_010.png,grotesco,grotesco_cod_096,1,train
data/processed/grotesco/cod_096/cod_096_007.png,grotesco,grotesco_cod_096,1,train
data/processed/grotesco/cod_096/cod_096_005.png,grotesco,grotesco_cod_096,1,train
data/processed/grotesco/cod_096/cod_096_003.png,grotesco,grotesco_cod_096,1,train
data/processed/grotesco/cod_096/cod_096_011.png,grotesco,grotesco_cod_096,1,train
data/processed/grotesco/cod_096/cod_096_004.png,grotesco,grotesco_cod_096,1,train
data/processed/grotesco/cod_096/cod_096_002.png,grotesco,grotesco_cod_096,1,train
data/processed/grotesco/cod_096/cod_096_012.png,grotesco,grotesco_cod_096,1,train
data/processed/grotesco/cod_096/cod_096_009.png,grotesco,grotesco_cod_096,1,train
data/processed/grotesco/cod_096/cod_096_006.png,grotesco,grotesco_cod_096,1,train
data/processed/grotesco/cod_096/cod_096_000.png,grotesco,grotesco_cod_096,1,train
data/processed/grotesco/cod_098/cod_098_003.png,grotesco,grotesco_cod_098,1,train
data/processed/grotesco/cod_098/cod_098_005.png,grotesco,grotesco_cod_098,1,train
data/processed/grotesco/cod_098/cod_098_001.png,grotesco,grotesco_cod_098,1,train
data/processed/grotesco/cod_098/cod_098_007.png,grotesco,grotesco_cod_098,1,train
data/processed/grotesco/cod_098/cod_098_012.png,grotesco,grotesco_cod_098,1,train
data/processed/grotesco/cod_098/cod_098_000.png,grotesco,grotesco_cod_098,1,train
data/processed/grotesco/cod_098/cod_098_006.png,grotesco,grotesco_cod_098,1,train
data/processed/grotesco/cod_098/cod_098_004.png,grotesco,grotesco_cod_098,1,train
data/processed/grotesco/cod_098/cod_098_002.png,grotesco,grotesco_cod_098,1,train
data/processed/grotesco/cod_098/cod_098_011.png,grotesco,grotesco_cod_098,1,train
data/processed/grotesco/cod_098/cod_098_008.png,grotesco,grotesco_cod_098,1,train
data/processed/grotesco/cod_098/cod_098_010.png,grotesco,grotesco_cod_098,1,train
data/processed/grotesco/cod_101/cod_101_009.png,grotesco,grotesco_cod_101,1,train
data/processed/grotesco/cod_101/cod_101_010.png,grotesco,grotesco_cod_101,1,train
data/processed/grotesco/cod_101/cod_101_001.png,grotesco,grotesco_cod_101,1,train
data/processed/grotesco/cod_101/cod_101_004.png,grotesco,grotesco_cod_101,1,train
data/processed/grotesco/cod_101/cod_101_008.png,grotesco,grotesco_cod_101,1,train
data/processed/grotesco/cod_101/cod_101_006.png,grotesco,grotesco_cod_101,1,train
data/processed/grotesco/cod_101/cod_101_002.png,grotesco,grotesco_cod_101,1,train
data/processed/grotesco/cod_101/cod_101_013.png,grotesco,grotesco_cod_101,1,train
data/processed/grotesco/cod_101/cod_101_007.png,grotesco,grotesco_cod_101,1,train
data/processed/grotesco/cod_101/cod_101_012.png,grotesco,grotesco_cod_101,1,train
data/processed/grotesco/cod_101/cod_101_005.png,grotesco,grotesco_cod_101,1,train
data/processed/grotesco/cod_101/cod_101_011.png,grotesco,grotesco_cod_101,1,train
data/processed/grotesco/cod_101/cod_101_003.png,grotesco,grotesco_cod_101,1,train
data/processed/grotesco/cod_100/cod_100_003.png,grotesco,grotesco_cod_100,1,train
data/processed/grotesco/cod_100/cod_100_009.png,grotesco,grotesco_cod_100,1,train
data/processed/grotesco/cod_100/cod_100_008.png,grotesco,grotesco_cod_100,1,train
data/processed/grotesco/cod_100/cod_100_006.png,grotesco,grotesco_cod_100,1,train
data/processed/grotesco/cod_100/cod_100_013.png,grotesco,grotesco_cod_100,1,train
data/processed/grotesco/cod_100/cod_100_012.png,grotesco,grotesco_cod_100,1,train
data/processed/grotesco/cod_100/cod_100_002.png,grotesco,grotesco_cod_100,1,train
data/processed/grotesco/cod_100/cod_100_007.png,grotesco,grotesco_cod_100,1,train
data/processed/grotesco/cod_100/cod_100_004.png,grotesco,grotesco_cod_100,1,train
data/processed/grotesco/cod_100/cod_100_001.png,grotesco,grotesco_cod_100,1,train
data/processed/grotesco/cod_100/cod_100_005.png,grotesco,grotesco_cod_100,1,train
data/processed/grotesco/cod_100/cod_100_011.png,grotesco,grotesco_cod_100,1,train
data/processed/grotesco/cod_100/cod_100_010.png,grotesco,grotesco_cod_100,1,train
data/processed/grotesco/cod_109/cod_109_009.png,grotesco,grotesco_cod_109,1,train
data/processed/grotesco/cod_109/cod_109_008.png,grotesco,grotesco_cod_109,1,train
data/processed/grotesco/cod_109/cod_109_011.png,grotesco,grotesco_cod_109,1,train
data/processed/grotesco/cod_109/cod_109_012.png,grotesco,grotesco_cod_109,1,train
data/processed/grotesco/cod_109/cod_109_006.png,grotesco,grotesco_cod_109,1,train
data/processed/grotesco/cod_109/cod_109_002.png,grotesco,grotesco_cod_109,1,train
data/processed/grotesco/cod_109/cod_109_007.png,grotesco,grotesco_cod_109,1,train
data/processed/grotesco/cod_109/cod_109_010.png,grotesco,grotesco_cod_109,1,train
data/processed/grotesco/cod_109/cod_109_005.png,grotesco,grotesco_cod_109,1,train
data/processed/grotesco/cod_109/cod_109_001.png,grotesco,grotesco_cod_109,1,train
data/processed/grotesco/cod_109/cod_109_004.png,grotesco,grotesco_cod_109,1,train
data/processed/grotesco/cod_109/cod_109_000.png,grotesco,grotesco_cod_109,1,train
data/processed/grotesco/cod_109/cod_109_003.png,grotesco,grotesco_cod_109,1,train
data/processed/grotesco/cod_103/cod_103_002.png,grotesco,grotesco_cod_103,1,train
data/processed/grotesco/cod_103/cod_103_006.png,grotesco,grotesco_cod_103,1,train
data/processed/grotesco/cod_103/cod_103_001.png,grotesco,grotesco_cod_103,1,train
data/processed/grotesco/cod_103/cod_103_012.png,grotesco,grotesco_cod_103,1,train
data/processed/grotesco/cod_103/cod_103_007.png,grotesco,grotesco_cod_103,1,train
data/processed/grotesco/cod_103/cod_103_003.png,grotesco,grotesco_cod_103,1,train
data/processed/grotesco/cod_103/cod_103_009.png,grotesco,grotesco_cod_103,1,train
data/processed/grotesco/cod_103/cod_103_010.png,grotesco,grotesco_cod_103,1,train
data/processed/grotesco/cod_103/cod_103_008.png,grotesco,grotesco_cod_103,1,train
data/processed/grotesco/cod_103/cod_103_011.png,grotesco,grotesco_cod_103,1,train
data/processed/grotesco/cod_103/cod_103_004.png,grotesco,grotesco_cod_103,1,train
data/processed/grotesco/cod_103/cod_103_005.png,grotesco,grotesco_cod_103,1,train
data/processed/grotesco/cod_103/cod_103_000.png,grotesco,grotesco_cod_103,1,train
data/processed/grotesco/cod_142/cod_142_001.png,grotesco,grotesco_cod_142,1,train
data/processed/grotesco/cod_142/cod_142_003.png,grotesco,grotesco_cod_142,1,train
data/processed/grotesco/cod_116/cod_116_013.png,grotesco,grotesco_cod_116,1,train
data/processed/grotesco/cod_116/cod_116_012.png,grotesco,grotesco_cod_116,1,train
data/processed/grotesco/cod_116/cod_116_003.png,grotesco,grotesco_cod_116,1,train
data/processed/grotesco/cod_116/cod_116_001.png,grotesco,grotesco_cod_116,1,train
data/processed/grotesco/cod_116/cod_116_002.png,grotesco,grotesco_cod_116,1,train
data/processed/grotesco/cod_116/cod_116_011.png,grotesco,grotesco_cod_116,1,train
data/processed/grotesco/cod_116/cod_116_010.png,grotesco,grotesco_cod_116,1,train
data/processed/grotesco/cod_116/cod_116_007.png,grotesco,grotesco_cod_116,1,train
data/processed/grotesco/cod_116/cod_116_009.png,grotesco,grotesco_cod_116,1,train
data/processed/grotesco/cod_116/cod_116_006.png,grotesco,grotesco_cod_116,1,train
data/processed/grotesco/cod_116/cod_116_008.png,grotesco,grotesco_cod_116,1,train
data/processed/grotesco/cod_116/cod_116_005.png,grotesco,grotesco_cod_116,1,train
data/processed/grotesco/cod_141/cod_141_005.png,grotesco,grotesco_cod_141,1,train
data/processed/grotesco/cod_141/cod_141_001.png,grotesco,grotesco_cod_141,1,train
data/processed/grotesco/cod_141/cod_141_007.png,grotesco,grotesco_cod_141,1,train
data/processed/grotesco/cod_141/cod_141_004.png,grotesco,grotesco_cod_141,1,train
data/processed/grotesco/cod_141/cod_141_002.png,grotesco,grotesco_cod_141,1,train
data/processed/grotesco/cod_141/cod_141_010.png,grotesco,grotesco_cod_141,1,train
data/processed/grotesco/cod_141/cod_141_006.png,grotesco,grotesco_cod_141,1,train
data/processed/grotesco/cod_141/cod_141_008.png,grotesco,grotesco_cod_141,1,train
data/processed/grotesco/cod_141/cod_141_000.png,grotesco,grotesco_cod_141,1,train
data/processed/grotesco/cod_141/cod_141_009.png,grotesco,grotesco_cod_141,1,train
data/processed/grotesco/cod_134/cod_134_000.png,grotesco,grotesco_cod_134,1,train
data/processed/grotesco/cod_134/cod_134_006.png,grotesco,grotesco_cod_134,1,train
data/processed/grotesco/cod_134/cod_134_011.png,grotesco,grotesco_cod_134,1,train
data/processed/grotesco/cod_134/cod_134_005.png,grotesco,grotesco_cod_134,1,train
data/processed/grotesco/cod_134/cod_134_009.png,grotesco,grotesco_cod_134,1,train
data/processed/grotesco/cod_134/cod_134_013.png,grotesco,grotesco_cod_134,1,train
data/processed/grotesco/cod_134/cod_134_010.png,grotesco,grotesco_cod_134,1,train
data/processed/grotesco/cod_134/cod_134_007.png,grotesco,grotesco_cod_134,1,train
data/processed/grotesco/cod_134/cod_134_001.png,grotesco,grotesco_cod_134,1,train
data/processed/grotesco/cod_134/cod_134_014.png,grotesco,grotesco_cod_134,1,train
data/processed/grotesco/cod_134/cod_134_004.png,grotesco,grotesco_cod_134,1,train
data/processed/grotesco/cod_134/cod_134_003.png,grotesco,grotesco_cod_134,1,train
data/processed/grotesco/cod_134/cod_134_012.png,grotesco,grotesco_cod_134,1,train
data/processed/grotesco/cod_104/cod_104_003.png,grotesco,grotesco_cod_104,1,train
data/processed/grotesco/cod_104/cod_104_010.png,grotesco,grotesco_cod_104,1,train
data/processed/grotesco/cod_104/cod_104_001.png,grotesco,grotesco_cod_104,1,train
data/processed/grotesco/cod_104/cod_104_006.png,grotesco,grotesco_cod_104,1,train
data/processed/grotesco/cod_104/cod_104_011.png,grotesco,grotesco_cod_104,1,train
data/processed/grotesco/cod_104/cod_104_012.png,grotesco,grotesco_cod_104,1,train
data/processed/grotesco/cod_104/cod_104_008.png,grotesco,grotesco_cod_104,1,train
data/processed/grotesco/cod_104/cod_104_005.png,grotesco,grotesco_cod_104,1,train
data/processed/grotesco/cod_104/cod_104_007.png,grotesco,grotesco_cod_104,1,train
data/processed/grotesco/cod_104/cod_104_002.png,grotesco,grotesco_cod_104,1,train
data/processed/grotesco/cod_104/cod_104_004.png,grotesco,grotesco_cod_104,1,train
data/processed/grotesco/cod_104/cod_104_009.png,grotesco,grotesco_cod_104,1,train
data/processed/grotesco/cod_104/cod_104_000.png,grotesco,grotesco_cod_104,1,train
data/processed/grotesco/cod_133/cod_133_004.png,grotesco,grotesco_cod_133,1,train
data/processed/grotesco/cod_133/cod_133_002.png,grotesco,grotesco_cod_133,1,train
data/processed/grotesco/cod_133/cod_133_006.png,grotesco,grotesco_cod_133,1,train
data/processed/grotesco/cod_133/cod_133_011.png,grotesco,grotesco_cod_133,1,train
data/processed/grotesco/cod_133/cod_133_012.png,grotesco,grotesco_cod_133,1,train
data/processed/grotesco/cod_133/cod_133_001.png,grotesco,grotesco_cod_133,1,train
data/processed/grotesco/cod_133/cod_133_007.png,grotesco,grotesco_cod_133,1,train
data/processed/grotesco/cod_133/cod_133_003.png,grotesco,grotesco_cod_133,1,train
data/processed/grotesco/cod_133/cod_133_000.png,grotesco,grotesco_cod_133,1,train
data/processed/grotesco/cod_133/cod_133_005.png,grotesco,grotesco_cod_133,1,train
data/processed/grotesco/cod_133/cod_133_009.png,grotesco,grotesco_cod_133,1,train
data/processed/grotesco/cod_133/cod_133_010.png,grotesco,grotesco_cod_133,1,train
data/processed/grotesco/cod_133/cod_133_008.png,grotesco,grotesco_cod_133,1,train
data/processed/grotesco/cod_144/cod_144_009.png,grotesco,grotesco_cod_144,1,train
data/processed/grotesco/cod_144/cod_144_010.png,grotesco,grotesco_cod_144,1,train
data/processed/grotesco/cod_144/cod_144_006.png,grotesco,grotesco_cod_144,1,train
data/processed/grotesco/cod_144/cod_144_004.png,grotesco,grotesco_cod_144,1,train
data/processed/grotesco/cod_144/cod_144_005.png,grotesco,grotesco_cod_144,1,train
data/processed/grotesco/cod_144/cod_144_000.png,grotesco,grotesco_cod_144,1,train
data/processed/grotesco/cod_144/cod_144_012.png,grotesco,grotesco_cod_144,1,train
data/processed/grotesco/cod_144/cod_144_001.png,grotesco,grotesco_cod_144,1,train
data/processed/grotesco/cod_144/cod_144_011.png,grotesco,grotesco_cod_144,1,train
data/processed/grotesco/cod_143/cod_143_005.png,grotesco,grotesco_cod_143,1,train
data/processed/grotesco/cod_143/cod_143_001.png,grotesco,grotesco_cod_143,1,train
data/processed/grotesco/cod_143/cod_143_003.png,grotesco,grotesco_cod_143,1,train
data/processed/grotesco/cod_143/cod_143_009.png,grotesco,grotesco_cod_143,1,train
data/processed/grotesco/cod_143/cod_143_006.png,grotesco,grotesco_cod_143,1,train
data/processed/grotesco/cod_143/cod_143_010.png,grotesco,grotesco_cod_143,1,train
data/processed/grotesco/cod_143/cod_143_007.png,grotesco,grotesco_cod_143,1,train
data/processed/grotesco/cod_143/cod_143_004.png,grotesco,grotesco_cod_143,1,train
data/processed/grotesco/cod_143/cod_143_002.png,grotesco,grotesco_cod_143,1,train
data/processed/grotesco/cod_146/cod_146_004.png,grotesco,grotesco_cod_146,1,train
data/processed/grotesco/cod_146/cod_146_001.png,grotesco,grotesco_cod_146,1,train
data/processed/grotesco/cod_146/cod_146_002.png,grotesco,grotesco_cod_146,1,train
data/processed/grotesco/cod_146/cod_146_009.png,grotesco,grotesco_cod_146,1,train
data/processed/grotesco/cod_146/cod_146_008.png,grotesco,grotesco_cod_146,1,train
data/processed/grotesco/cod_146/cod_146_010.png,grotesco,grotesco_cod_146,1,train
data/processed/grotesco/cod_146/cod_146_000.png,grotesco,grotesco_cod_146,1,train
data/processed/grotesco/cod_146/cod_146_007.png,grotesco,grotesco_cod_146,1,train
data/processed/grotesco/cod_155/cod_155_001.png,grotesco,grotesco_cod_155,1,train
data/processed/grotesco/cod_155/cod_155_004.png,grotesco,grotesco_cod_155,1,train
data/processed/grotesco/cod_155/cod_155_007.png,grotesco,grotesco_cod_155,1,train
data/processed/grotesco/cod_155/cod_155_006.png,grotesco,grotesco_cod_155,1,train
data/processed/grotesco/cod_155/cod_155_005.png,grotesco,grotesco_cod_155,1,train
data/processed/grotesco/cod_155/cod_155_009.png,grotesco,grotesco_cod_155,1,train
data/processed/grotesco/cod_155/cod_155_000.png,grotesco,grotesco_cod_155,1,train
data/processed/grotesco/cod_159/cod_159_007.png,grotesco,grotesco_cod_159,1,train
data/processed/grotesco/cod_159/cod_159_009.png,grotesco,grotesco_cod_159,1,train
data/processed/grotesco/cod_159/cod_159_010.png,grotesco,grotesco_cod_159,1,train
data/processed/grotesco/cod_159/cod_159_011.png,grotesco,grotesco_cod_159,1,train
data/processed/grotesco/cod_159/cod_159_005.png,grotesco,grotesco_cod_159,1,train
data/processed/grotesco/cod_159/cod_159_003.png,grotesco,grotesco_cod_159,1,train
data/processed/grotesco/cod_159/cod_159_001.png,grotesco,grotesco_cod_159,1,train
data/processed/grotesco/cod_159/cod_159_004.png,grotesco,grotesco_cod_159,1,train
data/processed/grotesco/cod_159/cod_159_008.png,grotesco,grotesco_cod_159,1,train
data/processed/grotesco/cod_159/cod_159_006.png,grotesco,grotesco_cod_159,1,train
data/processed/grotesco/cod_150/cod_150_002.png,grotesco,grotesco_cod_150,1,train
data/processed/grotesco/cod_150/cod_150_005.png,grotesco,grotesco_cod_150,1,train
data/processed/grotesco/cod_150/cod_150_006.png,grotesco,grotesco_cod_150,1,train
data/processed/grotesco/cod_150/cod_150_003.png,grotesco,grotesco_cod_150,1,train
data/processed/grotesco/cod_150/cod_150_004.png,grotesco,grotesco_cod_150,1,train
data/processed/grotesco/cod_150/cod_150_008.png,grotesco,grotesco_cod_150,1,train
data/processed/fantasia/cod_015/cod_015_000.png,fantasia,fantasia_cod_015,1,train
data/processed/fantasia/cod_015/cod_015_003.png,fantasia,fantasia_cod_015,1,train
data/processed/fantasia/cod_015/cod_015_005.png,fantasia,fantasia_cod_015,1,train
data/processed/fantasia/cod_015/cod_015_008.png,fantasia,fantasia_cod_015,1,train
data/processed/fantasia/cod_015/cod_015_002.png,fantasia,fantasia_cod_015,1,train
data/processed/fantasia/cod_015/cod_015_001.png,fantasia,fantasia_cod_015,1,train
data/processed/fantasia/cod_015/cod_015_011.png,fantasia,fantasia_cod_015,1,train
data/processed/fantasia/cod_015/cod_015_010.png,fantasia,fantasia_cod_015,1,train
data/processed/fantasia/cod_015/cod_015_009.png,fantasia,fantasia_cod_015,1,train
data/processed/fantasia/cod_015/cod_015_006.png,fantasia,fantasia_cod_015,1,train
data/processed/fantasia/cod_015/cod_015_004.png,fantasia,fantasia_cod_015,1,train
data/processed/fantasia/cod_039/cod_039_009.png,fantasia,fantasia_cod_039,1,train
data/processed/fantasia/cod_039/cod_039_006.png,fantasia,fantasia_cod_039,1,train
data/processed/fantasia/cod_039/cod_039_005.png,fantasia,fantasia_cod_039,1,train
data/processed/fantasia/cod_039/cod_039_013.png,fantasia,fantasia_cod_039,1,train
data/processed/fantasia/cod_039/cod_039_007.png,fantasia,fantasia_cod_039,1,train
data/processed/fantasia/cod_039/cod_039_002.png,fantasia,fantasia_cod_039,1,train
data/processed/fantasia/cod_039/cod_039_001.png,fantasia,fantasia_cod_039,1,train
data/processed/fantasia/cod_039/cod_039_000.png,fantasia,fantasia_cod_039,1,train
data/processed/fantasia/cod_039/cod_039_010.png,fantasia,fantasia_cod_039,1,train
data/processed/fantasia/cod_039/cod_039_008.png,fantasia,fantasia_cod_039,1,train
data/processed/fantasia/cod_039/cod_039_012.png,fantasia,fantasia_cod_039,1,train
data/processed/fantasia/cod_039/cod_039_015.png,fantasia,fantasia_cod_039,1,train
data/processed/fantasia/cod_039/cod_039_011.png,fantasia,fantasia_cod_039,1,train
data/processed/fantasia/cod_105/cod_105_010.png,fantasia,fantasia_cod_105,1,train
data/processed/fantasia/cod_105/cod_105_000.png,fantasia,fantasia_cod_105,1,train
data/processed/fantasia/cod_105/cod_105_102.png,fantasia,fantasia_cod_105,1,train
data/processed/fantasia/cod_105/cod_105_114.png,fantasia,fantasia_cod_105,1,train
data/processed/fantasia/cod_105/cod_105_023.png,fantasia,fantasia_cod_105,1,train
data/processed/fantasia/cod_105/cod_105_003.png,fantasia,fantasia_cod_105,1,train
data/processed/fantasia/cod_105/cod_105_001.png,fantasia,fantasia_cod_105,1,train
data/processed/fantasia/cod_105/cod_105_024.png,fantasia,fantasia_cod_105,1,train
data/processed/serifado/cod_009/cod_009_133.png,serifado,serifado_cod_009,1,train
data/processed/serifado/cod_009/cod_009_000.png,serifado,serifado_cod_009,1,train
data/processed/serifado/cod_009/cod_009_186.png,serifado,serifado_cod_009,1,train
data/processed/serifado/cod_009/cod_009_136.png,serifado,serifado_cod_009,1,train
data/processed/serifado/cod_010/cod_010_005.png,serifado,serifado_cod_010,1,train
data/processed/serifado/cod_010/cod_010_003.png,serifado,serifado_cod_010,1,train
data/processed/serifado/cod_010/cod_010_002.png,serifado,serifado_cod_010,1,train
data/processed/serifado/cod_010/cod_010_001.png,serifado,serifado_cod_010,1,train
data/processed/serifado/cod_010/cod_010_000.png,serifado,serifado_cod_010,1,train
data/processed/serifado/cod_010/cod_010_014.png,serifado,serifado_cod_010,1,train
data/processed/serifado/cod_010/cod_010_015.png,serifado,serifado_cod_010,1,train
data/processed/serifado/cod_010/cod_010_009.png,serifado,serifado_cod_010,1,train
data/processed/serifado/cod_010/cod_010_016.png,serifado,serifado_cod_010,1,train
data/processed/serifado/cod_010/cod_010_008.png,serifado,serifado_cod_010,1,train
data/processed/serifado/cod_010/cod_010_007.png,serifado,serifado_cod_010,1,train
data/processed/serifado/cod_023/cod_023_002.png,serifado,serifado_cod_023,1,train
data/processed/serifado/cod_023/cod_023_033.png,serifado,serifado_cod_023,1,train
data/processed/serifado/cod_023/cod_023_001.png,serifado,serifado_cod_023,1,train
data/processed/serifado/cod_023/cod_023_013.png,serifado,serifado_cod_023,1,train
data/processed/serifado/cod_023/cod_023_032.png,serifado,serifado_cod_023,1,train
data/processed/serifado/cod_023/cod_023_012.png,serifado,serifado_cod_023,1,train
data/processed/serifado/cod_023/cod_023_003.png,serifado,serifado_cod_023,1,train
data/processed/serifado/cod_023/cod_023_031.png,serifado,serifado_cod_023,1,train
data/processed/serifado/cod_025/cod_025_018.png,serifado,serifado_cod_025,1,train
data/processed/serifado/cod_025/cod_025_014.png,serifado,serifado_cod_025,1,train
data/processed/serifado/cod_025/cod_025_086.png,serifado,serifado_cod_025,1,train
data/processed/serifado/cod_028/cod_028_000.png,serifado,serifado_cod_028,1,train
data/processed/serifado/cod_028/cod_028_004.png,serifado,serifado_cod_028,1,train
data/processed/serifado/cod_028/cod_028_013.png,serifado,serifado_cod_028,1,train
data/processed/serifado/cod_028/cod_028_017.png,serifado,serifado_cod_028,1,train
data/processed/serifado/cod_028/cod_028_014.png,serifado,serifado_cod_028,1,train
data/processed/serifado/cod_028/cod_028_005.png,serifado,serifado_cod_028,1,train
data/processed/serifado/cod_028/cod_028_018.png,serifado,serifado_cod_028,1,train
data/processed/serifado/cod_028/cod_028_012.png,serifado,serifado_cod_028,1,train
data/processed/serifado/cod_028/cod_028_020.png,serifado,serifado_cod_028,1,train
data/processed/serifado/cod_029/cod_029_002.png,serifado,serifado_cod_029,1,train
data/processed/serifado/cod_029/cod_029_006.png,serifado,serifado_cod_029,1,train
data/processed/serifado/cod_029/cod_029_001.png,serifado,serifado_cod_029,1,train
data/processed/serifado/cod_029/cod_029_005.png,serifado,serifado_cod_029,1,train
data/processed/serifado/cod_029/cod_029_000.png,serifado,serifado_cod_029,1,train
data/processed/serifado/cod_070/cod_070_003.png,serifado,serifado_cod_070,1,train
data/processed/serifado/cod_070/cod_070_007.png,serifado,serifado_cod_070,1,train
data/processed/serifado/cod_070/cod_070_016.png,serifado,serifado_cod_070,1,train
data/processed/serifado/cod_070/cod_070_017.png,serifado,serifado_cod_070,1,train
data/processed/serifado/cod_070/cod_070_010.png,serifado,serifado_cod_070,1,train
data/processed/serifado/cod_070/cod_070_009.png,serifado,serifado_cod_070,1,train
data/processed/serifado/cod_070/cod_070_008.png,serifado,serifado_cod_070,1,train
data/processed/serifado/cod_070/cod_070_018.png,serifado,serifado_cod_070,1,train
data/processed/serifado/cod_070/cod_070_000.png,serifado,serifado_cod_070,1,train
data/processed/serifado/cod_070/cod_070_001.png,serifado,serifado_cod_070,1,train
data/processed/serifado/cod_070/cod_070_005.png,serifado,serifado_cod_070,1,train
data/processed/serifado/cod_086/cod_086_001.png,serifado,serifado_cod_086,1,train
data/processed/serifado/cod_086/cod_086_006.png,serifado,serifado_cod_086,1,train
data/processed/serifado/cod_086/cod_086_005.png,serifado,serifado_cod_086,1,train
data/processed/serifado/cod_086/cod_086_008.png,serifado,serifado_cod_086,1,train
data/processed/serifado/cod_086/cod_086_010.png,serifado,serifado_cod_086,1,train
data/processed/serifado/cod_086/cod_086_004.png,serifado,serifado_cod_086,1,train
data/processed/serifado/cod_086/cod_086_003.png,serifado,serifado_cod_086,1,train
data/processed/serifado/cod_086/cod_086_009.png,serifado,serifado_cod_086,1,train
data/processed/serifado/cod_086/cod_086_002.png,serifado,serifado_cod_086,1,train
data/processed/serifado/cod_086/cod_086_000.png,serifado,serifado_cod_086,1,train
data/processed/serifado/cod_071/cod_071_001.png,serifado,serifado_cod_071,1,train
data/processed/serifado/cod_071/cod_071_005.png,serifado,serifado_cod_071,1,train
data/processed/serifado/cod_071/cod_071_000.png,serifado,serifado_cod_071,1,train
data/processed/serifado/cod_071/cod_071_011.png,serifado,serifado_cod_071,1,train
data/processed/serifado/cod_071/cod_071_003.png,serifado,serifado_cod_071,1,train
data/processed/serifado/cod_071/cod_071_004.png,serifado,serifado_cod_071,1,train
data/processed/serifado/cod_071/cod_071_013.png,serifado,serifado_cod_071,1,train
data/processed/serifado/cod_071/cod_071_009.png,serifado,serifado_cod_071,1,train
data/processed/serifado/cod_071/cod_071_012.png,serifado,serifado_cod_071,1,train
data/processed/serifado/cod_071/cod_071_002.png,serifado,serifado_cod_071,1,train
data/processed/serifado/cod_071/cod_071_007.png,serifado,serifado_cod_071,1,train
data/processed/serifado/cod_071/cod_071_008.png,serifado,serifado_cod_071,1,train
data/processed/serifado/cod_058/cod_058_029.png,serifado,serifado_cod_058,1,train
data/processed/serifado/cod_058/cod_058_040.png,serifado,serifado_cod_058,1,train
data/processed/serifado/cod_058/cod_058_022.png,serifado,serifado_cod_058,1,train
data/processed/serifado/cod_058/cod_058_035.png,serifado,serifado_cod_058,1,train
data/processed/serifado/cod_058/cod_058_041.png,serifado,serifado_cod_058,1,train
data/processed/serifado/cod_058/cod_058_039.png,serifado,serifado_cod_058,1,train
data/processed/serifado/cod_058/cod_058_021.png,serifado,serifado_cod_058,1,train
data/processed/serifado/cod_058/cod_058_023.png,serifado,serifado_cod_058,1,train
data/processed/serifado/cod_090/cod_090_005.png,serifado,serifado_cod_090,1,train
data/processed/serifado/cod_090/cod_090_002.png,serifado,serifado_cod_090,1,train
data/processed/serifado/cod_090/cod_090_003.png,serifado,serifado_cod_090,1,train
data/processed/serifado/cod_090/cod_090_001.png,serifado,serifado_cod_090,1,train
data/processed/serifado/cod_090/cod_090_015.png,serifado,serifado_cod_090,1,train
data/processed/serifado/cod_090/cod_090_000.png,serifado,serifado_cod_090,1,train
data/processed/serifado/cod_119/cod_119_001.png,serifado,serifado_cod_119,1,train
data/processed/serifado/cod_119/cod_119_011.png,serifado,serifado_cod_119,1,train
data/processed/serifado/cod_119/cod_119_005.png,serifado,serifado_cod_119,1,train
data/processed/serifado/cod_119/cod_119_010.png,serifado,serifado_cod_119,1,train
data/processed/serifado/cod_119/cod_119_007.png,serifado,serifado_cod_119,1,train
data/processed/serifado/cod_119/cod_119_015.png,serifado,serifado_cod_119,1,train
data/processed/serifado/cod_119/cod_119_008.png,serifado,serifado_cod_119,1,train
data/processed/serifado/cod_118/cod_118_004.png,serifado,serifado_cod_118,1,train
data/processed/serifado/cod_118/cod_118_008.png,serifado,serifado_cod_118,1,train
data/processed/serifado/cod_118/cod_118_000.png,serifado,serifado_cod_118,1,train
data/processed/serifado/cod_118/cod_118_005.png,serifado,serifado_cod_118,1,train
data/processed/serifado/cod_118/cod_118_007.png,serifado,serifado_cod_118,1,train
data/processed/serifado/cod_118/cod_118_002.png,serifado,serifado_cod_118,1,train
data/processed/serifado/cod_118/cod_118_010.png,serifado,serifado_cod_118,1,train
data/processed/serifado/cod_118/cod_118_003.png,serifado,serifado_cod_118,1,train
data/processed/serifado/cod_118/cod_118_001.png,serifado,serifado_cod_118,1,train
data/processed/serifado/cod_118/cod_118_006.png,serifado,serifado_cod_118,1,train
data/processed/serifado/cod_114/cod_114_011.png,serifado,serifado_cod_114,1,train
data/processed/serifado/cod_114/cod_114_000.png,serifado,serifado_cod_114,1,train
data/processed/serifado/cod_114/cod_114_001.png,serifado,serifado_cod_114,1,train
data/processed/serifado/cod_114/cod_114_006.png,serifado,serifado_cod_114,1,train
data/processed/serifado/cod_114/cod_114_004.png,serifado,serifado_cod_114,1,train
data/processed/serifado/cod_114/cod_114_009.png,serifado,serifado_cod_114,1,train
data/processed/serifado/cod_114/cod_114_010.png,serifado,serifado_cod_114,1,train
data/processed/serifado/cod_114/cod_114_002.png,serifado,serifado_cod_114,1,train
data/processed/serifado/cod_114/cod_114_012.png,serifado,serifado_cod_114,1,train
data/processed/serifado/cod_114/cod_114_003.png,serifado,serifado_cod_114,1,train
data/processed/serifado/cod_114/cod_114_007.png,serifado,serifado_cod_114,1,train
data/processed/serifado/cod_114/cod_114_005.png,serifado,serifado_cod_114,1,train
data/processed/serifado/cod_114/cod_114_008.png,serifado,serifado_cod_114,1,train
data/processed/serifado/cod_111/cod_111_003.png,serifado,serifado_cod_111,1,train
data/processed/serifado/cod_111/cod_111_006.png,serifado,serifado_cod_111,1,train
data/processed/serifado/cod_111/cod_111_004.png,serifado,serifado_cod_111,1,train
data/processed/serifado/cod_111/cod_111_008.png,serifado,serifado_cod_111,1,train
data/processed/serifado/cod_111/cod_111_009.png,serifado,serifado_cod_111,1,train
data/processed/serifado/cod_111/cod_111_000.png,serifado,serifado_cod_111,1,train
data/processed/serifado/cod_111/cod_111_002.png,serifado,serifado_cod_111,1,train
data/processed/serifado/cod_111/cod_111_007.png,serifado,serifado_cod_111,1,train
data/processed/serifado/cod_111/cod_111_005.png,serifado,serifado_cod_111,1,train
data/processed/serifado/cod_111/cod_111_001.png,serifado,serifado_cod_111,1,train
data/processed/serifado/cod_123/cod_123_006.png,serifado,serifado_cod_123,1,train
data/processed/serifado/cod_123/cod_123_007.png,serifado,serifado_cod_123,1,train
data/processed/serifado/cod_123/cod_123_009.png,serifado,serifado_cod_123,1,train
data/processed/serifado/cod_123/cod_123_004.png,serifado,serifado_cod_123,1,train
data/processed/serifado/cod_123/cod_123_005.png,serifado,serifado_cod_123,1,train
data/processed/serifado/cod_123/cod_123_010.png,serifado,serifado_cod_123,1,train
data/processed/serifado/cod_123/cod_123_008.png,serifado,serifado_cod_123,1,train
data/processed/serifado/cod_123/cod_123_000.png,serifado,serifado_cod_123,1,train
data/processed/serifado/cod_130/cod_130_004.png,serifado,serifado_cod_130,1,train
data/processed/serifado/cod_130/cod_130_001.png,serifado,serifado_cod_130,1,train
data/processed/serifado/cod_130/cod_130_011.png,serifado,serifado_cod_130,1,train
data/processed/serifado/cod_130/cod_130_005.png,serifado,serifado_cod_130,1,train
data/processed/serifado/cod_130/cod_130_009.png,serifado,serifado_cod_130,1,train
data/processed/serifado/cod_130/cod_130_000.png,serifado,serifado_cod_130,1,train
data/processed/serifado/cod_130/cod_130_002.png,serifado,serifado_cod_130,1,train
data/processed/serifado/cod_130/cod_130_008.png,serifado,serifado_cod_130,1,train
data/processed/serifado/cod_130/cod_130_007.png,serifado,serifado_cod_130,1,train
data/processed/serifado/cod_130/cod_130_003.png,serifado,serifado_cod_130,1,train
data/processed/serifado/cod_130/cod_130_006.png,serifado,serifado_cod_130,1,train
data/processed/serifado/cod_152/cod_152_008.png,serifado,serifado_cod_152,1,train
data/processed/serifado/cod_152/cod_152_010.png,serifado,serifado_cod_152,1,train
data/processed/serifado/cod_152/cod_152_009.png,serifado,serifado_cod_152,1,train
data/processed/serifado/cod_152/cod_152_002.png,serifado,serifado_cod_152,1,train
data/processed/serifado/cod_152/cod_152_004.png,serifado,serifado_cod_152,1,train
data/processed/serifado/cod_152/cod_152_003.png,serifado,serifado_cod_152,1,train
data/processed/serifado/cod_152/cod_152_007.png,serifado,serifado_cod_152,1,train
data/processed/serifado/cod_152/cod_152_006.png,serifado,serifado_cod_152,1,train
data/processed/serifado/cod_152/cod_152_011.png,serifado,serifado_cod_152,1,train
data/processed/serifado/cod_152/cod_152_005.png,serifado,serifado_cod_152,1,train
data/processed/serifado/cod_147/cod_147_004.png,serifado,serifado_cod_147,1,train
data/processed/escritural/cod_026/cod_026_027.png,escritural,escritural_cod_026,1,val
data/processed/escritural/cod_026/cod_026_004.png,escritural,escritural_cod_026,1,val
data/processed/escritural/cod_026/cod_026_002.png,escritural,escritural_cod_026,1,val
data/processed/escritural/cod_026/cod_026_042.png,escritural,escritural_cod_026,1,val
data/processed/escritural/cod_026/cod_026_005.png,escritural,escritural_cod_026,1,val
data/processed/escritural/cod_026/cod_026_036.png,escritural,escritural_cod_026,1,val
data/processed/escritural/cod_026/cod_026_030.png,escritural,escritural_cod_026,1,val
data/processed/escritural/cod_026/cod_026_001.png,escritural,escritural_cod_026,1,val
data/processed/escritural/cod_026/cod_026_012.png,escritural,escritural_cod_026,1,val
data/processed/escritural/cod_026/cod_026_034.png,escritural,escritural_cod_026,1,val
data/processed/escritural/cod_026/cod_026_041.png,escritural,escritural_cod_026,1,val
data/processed/escritural/cod_026/cod_026_043.png,escritural,escritural_cod_026,1,val
data/processed/escritural/cod_026/cod_026_011.png,escritural,escritural_cod_026,1,val
data/processed/escritural/cod_072/cod_072_003.png,escritural,escritural_cod_072,1,val
data/processed/escritural/cod_072/cod_072_012.png,escritural,escritural_cod_072,1,val
data/processed/escritural/cod_072/cod_072_010.png,escritural,escritural_cod_072,1,val
data/processed/escritural/cod_072/cod_072_004.png,escritural,escritural_cod_072,1,val
data/processed/escritural/cod_072/cod_072_007.png,escritural,escritural_cod_072,1,val
data/processed/escritural/cod_072/cod_072_009.png,escritural,escritural_cod_072,1,val
data/processed/escritural/cod_072/cod_072_008.png,escritural,escritural_cod_072,1,val
data/processed/escritural/cod_072/cod_072_001.png,escritural,escritural_cod_072,1,val
data/processed/escritural/cod_072/cod_072_005.png,escritural,escritural_cod_072,1,val
data/processed/escritural/cod_072/cod_072_002.png,escritural,escritural_cod_072,1,val
data/processed/escritural/cod_072/cod_072_006.png,escritural,escritural_cod_072,1,val
data/processed/escritural/cod_072/cod_072_013.png,escritural,escritural_cod_072,1,val
data/processed/escritural/cod_072/cod_072_014.png,escritural,escritural_cod_072,1,val
data/processed/escritural/cod_083/cod_083_020.png,escritural,escritural_cod_083,1,val
data/processed/escritural/cod_083/cod_083_002.png,escritural,escritural_cod_083,1,val
data/processed/escritural/cod_083/cod_083_016.png,escritural,escritural_cod_083,1,val
data/processed/escritural/cod_083/cod_083_022.png,escritural,escritural_cod_083,1,val
data/processed/escritural/cod_083/cod_083_003.png,escritural,escritural_cod_083,1,val
data/processed/escritural/cod_083/cod_083_023.png,escritural,escritural_cod_083,1,val
data/processed/escritural/cod_083/cod_083_017.png,escritural,escritural_cod_083,1,val
data/processed/escritural/cod_083/cod_083_010.png,escritural,escritural_cod_083,1,val
data/processed/escritural/cod_083/cod_083_014.png,escritural,escritural_cod_083,1,val
data/processed/escritural/cod_083/cod_083_004.png,escritural,escritural_cod_083,1,val
data/processed/escritural/cod_083/cod_083_011.png,escritural,escritural_cod_083,1,val
data/processed/escritural/cod_083/cod_083_009.png,escritural,escritural_cod_083,1,val
data/processed/escritural/cod_107/cod_107_003.png,escritural,escritural_cod_107,1,val
data/processed/escritural/cod_107/cod_107_012.png,escritural,escritural_cod_107,1,val
data/processed/escritural/cod_107/cod_107_001.png,escritural,escritural_cod_107,1,val
data/processed/escritural/cod_107/cod_107_002.png,escritural,escritural_cod_107,1,val
data/processed/escritural/cod_107/cod_107_007.png,escritural,escritural_cod_107,1,val
data/processed/escritural/cod_107/cod_107_022.png,escritural,escritural_cod_107,1,val
data/processed/escritural/cod_107/cod_107_014.png,escritural,escritural_cod_107,1,val
data/processed/escritural/cod_107/cod_107_020.png,escritural,escritural_cod_107,1,val
data/processed/escritural/cod_107/cod_107_004.png,escritural,escritural_cod_107,1,val
data/processed/escritural/cod_107/cod_107_005.png,escritural,escritural_cod_107,1,val
data/processed/escritural/cod_107/cod_107_023.png,escritural,escritural_cod_107,1,val
data/processed/grotesco/cod_005/cod_005_008.png,grotesco,grotesco_cod_005,1,val
data/processed/grotesco/cod_005/cod_005_001.png,grotesco,grotesco_cod_005,1,val
data/processed/grotesco/cod_005/cod_005_002.png,grotesco,grotesco_cod_005,1,val
data/processed/grotesco/cod_005/cod_005_004.png,grotesco,grotesco_cod_005,1,val
data/processed/grotesco/cod_005/cod_005_010.png,grotesco,grotesco_cod_005,1,val
data/processed/grotesco/cod_005/cod_005_006.png,grotesco,grotesco_cod_005,1,val
data/processed/grotesco/cod_005/cod_005_009.png,grotesco,grotesco_cod_005,1,val
data/processed/grotesco/cod_005/cod_005_000.png,grotesco,grotesco_cod_005,1,val
data/processed/grotesco/cod_005/cod_005_011.png,grotesco,grotesco_cod_005,1,val
data/processed/grotesco/cod_005/cod_005_005.png,grotesco,grotesco_cod_005,1,val
data/processed/grotesco/cod_005/cod_005_012.png,grotesco,grotesco_cod_005,1,val
data/processed/grotesco/cod_022/cod_022_007.png,grotesco,grotesco_cod_022,1,val
data/processed/grotesco/cod_022/cod_022_002.png,grotesco,grotesco_cod_022,1,val
data/processed/grotesco/cod_022/cod_022_011.png,grotesco,grotesco_cod_022,1,val
data/processed/grotesco/cod_022/cod_022_012.png,grotesco,grotesco_cod_022,1,val
data/processed/grotesco/cod_022/cod_022_001.png,grotesco,grotesco_cod_022,1,val
data/processed/grotesco/cod_022/cod_022_003.png,grotesco,grotesco_cod_022,1,val
data/processed/grotesco/cod_022/cod_022_010.png,grotesco,grotesco_cod_022,1,val
data/processed/grotesco/cod_022/cod_022_008.png,grotesco,grotesco_cod_022,1,val
data/processed/grotesco/cod_022/cod_022_000.png,grotesco,grotesco_cod_022,1,val
data/processed/grotesco/cod_052/cod_052_007.png,grotesco,grotesco_cod_052,1,val
data/processed/grotesco/cod_052/cod_052_005.png,grotesco,grotesco_cod_052,1,val
data/processed/grotesco/cod_052/cod_052_001.png,grotesco,grotesco_cod_052,1,val
data/processed/grotesco/cod_052/cod_052_009.png,grotesco,grotesco_cod_052,1,val
data/processed/grotesco/cod_052/cod_052_004.png,grotesco,grotesco_cod_052,1,val
data/processed/grotesco/cod_052/cod_052_000.png,grotesco,grotesco_cod_052,1,val
data/processed/grotesco/cod_052/cod_052_002.png,grotesco,grotesco_cod_052,1,val
data/processed/grotesco/cod_052/cod_052_006.png,grotesco,grotesco_cod_052,1,val
data/processed/grotesco/cod_052/cod_052_003.png,grotesco,grotesco_cod_052,1,val
data/processed/grotesco/cod_052/cod_052_008.png,grotesco,grotesco_cod_052,1,val
data/processed/grotesco/cod_091/cod_091_005.png,grotesco,grotesco_cod_091,1,val
data/processed/grotesco/cod_091/cod_091_006.png,grotesco,grotesco_cod_091,1,val
data/processed/grotesco/cod_091/cod_091_003.png,grotesco,grotesco_cod_091,1,val
data/processed/grotesco/cod_091/cod_091_015.png,grotesco,grotesco_cod_091,1,val
data/processed/grotesco/cod_091/cod_091_001.png,grotesco,grotesco_cod_091,1,val
data/processed/grotesco/cod_091/cod_091_000.png,grotesco,grotesco_cod_091,1,val
data/processed/grotesco/cod_091/cod_091_008.png,grotesco,grotesco_cod_091,1,val
data/processed/grotesco/cod_091/cod_091_002.png,grotesco,grotesco_cod_091,1,val
data/processed/grotesco/cod_091/cod_091_007.png,grotesco,grotesco_cod_091,1,val
data/processed/grotesco/cod_091/cod_091_011.png,grotesco,grotesco_cod_091,1,val
data/processed/grotesco/cod_091/cod_091_004.png,grotesco,grotesco_cod_091,1,val
data/processed/grotesco/cod_091/cod_091_017.png,grotesco,grotesco_cod_091,1,val
data/processed/grotesco/cod_092/cod_092_008.png,grotesco,grotesco_cod_092,1,val
data/processed/grotesco/cod_092/cod_092_003.png,grotesco,grotesco_cod_092,1,val
data/processed/grotesco/cod_092/cod_092_011.png,grotesco,grotesco_cod_092,1,val
data/processed/grotesco/cod_092/cod_092_001.png,grotesco,grotesco_cod_092,1,val
data/processed/grotesco/cod_092/cod_092_009.png,grotesco,grotesco_cod_092,1,val
data/processed/grotesco/cod_092/cod_092_004.png,grotesco,grotesco_cod_092,1,val
data/processed/grotesco/cod_092/cod_092_000.png,grotesco,grotesco_cod_092,1,val
data/processed/grotesco/cod_092/cod_092_002.png,grotesco,grotesco_cod_092,1,val
data/processed/grotesco/cod_092/cod_092_007.png,grotesco,grotesco_cod_092,1,val
data/processed/grotesco/cod_092/cod_092_006.png,grotesco,grotesco_cod_092,1,val
data/processed/grotesco/cod_092/cod_092_010.png,grotesco,grotesco_cod_092,1,val
data/processed/grotesco/cod_120/cod_120_000.png,grotesco,grotesco_cod_120,1,val
data/processed/grotesco/cod_120/cod_120_004.png,grotesco,grotesco_cod_120,1,val
data/processed/grotesco/cod_120/cod_120_002.png,grotesco,grotesco_cod_120,1,val
data/processed/grotesco/cod_120/cod_120_006.png,grotesco,grotesco_cod_120,1,val
data/processed/grotesco/cod_120/cod_120_001.png,grotesco,grotesco_cod_120,1,val
data/processed/grotesco/cod_120/cod_120_003.png,grotesco,grotesco_cod_120,1,val
data/processed/grotesco/cod_120/cod_120_005.png,grotesco,grotesco_cod_120,1,val
data/processed/grotesco/cod_120/cod_120_007.png,grotesco,grotesco_cod_120,1,val
data/processed/grotesco/cod_125/cod_125_007.png,grotesco,grotesco_cod_125,1,val
data/processed/grotesco/cod_125/cod_125_014.png,grotesco,grotesco_cod_125,1,val
data/processed/grotesco/cod_125/cod_125_009.png,grotesco,grotesco_cod_125,1,val
data/processed/grotesco/cod_125/cod_125_004.png,grotesco,grotesco_cod_125,1,val
data/processed/grotesco/cod_125/cod_125_012.png,grotesco,grotesco_cod_125,1,val
data/processed/grotesco/cod_125/cod_125_000.png,grotesco,grotesco_cod_125,1,val
data/processed/grotesco/cod_125/cod_125_002.png,grotesco,grotesco_cod_125,1,val
data/processed/grotesco/cod_125/cod_125_005.png,grotesco,grotesco_cod_125,1,val
data/processed/grotesco/cod_125/cod_125_015.png,grotesco,grotesco_cod_125,1,val
data/processed/grotesco/cod_125/cod_125_008.png,grotesco,grotesco_cod_125,1,val
data/processed/grotesco/cod_125/cod_125_003.png,grotesco,grotesco_cod_125,1,val
data/processed/grotesco/cod_125/cod_125_001.png,grotesco,grotesco_cod_125,1,val
data/processed/grotesco/cod_125/cod_125_016.png,grotesco,grotesco_cod_125,1,val
data/processed/grotesco/cod_148/cod_148_004.png,grotesco,grotesco_cod_148,1,val
data/processed/grotesco/cod_148/cod_148_003.png,grotesco,grotesco_cod_148,1,val
data/processed/grotesco/cod_148/cod_148_006.png,grotesco,grotesco_cod_148,1,val
data/processed/grotesco/cod_156/cod_156_004.png,grotesco,grotesco_cod_156,1,val
data/processed/grotesco/cod_156/cod_156_011.png,grotesco,grotesco_cod_156,1,val
data/processed/grotesco/cod_156/cod_156_012.png,grotesco,grotesco_cod_156,1,val
data/processed/grotesco/cod_156/cod_156_001.png,grotesco,grotesco_cod_156,1,val
data/processed/grotesco/cod_156/cod_156_008.png,grotesco,grotesco_cod_156,1,val
data/processed/grotesco/cod_156/cod_156_013.png,grotesco,grotesco_cod_156,1,val
data/processed/grotesco/cod_156/cod_156_006.png,grotesco,grotesco_cod_156,1,val
data/processed/grotesco/cod_156/cod_156_009.png,grotesco,grotesco_cod_156,1,val
data/processed/grotesco/cod_156/cod_156_007.png,grotesco,grotesco_cod_156,1,val
data/processed/grotesco/cod_156/cod_156_002.png,grotesco,grotesco_cod_156,1,val
data/processed/grotesco/cod_156/cod_156_000.png,grotesco,grotesco_cod_156,1,val
data/processed/grotesco/cod_156/cod_156_003.png,grotesco,grotesco_cod_156,1,val
data/processed/grotesco/cod_156/cod_156_005.png,grotesco,grotesco_cod_156,1,val
data/processed/fantasia/cod_030/cod_030_012.png,fantasia,fantasia_cod_030,1,val
data/processed/fantasia/cod_030/cod_030_008.png,fantasia,fantasia_cod_030,1,val
data/processed/fantasia/cod_030/cod_030_009.png,fantasia,fantasia_cod_030,1,val
data/processed/fantasia/cod_030/cod_030_010.png,fantasia,fantasia_cod_030,1,val
data/processed/fantasia/cod_030/cod_030_017.png,fantasia,fantasia_cod_030,1,val
data/processed/fantasia/cod_030/cod_030_016.png,fantasia,fantasia_cod_030,1,val
data/processed/fantasia/cod_030/cod_030_007.png,fantasia,fantasia_cod_030,1,val
data/processed/fantasia/cod_030/cod_030_015.png,fantasia,fantasia_cod_030,1,val
data/processed/fantasia/cod_030/cod_030_011.png,fantasia,fantasia_cod_030,1,val
data/processed/fantasia/cod_030/cod_030_003.png,fantasia,fantasia_cod_030,1,val
data/processed/fantasia/cod_030/cod_030_002.png,fantasia,fantasia_cod_030,1,val
data/processed/fantasia/cod_108/cod_108_018.png,fantasia,fantasia_cod_108,1,val
data/processed/fantasia/cod_108/cod_108_002.png,fantasia,fantasia_cod_108,1,val
data/processed/fantasia/cod_108/cod_108_004.png,fantasia,fantasia_cod_108,1,val
data/processed/fantasia/cod_108/cod_108_019.png,fantasia,fantasia_cod_108,1,val
data/processed/fantasia/cod_108/cod_108_009.png,fantasia,fantasia_cod_108,1,val
data/processed/fantasia/cod_108/cod_108_001.png,fantasia,fantasia_cod_108,1,val
data/processed/fantasia/cod_108/cod_108_017.png,fantasia,fantasia_cod_108,1,val
data/processed/fantasia/cod_108/cod_108_005.png,fantasia,fantasia_cod_108,1,val
data/processed/fantasia/cod_108/cod_108_000.png,fantasia,fantasia_cod_108,1,val
data/processed/fantasia/cod_108/cod_108_003.png,fantasia,fantasia_cod_108,1,val
data/processed/serifado/cod_045/cod_045_005.png,serifado,serifado_cod_045,1,val
data/processed/serifado/cod_045/cod_045_004.png,serifado,serifado_cod_045,1,val
data/processed/serifado/cod_045/cod_045_003.png,serifado,serifado_cod_045,1,val
data/processed/serifado/cod_045/cod_045_000.png,serifado,serifado_cod_045,1,val
data/processed/serifado/cod_045/cod_045_010.png,serifado,serifado_cod_045,1,val
data/processed/serifado/cod_045/cod_045_009.png,serifado,serifado_cod_045,1,val
data/processed/serifado/cod_045/cod_045_011.png,serifado,serifado_cod_045,1,val
data/processed/serifado/cod_045/cod_045_006.png,serifado,serifado_cod_045,1,val
data/processed/serifado/cod_045/cod_045_008.png,serifado,serifado_cod_045,1,val
data/processed/serifado/cod_045/cod_045_001.png,serifado,serifado_cod_045,1,val
data/processed/serifado/cod_045/cod_045_002.png,serifado,serifado_cod_045,1,val
data/processed/serifado/cod_054/cod_054_003.png,serifado,serifado_cod_054,1,val
data/processed/serifado/cod_054/cod_054_004.png,serifado,serifado_cod_054,1,val
data/processed/serifado/cod_054/cod_054_000.png,serifado,serifado_cod_054,1,val
data/processed/serifado/cod_054/cod_054_002.png,serifado,serifado_cod_054,1,val
data/processed/serifado/cod_054/cod_054_005.png,serifado,serifado_cod_054,1,val
data/processed/serifado/cod_087/cod_087_000.png,serifado,serifado_cod_087,1,val
data/processed/serifado/cod_087/cod_087_005.png,serifado,serifado_cod_087,1,val
data/processed/serifado/cod_087/cod_087_003.png,serifado,serifado_cod_087,1,val
data/processed/serifado/cod_087/cod_087_015.png,serifado,serifado_cod_087,1,val
data/processed/serifado/cod_087/cod_087_002.png,serifado,serifado_cod_087,1,val
data/processed/serifado/cod_087/cod_087_009.png,serifado,serifado_cod_087,1,val
data/processed/serifado/cod_087/cod_087_004.png,serifado,serifado_cod_087,1,val
data/processed/serifado/cod_087/cod_087_001.png,serifado,serifado_cod_087,1,val
data/processed/serifado/cod_087/cod_087_013.png,serifado,serifado_cod_087,1,val
data/processed/serifado/cod_087/cod_087_014.png,serifado,serifado_cod_087,1,val
data/processed/serifado/cod_087/cod_087_007.png,serifado,serifado_cod_087,1,val
data/processed/serifado/cod_106/cod_106_002.png,serifado,serifado_cod_106,1,val
data/processed/serifado/cod_106/cod_106_003.png,serifado,serifado_cod_106,1,val
data/processed/serifado/cod_106/cod_106_015.png,serifado,serifado_cod_106,1,val
data/processed/serifado/cod_106/cod_106_001.png,serifado,serifado_cod_106,1,val
data/processed/serifado/cod_106/cod_106_000.png,serifado,serifado_cod_106,1,val
data/processed/serifado/cod_106/cod_106_005.png,serifado,serifado_cod_106,1,val
data/processed/serifado/cod_095/cod_095_017.png,serifado,serifado_cod_095,1,val
data/processed/serifado/cod_095/cod_095_016.png,serifado,serifado_cod_095,1,val
data/processed/serifado/cod_095/cod_095_003.png,serifado,serifado_cod_095,1,val
data/processed/serifado/cod_095/cod_095_001.png,serifado,serifado_cod_095,1,val
data/processed/serifado/cod_095/cod_095_010.png,serifado,serifado_cod_095,1,val
data/processed/serifado/cod_095/cod_095_019.png,serifado,serifado_cod_095,1,val
data/processed/serifado/cod_095/cod_095_006.png,serifado,serifado_cod_095,1,val
data/processed/serifado/cod_095/cod_095_005.png,serifado,serifado_cod_095,1,val
data/processed/serifado/cod_095/cod_095_008.png,serifado,serifado_cod_095,1,val
data/processed/serifado/cod_095/cod_095_000.png,serifado,serifado_cod_095,1,val
data/processed/serifado/cod_128/cod_128_008.png,serifado,serifado_cod_128,1,val
data/processed/serifado/cod_128/cod_128_009.png,serifado,serifado_cod_128,1,val
data/processed/serifado/cod_128/cod_128_005.png,serifado,serifado_cod_128,1,val
data/processed/serifado/cod_128/cod_128_001.png,serifado,serifado_cod_128,1,val
data/processed/serifado/cod_128/cod_128_004.png,serifado,serifado_cod_128,1,val
data/processed/serifado/cod_128/cod_128_003.png,serifado,serifado_cod_128,1,val
data/processed/serifado/cod_128/cod_128_002.png,serifado,serifado_cod_128,1,val
data/processed/serifado/cod_128/cod_128_006.png,serifado,serifado_cod_128,1,val
data/processed/serifado/cod_128/cod_128_000.png,serifado,serifado_cod_128,1,val
data/processed/serifado/cod_128/cod_128_007.png,serifado,serifado_cod_128,1,val
data/processed/serifado/cod_157/cod_157_002.png,serifado,serifado_cod_157,1,val
data/processed/serifado/cod_157/cod_157_000.png,serifado,serifado_cod_157,1,val
data/processed/serifado/cod_157/cod_157_005.png,serifado,serifado_cod_157,1,val
data/processed/serifado/cod_157/cod_157_007.png,serifado,serifado_cod_157,1,val
data/processed/serifado/cod_157/cod_157_004.png,serifado,serifado_cod_157,1,val
data/processed/serifado/cod_157/cod_157_006.png,serifado,serifado_cod_157,1,val
data/processed/serifado/cod_157/cod_157_008.png,serifado,serifado_cod_157,1,val
data/processed/serifado/cod_157/cod_157_001.png,serifado,serifado_cod_157,1,val
data/processed/serifado/cod_157/cod_157_003.png,serifado,serifado_cod_157,1,val
data/processed/serifado/cod_158/cod_158_003.png,serifado,serifado_cod_158,1,val
data/processed/escritural/cod_002/cod_002_002.png,escritural,escritural_cod_002,2,train
data/processed/escritural/cod_002/cod_002_008.png,escritural,escritural_cod_002,2,train
data/processed/escritural/cod_002/cod_002_005.png,escritural,escritural_cod_002,2,train
data/processed/escritural/cod_002/cod_002_007.png,escritural,escritural_cod_002,2,train
data/processed/escritural/cod_002/cod_002_010.png,escritural,escritural_cod_002,2,train
data/processed/escritural/cod_002/cod_002_004.png,escritural,escritural_cod_002,2,train
data/processed/escritural/cod_002/cod_002_003.png,escritural,escritural_cod_002,2,train
data/processed/escritural/cod_002/cod_002_001.png,escritural,escritural_cod_002,2,train
data/processed/escritural/cod_002/cod_002_012.png,escritural,escritural_cod_002,2,train
data/processed/escritural/cod_002/cod_002_000.png,escritural,escritural_cod_002,2,train
data/processed/escritural/cod_002/cod_002_009.png,escritural,escritural_cod_002,2,train
data/processed/escritural/cod_002/cod_002_006.png,escritural,escritural_cod_002,2,train
data/processed/escritural/cod_002/cod_002_011.png,escritural,escritural_cod_002,2,train
data/processed/escritural/cod_006/cod_006_049.png,escritural,escritural_cod_006,2,train
data/processed/escritural/cod_006/cod_006_045.png,escritural,escritural_cod_006,2,train
data/processed/escritural/cod_006/cod_006_000.png,escritural,escritural_cod_006,2,train
data/processed/escritural/cod_006/cod_006_004.png,escritural,escritural_cod_006,2,train
data/processed/escritural/cod_006/cod_006_048.png,escritural,escritural_cod_006,2,train
data/processed/escritural/cod_006/cod_006_052.png,escritural,escritural_cod_006,2,train
data/processed/escritural/cod_006/cod_006_051.png,escritural,escritural_cod_006,2,train
data/processed/escritural/cod_006/cod_006_020.png,escritural,escritural_cod_006,2,train
data/processed/escritural/cod_006/cod_006_021.png,escritural,escritural_cod_006,2,train
data/processed/escritural/cod_006/cod_006_003.png,escritural,escritural_cod_006,2,train
data/processed/escritural/cod_006/cod_006_046.png,escritural,escritural_cod_006,2,train
data/processed/escritural/cod_013/cod_013_010.png,escritural,escritural_cod_013,2,train
data/processed/escritural/cod_013/cod_013_012.png,escritural,escritural_cod_013,2,train
data/processed/escritural/cod_013/cod_013_006.png,escritural,escritural_cod_013,2,train
data/processed/escritural/cod_013/cod_013_005.png,escritural,escritural_cod_013,2,train
data/processed/escritural/cod_013/cod_013_002.png,escritural,escritural_cod_013,2,train
data/processed/escritural/cod_013/cod_013_011.png,escritural,escritural_cod_013,2,train
data/processed/escritural/cod_013/cod_013_009.png,escritural,escritural_cod_013,2,train
data/processed/escritural/cod_013/cod_013_013.png,escritural,escritural_cod_013,2,train
data/processed/escritural/cod_013/cod_013_001.png,escritural,escritural_cod_013,2,train
data/processed/escritural/cod_013/cod_013_004.png,escritural,escritural_cod_013,2,train
data/processed/escritural/cod_014/cod_014_007.png,escritural,escritural_cod_014,2,train
data/processed/escritural/cod_014/cod_014_006.png,escritural,escritural_cod_014,2,train
data/processed/escritural/cod_014/cod_014_017.png,escritural,escritural_cod_014,2,train
data/processed/escritural/cod_014/cod_014_016.png,escritural,escritural_cod_014,2,train
data/processed/escritural/cod_014/cod_014_009.png,escritural,escritural_cod_014,2,train
data/processed/escritural/cod_014/cod_014_044.png,escritural,escritural_cod_014,2,train
data/processed/escritural/cod_014/cod_014_028.png,escritural,escritural_cod_014,2,train
data/processed/escritural/cod_014/cod_014_033.png,escritural,escritural_cod_014,2,train
data/processed/escritural/cod_014/cod_014_031.png,escritural,escritural_cod_014,2,train
data/processed/escritural/cod_014/cod_014_015.png,escritural,escritural_cod_014,2,train
data/processed/escritural/cod_014/cod_014_043.png,escritural,escritural_cod_014,2,train
data/processed/escritural/cod_014/cod_014_032.png,escritural,escritural_cod_014,2,train
data/processed/escritural/cod_014/cod_014_042.png,escritural,escritural_cod_014,2,train
data/processed/escritural/cod_016/cod_016_058.png,escritural,escritural_cod_016,2,train
data/processed/escritural/cod_016/cod_016_079.png,escritural,escritural_cod_016,2,train
data/processed/escritural/cod_016/cod_016_084.png,escritural,escritural_cod_016,2,train
data/processed/escritural/cod_016/cod_016_083.png,escritural,escritural_cod_016,2,train
data/processed/escritural/cod_016/cod_016_057.png,escritural,escritural_cod_016,2,train
data/processed/escritural/cod_033/cod_033_012.png,escritural,escritural_cod_033,2,train
data/processed/escritural/cod_033/cod_033_007.png,escritural,escritural_cod_033,2,train
data/processed/escritural/cod_033/cod_033_011.png,escritural,escritural_cod_033,2,train
data/processed/escritural/cod_033/cod_033_005.png,escritural,escritural_cod_033,2,train
data/processed/escritural/cod_033/cod_033_009.png,escritural,escritural_cod_033,2,train
data/processed/escritural/cod_033/cod_033_002.png,escritural,escritural_cod_033,2,train
data/processed/escritural/cod_033/cod_033_001.png,escritural,escritural_cod_033,2,train
data/processed/escritural/cod_033/cod_033_000.png,escritural,escritural_cod_033,2,train
data/processed/escritural/cod_033/cod_033_004.png,escritural,escritural_cod_033,2,train
data/processed/escritural/cod_033/cod_033_013.png,escritural,escritural_cod_033,2,train
data/processed/escritural/cod_033/cod_033_008.png,escritural,escritural_cod_033,2,train
data/processed/escritural/cod_026/cod_026_027.png,escritural,escritural_cod_026,2,train
data/processed/escritural/cod_026/cod_026_004.png,escritural,escritural_cod_026,2,train
data/processed/escritural/cod_026/cod_026_002.png,escritural,escritural_cod_026,2,train
data/processed/escritural/cod_026/cod_026_042.png,escritural,escritural_cod_026,2,train
data/processed/escritural/cod_026/cod_026_005.png,escritural,escritural_cod_026,2,train
data/processed/escritural/cod_026/cod_026_036.png,escritural,escritural_cod_026,2,train
data/processed/escritural/cod_026/cod_026_030.png,escritural,escritural_cod_026,2,train
data/processed/escritural/cod_026/cod_026_001.png,escritural,escritural_cod_026,2,train
data/processed/escritural/cod_026/cod_026_012.png,escritural,escritural_cod_026,2,train
data/processed/escritural/cod_026/cod_026_034.png,escritural,escritural_cod_026,2,train
data/processed/escritural/cod_026/cod_026_041.png,escritural,escritural_cod_026,2,train
data/processed/escritural/cod_026/cod_026_043.png,escritural,escritural_cod_026,2,train
data/processed/escritural/cod_026/cod_026_011.png,escritural,escritural_cod_026,2,train
data/processed/escritural/cod_032/cod_032_007.png,escritural,escritural_cod_032,2,train
data/processed/escritural/cod_032/cod_032_003.png,escritural,escritural_cod_032,2,train
data/processed/escritural/cod_032/cod_032_001.png,escritural,escritural_cod_032,2,train
data/processed/escritural/cod_032/cod_032_009.png,escritural,escritural_cod_032,2,train
data/processed/escritural/cod_032/cod_032_000.png,escritural,escritural_cod_032,2,train
data/processed/escritural/cod_032/cod_032_010.png,escritural,escritural_cod_032,2,train
data/processed/escritural/cod_032/cod_032_008.png,escritural,escritural_cod_032,2,train
data/processed/escritural/cod_032/cod_032_006.png,escritural,escritural_cod_032,2,train
data/processed/escritural/cod_032/cod_032_005.png,escritural,escritural_cod_032,2,train
data/processed/escritural/cod_032/cod_032_012.png,escritural,escritural_cod_032,2,train
data/processed/escritural/cod_032/cod_032_004.png,escritural,escritural_cod_032,2,train
data/processed/escritural/cod_032/cod_032_002.png,escritural,escritural_cod_032,2,train
data/processed/escritural/cod_047/cod_047_018.png,escritural,escritural_cod_047,2,train
data/processed/escritural/cod_047/cod_047_059.png,escritural,escritural_cod_047,2,train
data/processed/escritural/cod_047/cod_047_080.png,escritural,escritural_cod_047,2,train
data/processed/escritural/cod_047/cod_047_013.png,escritural,escritural_cod_047,2,train
data/processed/escritural/cod_047/cod_047_086.png,escritural,escritural_cod_047,2,train
data/processed/escritural/cod_047/cod_047_083.png,escritural,escritural_cod_047,2,train
data/processed/escritural/cod_047/cod_047_078.png,escritural,escritural_cod_047,2,train
data/processed/escritural/cod_047/cod_047_057.png,escritural,escritural_cod_047,2,train
data/processed/escritural/cod_047/cod_047_058.png,escritural,escritural_cod_047,2,train
data/processed/escritural/cod_047/cod_047_012.png,escritural,escritural_cod_047,2,train
data/processed/escritural/cod_047/cod_047_079.png,escritural,escritural_cod_047,2,train
data/processed/escritural/cod_047/cod_047_082.png,escritural,escritural_cod_047,2,train
data/processed/escritural/cod_047/cod_047_081.png,escritural,escritural_cod_047,2,train
data/processed/escritural/cod_059/cod_059_020.png,escritural,escritural_cod_059,2,train
data/processed/escritural/cod_059/cod_059_013.png,escritural,escritural_cod_059,2,train
data/processed/escritural/cod_059/cod_059_014.png,escritural,escritural_cod_059,2,train
data/processed/escritural/cod_059/cod_059_009.png,escritural,escritural_cod_059,2,train
data/processed/escritural/cod_059/cod_059_007.png,escritural,escritural_cod_059,2,train
data/processed/escritural/cod_059/cod_059_016.png,escritural,escritural_cod_059,2,train
data/processed/escritural/cod_059/cod_059_010.png,escritural,escritural_cod_059,2,train
data/processed/escritural/cod_059/cod_059_019.png,escritural,escritural_cod_059,2,train
data/processed/escritural/cod_059/cod_059_012.png,escritural,escritural_cod_059,2,train
data/processed/escritural/cod_059/cod_059_008.png,escritural,escritural_cod_059,2,train
data/processed/escritural/cod_059/cod_059_006.png,escritural,escritural_cod_059,2,train
data/processed/escritural/cod_059/cod_059_011.png,escritural,escritural_cod_059,2,train
data/processed/escritural/cod_059/cod_059_015.png,escritural,escritural_cod_059,2,train
data/processed/escritural/cod_059/cod_059_018.png,escritural,escritural_cod_059,2,train
data/processed/escritural/cod_060/cod_060_013.png,escritural,escritural_cod_060,2,train
data/processed/escritural/cod_060/cod_060_003.png,escritural,escritural_cod_060,2,train
data/processed/escritural/cod_060/cod_060_008.png,escritural,escritural_cod_060,2,train
data/processed/escritural/cod_060/cod_060_012.png,escritural,escritural_cod_060,2,train
data/processed/escritural/cod_060/cod_060_015.png,escritural,escritural_cod_060,2,train
data/processed/escritural/cod_060/cod_060_001.png,escritural,escritural_cod_060,2,train
data/processed/escritural/cod_060/cod_060_005.png,escritural,escritural_cod_060,2,train
data/processed/escritural/cod_060/cod_060_014.png,escritural,escritural_cod_060,2,train
data/processed/escritural/cod_060/cod_060_006.png,escritural,escritural_cod_060,2,train
data/processed/escritural/cod_060/cod_060_000.png,escritural,escritural_cod_060,2,train
data/processed/escritural/cod_068/cod_068_024.png,escritural,escritural_cod_068,2,train
data/processed/escritural/cod_068/cod_068_020.png,escritural,escritural_cod_068,2,train
data/processed/escritural/cod_068/cod_068_023.png,escritural,escritural_cod_068,2,train
data/processed/escritural/cod_068/cod_068_009.png,escritural,escritural_cod_068,2,train
data/processed/escritural/cod_068/cod_068_022.png,escritural,escritural_cod_068,2,train
data/processed/escritural/cod_068/cod_068_017.png,escritural,escritural_cod_068,2,train
data/processed/escritural/cod_068/cod_068_008.png,escritural,escritural_cod_068,2,train
data/processed/escritural/cod_068/cod_068_010.png,escritural,escritural_cod_068,2,train
data/processed/escritural/cod_068/cod_068_004.png,escritural,escritural_cod_068,2,train
data/processed/escritural/cod_068/cod_068_003.png,escritural,escritural_cod_068,2,train
data/processed/escritural/cod_068/cod_068_002.png,escritural,escritural_cod_068,2,train
data/processed/escritural/cod_066/cod_066_004.png,escritural,escritural_cod_066,2,train
data/processed/escritural/cod_066/cod_066_006.png,escritural,escritural_cod_066,2,train
data/processed/escritural/cod_066/cod_066_011.png,escritural,escritural_cod_066,2,train
data/processed/escritural/cod_066/cod_066_013.png,escritural,escritural_cod_066,2,train
data/processed/escritural/cod_066/cod_066_017.png,escritural,escritural_cod_066,2,train
data/processed/escritural/cod_066/cod_066_015.png,escritural,escritural_cod_066,2,train
data/processed/escritural/cod_066/cod_066_005.png,escritural,escritural_cod_066,2,train
data/processed/escritural/cod_066/cod_066_018.png,escritural,escritural_cod_066,2,train
data/processed/escritural/cod_066/cod_066_002.png,escritural,escritural_cod_066,2,train
data/processed/escritural/cod_066/cod_066_012.png,escritural,escritural_cod_066,2,train
data/processed/escritural/cod_066/cod_066_014.png,escritural,escritural_cod_066,2,train
data/processed/escritural/cod_067/cod_067_009.png,escritural,escritural_cod_067,2,train
data/processed/escritural/cod_067/cod_067_017.png,escritural,escritural_cod_067,2,train
data/processed/escritural/cod_067/cod_067_002.png,escritural,escritural_cod_067,2,train
data/processed/escritural/cod_067/cod_067_007.png,escritural,escritural_cod_067,2,train
data/processed/escritural/cod_067/cod_067_021.png,escritural,escritural_cod_067,2,train
data/processed/escritural/cod_067/cod_067_018.png,escritural,escritural_cod_067,2,train
data/processed/escritural/cod_067/cod_067_020.png,escritural,escritural_cod_067,2,train
data/processed/escritural/cod_067/cod_067_015.png,escritural,escritural_cod_067,2,train
data/processed/escritural/cod_067/cod_067_001.png,escritural,escritural_cod_067,2,train
data/processed/escritural/cod_067/cod_067_008.png,escritural,escritural_cod_067,2,train
data/processed/escritural/cod_067/cod_067_000.png,escritural,escritural_cod_067,2,train
data/processed/escritural/cod_067/cod_067_016.png,escritural,escritural_cod_067,2,train
data/processed/escritural/cod_072/cod_072_003.png,escritural,escritural_cod_072,2,train
data/processed/escritural/cod_072/cod_072_012.png,escritural,escritural_cod_072,2,train
data/processed/escritural/cod_072/cod_072_010.png,escritural,escritural_cod_072,2,train
data/processed/escritural/cod_072/cod_072_004.png,escritural,escritural_cod_072,2,train
data/processed/escritural/cod_072/cod_072_007.png,escritural,escritural_cod_072,2,train
data/processed/escritural/cod_072/cod_072_009.png,escritural,escritural_cod_072,2,train
data/processed/escritural/cod_072/cod_072_008.png,escritural,escritural_cod_072,2,train
data/processed/escritural/cod_072/cod_072_001.png,escritural,escritural_cod_072,2,train
data/processed/escritural/cod_072/cod_072_005.png,escritural,escritural_cod_072,2,train
data/processed/escritural/cod_072/cod_072_002.png,escritural,escritural_cod_072,2,train
data/processed/escritural/cod_072/cod_072_006.png,escritural,escritural_cod_072,2,train
data/processed/escritural/cod_072/cod_072_013.png,escritural,escritural_cod_072,2,train
data/processed/escritural/cod_072/cod_072_014.png,escritural,escritural_cod_072,2,train
data/processed/escritural/cod_074/cod_074_003.png,escritural,escritural_cod_074,2,train
data/processed/escritural/cod_074/cod_074_013.png,escritural,escritural_cod_074,2,train
data/processed/escritural/cod_074/cod_074_015.png,escritural,escritural_cod_074,2,train
data/processed/escritural/cod_074/cod_074_008.png,escritural,escritural_cod_074,2,train
data/processed/escritural/cod_074/cod_074_014.png,escritural,escritural_cod_074,2,train
data/processed/escritural/cod_074/cod_074_001.png,escritural,escritural_cod_074,2,train
data/processed/escritural/cod_074/cod_074_002.png,escritural,escritural_cod_074,2,train
data/processed/escritural/cod_074/cod_074_011.png,escritural,escritural_cod_074,2,train
data/processed/escritural/cod_074/cod_074_012.png,escritural,escritural_cod_074,2,train
data/processed/escritural/cod_074/cod_074_010.png,escritural,escritural_cod_074,2,train
data/processed/escritural/cod_074/cod_074_000.png,escritural,escritural_cod_074,2,train
data/processed/escritural/cod_076/cod_076_009.png,escritural,escritural_cod_076,2,train
data/processed/escritural/cod_076/cod_076_001.png,escritural,escritural_cod_076,2,train
data/processed/escritural/cod_076/cod_076_002.png,escritural,escritural_cod_076,2,train
data/processed/escritural/cod_076/cod_076_003.png,escritural,escritural_cod_076,2,train
data/processed/escritural/cod_076/cod_076_008.png,escritural,escritural_cod_076,2,train
data/processed/escritural/cod_076/cod_076_023.png,escritural,escritural_cod_076,2,train
data/processed/escritural/cod_076/cod_076_005.png,escritural,escritural_cod_076,2,train
data/processed/escritural/cod_083/cod_083_020.png,escritural,escritural_cod_083,2,train
data/processed/escritural/cod_083/cod_083_002.png,escritural,escritural_cod_083,2,train
data/processed/escritural/cod_083/cod_083_016.png,escritural,escritural_cod_083,2,train
data/processed/escritural/cod_083/cod_083_022.png,escritural,escritural_cod_083,2,train
data/processed/escritural/cod_083/cod_083_003.png,escritural,escritural_cod_083,2,train
data/processed/escritural/cod_083/cod_083_023.png,escritural,escritural_cod_083,2,train
data/processed/escritural/cod_083/cod_083_017.png,escritural,escritural_cod_083,2,train
data/processed/escritural/cod_083/cod_083_010.png,escritural,escritural_cod_083,2,train
data/processed/escritural/cod_083/cod_083_014.png,escritural,escritural_cod_083,2,train
data/processed/escritural/cod_083/cod_083_004.png,escritural,escritural_cod_083,2,train
data/processed/escritural/cod_083/cod_083_011.png,escritural,escritural_cod_083,2,train
data/processed/escritural/cod_083/cod_083_009.png,escritural,escritural_cod_083,2,train
data/processed/escritural/cod_081/cod_081_018.png,escritural,escritural_cod_081,2,train
data/processed/escritural/cod_081/cod_081_000.png,escritural,escritural_cod_081,2,train
data/processed/escritural/cod_081/cod_081_002.png,escritural,escritural_cod_081,2,train
data/processed/escritural/cod_081/cod_081_011.png,escritural,escritural_cod_081,2,train
data/processed/escritural/cod_081/cod_081_014.png,escritural,escritural_cod_081,2,train
data/processed/escritural/cod_081/cod_081_020.png,escritural,escritural_cod_081,2,train
data/processed/escritural/cod_081/cod_081_019.png,escritural,escritural_cod_081,2,train
data/processed/escritural/cod_081/cod_081_006.png,escritural,escritural_cod_081,2,train
data/processed/escritural/cod_081/cod_081_007.png,escritural,escritural_cod_081,2,train
data/processed/escritural/cod_081/cod_081_001.png,escritural,escritural_cod_081,2,train
data/processed/escritural/cod_081/cod_081_013.png,escritural,escritural_cod_081,2,train
data/processed/escritural/cod_081/cod_081_008.png,escritural,escritural_cod_081,2,train
data/processed/escritural/cod_081/cod_081_009.png,escritural,escritural_cod_081,2,train
data/processed/escritural/cod_113/cod_113_004.png,escritural,escritural_cod_113,2,train
data/processed/escritural/cod_113/cod_113_005.png,escritural,escritural_cod_113,2,train
data/processed/escritural/cod_113/cod_113_001.png,escritural,escritural_cod_113,2,train
data/processed/escritural/cod_113/cod_113_007.png,escritural,escritural_cod_113,2,train
data/processed/escritural/cod_113/cod_113_002.png,escritural,escritural_cod_113,2,train
data/processed/escritural/cod_107/cod_107_003.png,escritural,escritural_cod_107,2,train
data/processed/escritural/cod_107/cod_107_012.png,escritural,escritural_cod_107,2,train
data/processed/escritural/cod_107/cod_107_001.png,escritural,escritural_cod_107,2,train
data/processed/escritural/cod_107/cod_107_002.png,escritural,escritural_cod_107,2,train
data/processed/escritural/cod_107/cod_107_007.png,escritural,escritural_cod_107,2,train
data/processed/escritural/cod_107/cod_107_022.png,escritural,escritural_cod_107,2,train
data/processed/escritural/cod_107/cod_107_014.png,escritural,escritural_cod_107,2,train
data/processed/escritural/cod_107/cod_107_020.png,escritural,escritural_cod_107,2,train
data/processed/escritural/cod_107/cod_107_004.png,escritural,escritural_cod_107,2,train
data/processed/escritural/cod_107/cod_107_005.png,escritural,escritural_cod_107,2,train
data/processed/escritural/cod_107/cod_107_023.png,escritural,escritural_cod_107,2,train
data/processed/escritural/cod_110/cod_110_008.png,escritural,escritural_cod_110,2,train
data/processed/escritural/cod_110/cod_110_004.png,escritural,escritural_cod_110,2,train
data/processed/escritural/cod_110/cod_110_003.png,escritural,escritural_cod_110,2,train
data/processed/escritural/cod_110/cod_110_010.png,escritural,escritural_cod_110,2,train
data/processed/escritural/cod_110/cod_110_002.png,escritural,escritural_cod_110,2,train
data/processed/escritural/cod_110/cod_110_000.png,escritural,escritural_cod_110,2,train
data/processed/escritural/cod_110/cod_110_001.png,escritural,escritural_cod_110,2,train
data/processed/escritural/cod_110/cod_110_009.png,escritural,escritural_cod_110,2,train
data/processed/escritural/cod_110/cod_110_006.png,escritural,escritural_cod_110,2,train
data/processed/escritural/cod_110/cod_110_007.png,escritural,escritural_cod_110,2,train
data/processed/escritural/cod_110/cod_110_005.png,escritural,escritural_cod_110,2,train
data/processed/escritural/cod_080/cod_080_001.png,escritural,escritural_cod_080,2,train
data/processed/escritural/cod_080/cod_080_002.png,escritural,escritural_cod_080,2,train
data/processed/escritural/cod_080/cod_080_000.png,escritural,escritural_cod_080,2,train
data/processed/escritural/cod_080/cod_080_012.png,escritural,escritural_cod_080,2,train
data/processed/escritural/cod_080/cod_080_013.png,escritural,escritural_cod_080,2,train
data/processed/escritural/cod_080/cod_080_008.png,escritural,escritural_cod_080,2,train
data/processed/escritural/cod_080/cod_080_014.png,escritural,escritural_cod_080,2,train
data/processed/escritural/cod_080/cod_080_006.png,escritural,escritural_cod_080,2,train
data/processed/escritural/cod_080/cod_080_010.png,escritural,escritural_cod_080,2,train
data/processed/escritural/cod_080/cod_080_009.png,escritural,escritural_cod_080,2,train
data/processed/escritural/cod_080/cod_080_011.png,escritural,escritural_cod_080,2,train
data/processed/escritural/cod_080/cod_080_004.png,escritural,escritural_cod_080,2,train
data/processed/escritural/cod_080/cod_080_005.png,escritural,escritural_cod_080,2,train
data/processed/escritural/cod_117/cod_117_012.png,escritural,escritural_cod_117,2,train
data/processed/escritural/cod_117/cod_117_003.png,escritural,escritural_cod_117,2,train
data/processed/escritural/cod_117/cod_117_001.png,escritural,escritural_cod_117,2,train
data/processed/escritural/cod_117/cod_117_007.png,escritural,escritural_cod_117,2,train
data/processed/escritural/cod_117/cod_117_000.png,escritural,escritural_cod_117,2,train
data/processed/escritural/cod_117/cod_117_002.png,escritural,escritural_cod_117,2,train
data/processed/escritural/cod_117/cod_117_009.png,escritural,escritural_cod_117,2,train
data/processed/escritural/cod_117/cod_117_008.png,escritural,escritural_cod_117,2,train
data/processed/escritural/cod_117/cod_117_006.png,escritural,escritural_cod_117,2,train
data/processed/escritural/cod_117/cod_117_011.png,escritural,escritural_cod_117,2,train
data/processed/escritural/cod_117/cod_117_005.png,escritural,escritural_cod_117,2,train
data/processed/escritural/cod_117/cod_117_004.png,escritural,escritural_cod_117,2,train
data/processed/escritural/cod_117/cod_117_010.png,escritural,escritural_cod_117,2,train
data/processed/escritural/cod_127/cod_127_002.png,escritural,escritural_cod_127,2,train
data/processed/escritural/cod_127/cod_127_004.png,escritural,escritural_cod_127,2,train
data/processed/escritural/cod_127/cod_127_000.png,escritural,escritural_cod_127,2,train
data/processed/escritural/cod_127/cod_127_003.png,escritural,escritural_cod_127,2,train
data/processed/escritural/cod_127/cod_127_006.png,escritural,escritural_cod_127,2,train
data/processed/escritural/cod_136/cod_136_001.png,escritural,escritural_cod_136,2,train
data/processed/escritural/cod_138/cod_138_019.png,escritural,escritural_cod_138,2,train
data/processed/escritural/cod_138/cod_138_000.png,escritural,escritural_cod_138,2,train
data/processed/escritural/cod_138/cod_138_006.png,escritural,escritural_cod_138,2,train
data/processed/escritural/cod_138/cod_138_024.png,escritural,escritural_cod_138,2,train
data/processed/escritural/cod_138/cod_138_001.png,escritural,escritural_cod_138,2,train
data/processed/escritural/cod_138/cod_138_021.png,escritural,escritural_cod_138,2,train
data/processed/escritural/cod_137/cod_137_002.png,escritural,escritural_cod_137,2,train
data/processed/escritural/cod_137/cod_137_003.png,escritural,escritural_cod_137,2,train
data/processed/escritural/cod_137/cod_137_005.png,escritural,escritural_cod_137,2,train
data/processed/escritural/cod_137/cod_137_011.png,escritural,escritural_cod_137,2,train
data/processed/escritural/cod_137/cod_137_009.png,escritural,escritural_cod_137,2,train
data/processed/escritural/cod_137/cod_137_007.png,escritural,escritural_cod_137,2,train
data/processed/escritural/cod_137/cod_137_004.png,escritural,escritural_cod_137,2,train
data/processed/escritural/cod_137/cod_137_000.png,escritural,escritural_cod_137,2,train
data/processed/escritural/cod_137/cod_137_001.png,escritural,escritural_cod_137,2,train
data/processed/escritural/cod_160/cod_160_010.png,escritural,escritural_cod_160,2,train
data/processed/escritural/cod_160/cod_160_004.png,escritural,escritural_cod_160,2,train
data/processed/escritural/cod_160/cod_160_011.png,escritural,escritural_cod_160,2,train
data/processed/escritural/cod_160/cod_160_005.png,escritural,escritural_cod_160,2,train
data/processed/escritural/cod_160/cod_160_001.png,escritural,escritural_cod_160,2,train
data/processed/escritural/cod_160/cod_160_012.png,escritural,escritural_cod_160,2,train
data/processed/escritural/cod_160/cod_160_007.png,escritural,escritural_cod_160,2,train
data/processed/grotesco/cod_004/cod_004_002.png,grotesco,grotesco_cod_004,2,train
data/processed/grotesco/cod_004/cod_004_000.png,grotesco,grotesco_cod_004,2,train
data/processed/grotesco/cod_004/cod_004_006.png,grotesco,grotesco_cod_004,2,train
data/processed/grotesco/cod_004/cod_004_004.png,grotesco,grotesco_cod_004,2,train
data/processed/grotesco/cod_004/cod_004_010.png,grotesco,grotesco_cod_004,2,train
data/processed/grotesco/cod_004/cod_004_008.png,grotesco,grotesco_cod_004,2,train
data/processed/grotesco/cod_004/cod_004_013.png,grotesco,grotesco_cod_004,2,train
data/processed/grotesco/cod_004/cod_004_011.png,grotesco,grotesco_cod_004,2,train
data/processed/grotesco/cod_004/cod_004_001.png,grotesco,grotesco_cod_004,2,train
data/processed/grotesco/cod_004/cod_004_003.png,grotesco,grotesco_cod_004,2,train
data/processed/grotesco/cod_004/cod_004_005.png,grotesco,grotesco_cod_004,2,train
data/processed/grotesco/cod_004/cod_004_012.png,grotesco,grotesco_cod_004,2,train
data/processed/grotesco/cod_004/cod_004_007.png,grotesco,grotesco_cod_004,2,train
data/processed/grotesco/cod_003/cod_003_000.png,grotesco,grotesco_cod_003,2,train
data/processed/grotesco/cod_003/cod_003_001.png,grotesco,grotesco_cod_003,2,train
data/processed/grotesco/cod_003/cod_003_007.png,grotesco,grotesco_cod_003,2,train
data/processed/grotesco/cod_003/cod_003_008.png,grotesco,grotesco_cod_003,2,train
data/processed/grotesco/cod_003/cod_003_006.png,grotesco,grotesco_cod_003,2,train
data/processed/grotesco/cod_003/cod_003_012.png,grotesco,grotesco_cod_003,2,train
data/processed/grotesco/cod_003/cod_003_011.png,grotesco,grotesco_cod_003,2,train
data/processed/grotesco/cod_003/cod_003_003.png,grotesco,grotesco_cod_003,2,train
data/processed/grotesco/cod_003/cod_003_002.png,grotesco,grotesco_cod_003,2,train
data/processed/grotesco/cod_003/cod_003_004.png,grotesco,grotesco_cod_003,2,train
data/processed/grotesco/cod_003/cod_003_010.png,grotesco,grotesco_cod_003,2,train
data/processed/grotesco/cod_003/cod_003_005.png,grotesco,grotesco_cod_003,2,train
data/processed/grotesco/cod_003/cod_003_009.png,grotesco,grotesco_cod_003,2,train
data/processed/grotesco/cod_005/cod_005_008.png,grotesco,grotesco_cod_005,2,train
data/processed/grotesco/cod_005/cod_005_001.png,grotesco,grotesco_cod_005,2,train
data/processed/grotesco/cod_005/cod_005_002.png,grotesco,grotesco_cod_005,2,train
data/processed/grotesco/cod_005/cod_005_004.png,grotesco,grotesco_cod_005,2,train
data/processed/grotesco/cod_005/cod_005_010.png,grotesco,grotesco_cod_005,2,train
data/processed/grotesco/cod_005/cod_005_006.png,grotesco,grotesco_cod_005,2,train
data/processed/grotesco/cod_005/cod_005_009.png,grotesco,grotesco_cod_005,2,train
data/processed/grotesco/cod_005/cod_005_000.png,grotesco,grotesco_cod_005,2,train
data/processed/grotesco/cod_005/cod_005_011.png,grotesco,grotesco_cod_005,2,train
data/processed/grotesco/cod_005/cod_005_005.png,grotesco,grotesco_cod_005,2,train
data/processed/grotesco/cod_005/cod_005_012.png,grotesco,grotesco_cod_005,2,train
data/processed/grotesco/cod_008/cod_008_001.png,grotesco,grotesco_cod_008,2,train
data/processed/grotesco/cod_008/cod_008_009.png,grotesco,grotesco_cod_008,2,train
data/processed/grotesco/cod_008/cod_008_008.png,grotesco,grotesco_cod_008,2,train
data/processed/grotesco/cod_008/cod_008_002.png,grotesco,grotesco_cod_008,2,train
data/processed/grotesco/cod_008/cod_008_007.png,grotesco,grotesco_cod_008,2,train
data/processed/grotesco/cod_008/cod_008_000.png,grotesco,grotesco_cod_008,2,train
data/processed/grotesco/cod_008/cod_008_006.png,grotesco,grotesco_cod_008,2,train
data/processed/grotesco/cod_008/cod_008_005.png,grotesco,grotesco_cod_008,2,train
data/processed/grotesco/cod_008/cod_008_003.png,grotesco,grotesco_cod_008,2,train
data/processed/grotesco/cod_022/cod_022_007.png,grotesco,grotesco_cod_022,2,train
data/processed/grotesco/cod_022/cod_022_002.png,grotesco,grotesco_cod_022,2,train
data/processed/grotesco/cod_022/cod_022_011.png,grotesco,grotesco_cod_022,2,train
data/processed/grotesco/cod_022/cod_022_012.png,grotesco,grotesco_cod_022,2,train
data/processed/grotesco/cod_022/cod_022_001.png,grotesco,grotesco_cod_022,2,train
data/processed/grotesco/cod_022/cod_022_003.png,grotesco,grotesco_cod_022,2,train
data/processed/grotesco/cod_022/cod_022_010.png,grotesco,grotesco_cod_022,2,train
data/processed/grotesco/cod_022/cod_022_008.png,grotesco,grotesco_cod_022,2,train
data/processed/grotesco/cod_022/cod_022_000.png,grotesco,grotesco_cod_022,2,train
data/processed/grotesco/cod_031/cod_031_013.png,grotesco,grotesco_cod_031,2,train
data/processed/grotesco/cod_031/cod_031_011.png,grotesco,grotesco_cod_031,2,train
data/processed/grotesco/cod_031/cod_031_009.png,grotesco,grotesco_cod_031,2,train
data/processed/grotesco/cod_031/cod_031_012.png,grotesco,grotesco_cod_031,2,train
data/processed/grotesco/cod_031/cod_031_002.png,grotesco,grotesco_cod_031,2,train
data/processed/grotesco/cod_031/cod_031_008.png,grotesco,grotesco_cod_031,2,train
data/processed/grotesco/cod_031/cod_031_003.png,grotesco,grotesco_cod_031,2,train
data/processed/grotesco/cod_031/cod_031_005.png,grotesco,grotesco_cod_031,2,train
data/processed/grotesco/cod_031/cod_031_006.png,grotesco,grotesco_cod_031,2,train
data/processed/grotesco/cod_031/cod_031_004.png,grotesco,grotesco_cod_031,2,train
data/processed/grotesco/cod_031/cod_031_001.png,grotesco,grotesco_cod_031,2,train
data/processed/grotesco/cod_031/cod_031_000.png,grotesco,grotesco_cod_031,2,train
data/processed/grotesco/cod_031/cod_031_007.png,grotesco,grotesco_cod_031,2,train
data/processed/grotesco/cod_031/cod_031_010.png,grotesco,grotesco_cod_031,2,train
data/processed/grotesco/cod_024/cod_024_004.png,grotesco,grotesco_cod_024,2,train
data/processed/grotesco/cod_024/cod_024_001.png,grotesco,grotesco_cod_024,2,train
data/processed/grotesco/cod_024/cod_024_008.png,grotesco,grotesco_cod_024,2,train
data/processed/grotesco/cod_024/cod_024_002.png,grotesco,grotesco_cod_024,2,train
data/processed/grotesco/cod_024/cod_024_003.png,grotesco,grotesco_cod_024,2,train
data/processed/grotesco/cod_024/cod_024_007.png,grotesco,grotesco_cod_024,2,train
data/processed/grotesco/cod_035/cod_035_005.png,grotesco,grotesco_cod_035,2,train
data/processed/grotesco/cod_035/cod_035_012.png,grotesco,grotesco_cod_035,2,train
data/processed/grotesco/cod_035/cod_035_002.png,grotesco,grotesco_cod_035,2,train
data/processed/grotesco/cod_035/cod_035_000.png,grotesco,grotesco_cod_035,2,train
data/processed/grotesco/cod_035/cod_035_011.png,grotesco,grotesco_cod_035,2,train
data/processed/grotesco/cod_035/cod_035_003.png,grotesco,grotesco_cod_035,2,train
data/processed/grotesco/cod_035/cod_035_001.png,grotesco,grotesco_cod_035,2,train
data/processed/grotesco/cod_035/cod_035_009.png,grotesco,grotesco_cod_035,2,train
data/processed/grotesco/cod_035/cod_035_008.png,grotesco,grotesco_cod_035,2,train
data/processed/grotesco/cod_035/cod_035_007.png,grotesco,grotesco_cod_035,2,train
data/processed/grotesco/cod_035/cod_035_004.png,grotesco,grotesco_cod_035,2,train
data/processed/grotesco/cod_035/cod_035_006.png,grotesco,grotesco_cod_035,2,train
data/processed/grotesco/cod_035/cod_035_013.png,grotesco,grotesco_cod_035,2,train
data/processed/grotesco/cod_051/cod_051_012.png,grotesco,grotesco_cod_051,2,train
data/processed/grotesco/cod_051/cod_051_005.png,grotesco,grotesco_cod_051,2,train
data/processed/grotesco/cod_051/cod_051_015.png,grotesco,grotesco_cod_051,2,train
data/processed/grotesco/cod_051/cod_051_010.png,grotesco,grotesco_cod_051,2,train
data/processed/grotesco/cod_051/cod_051_009.png,grotesco,grotesco_cod_051,2,train
data/processed/grotesco/cod_051/cod_051_016.png,grotesco,grotesco_cod_051,2,train
data/processed/grotesco/cod_051/cod_051_017.png,grotesco,grotesco_cod_051,2,train
data/processed/grotesco/cod_051/cod_051_011.png,grotesco,grotesco_cod_051,2,train
data/processed/grotesco/cod_051/cod_051_007.png,grotesco,grotesco_cod_051,2,train
data/processed/grotesco/cod_051/cod_051_006.png,grotesco,grotesco_cod_051,2,train
data/processed/grotesco/cod_042/cod_042_002.png,grotesco,grotesco_cod_042,2,train
data/processed/grotesco/cod_042/cod_042_000.png,grotesco,grotesco_cod_042,2,train
data/processed/grotesco/cod_042/cod_042_006.png,grotesco,grotesco_cod_042,2,train
data/processed/grotesco/cod_042/cod_042_009.png,grotesco,grotesco_cod_042,2,train
data/processed/grotesco/cod_042/cod_042_001.png,grotesco,grotesco_cod_042,2,train
data/processed/grotesco/cod_042/cod_042_004.png,grotesco,grotesco_cod_042,2,train
data/processed/grotesco/cod_042/cod_042_008.png,grotesco,grotesco_cod_042,2,train
data/processed/grotesco/cod_048/cod_048_026.png,grotesco,grotesco_cod_048,2,train
data/processed/grotesco/cod_048/cod_048_017.png,grotesco,grotesco_cod_048,2,train
data/processed/grotesco/cod_048/cod_048_009.png,grotesco,grotesco_cod_048,2,train
data/processed/grotesco/cod_048/cod_048_008.png,grotesco,grotesco_cod_048,2,train
data/processed/grotesco/cod_048/cod_048_028.png,grotesco,grotesco_cod_048,2,train
data/processed/grotesco/cod_048/cod_048_011.png,grotesco,grotesco_cod_048,2,train
data/processed/grotesco/cod_048/cod_048_032.png,grotesco,grotesco_cod_048,2,train
data/processed/grotesco/cod_048/cod_048_018.png,grotesco,grotesco_cod_048,2,train
data/processed/grotesco/cod_048/cod_048_027.png,grotesco,grotesco_cod_048,2,train
data/processed/grotesco/cod_052/cod_052_007.png,grotesco,grotesco_cod_052,2,train
data/processed/grotesco/cod_052/cod_052_005.png,grotesco,grotesco_cod_052,2,train
data/processed/grotesco/cod_052/cod_052_001.png,grotesco,grotesco_cod_052,2,train
data/processed/grotesco/cod_052/cod_052_009.png,grotesco,grotesco_cod_052,2,train
data/processed/grotesco/cod_052/cod_052_004.png,grotesco,grotesco_cod_052,2,train
data/processed/grotesco/cod_052/cod_052_000.png,grotesco,grotesco_cod_052,2,train
data/processed/grotesco/cod_052/cod_052_002.png,grotesco,grotesco_cod_052,2,train
data/processed/grotesco/cod_052/cod_052_006.png,grotesco,grotesco_cod_052,2,train
data/processed/grotesco/cod_052/cod_052_003.png,grotesco,grotesco_cod_052,2,train
data/processed/grotesco/cod_052/cod_052_008.png,grotesco,grotesco_cod_052,2,train
data/processed/grotesco/cod_056/cod_056_001.png,grotesco,grotesco_cod_056,2,train
data/processed/grotesco/cod_056/cod_056_018.png,grotesco,grotesco_cod_056,2,train
data/processed/grotesco/cod_056/cod_056_015.png,grotesco,grotesco_cod_056,2,train
data/processed/grotesco/cod_056/cod_056_011.png,grotesco,grotesco_cod_056,2,train
data/processed/grotesco/cod_056/cod_056_016.png,grotesco,grotesco_cod_056,2,train
data/processed/grotesco/cod_056/cod_056_019.png,grotesco,grotesco_cod_056,2,train
data/processed/grotesco/cod_056/cod_056_010.png,grotesco,grotesco_cod_056,2,train
data/processed/grotesco/cod_056/cod_056_014.png,grotesco,grotesco_cod_056,2,train
data/processed/grotesco/cod_056/cod_056_002.png,grotesco,grotesco_cod_056,2,train
data/processed/grotesco/cod_056/cod_056_017.png,grotesco,grotesco_cod_056,2,train
data/processed/grotesco/cod_056/cod_056_012.png,grotesco,grotesco_cod_056,2,train
data/processed/grotesco/cod_056/cod_056_003.png,grotesco,grotesco_cod_056,2,train
data/processed/grotesco/cod_053/cod_053_003.png,grotesco,grotesco_cod_053,2,train
data/processed/grotesco/cod_053/cod_053_002.png,grotesco,grotesco_cod_053,2,train
data/processed/grotesco/cod_053/cod_053_007.png,grotesco,grotesco_cod_053,2,train
data/processed/grotesco/cod_053/cod_053_001.png,grotesco,grotesco_cod_053,2,train
data/processed/grotesco/cod_053/cod_053_008.png,grotesco,grotesco_cod_053,2,train
data/processed/grotesco/cod_053/cod_053_006.png,grotesco,grotesco_cod_053,2,train
data/processed/grotesco/cod_053/cod_053_005.png,grotesco,grotesco_cod_053,2,train
data/processed/grotesco/cod_055/cod_055_012.png,grotesco,grotesco_cod_055,2,train
data/processed/grotesco/cod_055/cod_055_000.png,grotesco,grotesco_cod_055,2,train
data/processed/grotesco/cod_055/cod_055_011.png,grotesco,grotesco_cod_055,2,train
data/processed/grotesco/cod_055/cod_055_001.png,grotesco,grotesco_cod_055,2,train
data/processed/grotesco/cod_055/cod_055_013.png,grotesco,grotesco_cod_055,2,train
data/processed/grotesco/cod_055/cod_055_004.png,grotesco,grotesco_cod_055,2,train
data/processed/grotesco/cod_055/cod_055_002.png,grotesco,grotesco_cod_055,2,train
data/processed/grotesco/cod_055/cod_055_009.png,grotesco,grotesco_cod_055,2,train
data/processed/grotesco/cod_055/cod_055_007.png,grotesco,grotesco_cod_055,2,train
data/processed/grotesco/cod_055/cod_055_005.png,grotesco,grotesco_cod_055,2,train
data/processed/grotesco/cod_055/cod_055_003.png,grotesco,grotesco_cod_055,2,train
data/processed/grotesco/cod_055/cod_055_006.png,grotesco,grotesco_cod_055,2,train
data/processed/grotesco/cod_055/cod_055_008.png,grotesco,grotesco_cod_055,2,train
data/processed/grotesco/cod_088/cod_088_004.png,grotesco,grotesco_cod_088,2,train
data/processed/grotesco/cod_088/cod_088_011.png,grotesco,grotesco_cod_088,2,train
data/processed/grotesco/cod_088/cod_088_006.png,grotesco,grotesco_cod_088,2,train
data/processed/grotesco/cod_088/cod_088_010.png,grotesco,grotesco_cod_088,2,train
data/processed/grotesco/cod_088/cod_088_005.png,grotesco,grotesco_cod_088,2,train
data/processed/grotesco/cod_088/cod_088_012.png,grotesco,grotesco_cod_088,2,train
data/processed/grotesco/cod_088/cod_088_000.png,grotesco,grotesco_cod_088,2,train
data/processed/grotesco/cod_088/cod_088_002.png,grotesco,grotesco_cod_088,2,train
data/processed/grotesco/cod_088/cod_088_008.png,grotesco,grotesco_cod_088,2,train
data/processed/grotesco/cod_088/cod_088_001.png,grotesco,grotesco_cod_088,2,train
data/processed/grotesco/cod_088/cod_088_007.png,grotesco,grotesco_cod_088,2,train
data/processed/grotesco/cod_088/cod_088_003.png,grotesco,grotesco_cod_088,2,train
data/processed/grotesco/cod_088/cod_088_009.png,grotesco,grotesco_cod_088,2,train
data/processed/grotesco/cod_096/cod_096_010.png,grotesco,grotesco_cod_096,2,train
data/processed/grotesco/cod_096/cod_096_007.png,grotesco,grotesco_cod_096,2,train
data/processed/grotesco/cod_096/cod_096_005.png,grotesco,grotesco_cod_096,2,train
data/processed/grotesco/cod_096/cod_096_003.png,grotesco,grotesco_cod_096,2,train
data/processed/grotesco/cod_096/cod_096_011.png,grotesco,grotesco_cod_096,2,train
data/processed/grotesco/cod_096/cod_096_004.png,grotesco,grotesco_cod_096,2,train
data/processed/grotesco/cod_096/cod_096_002.png,grotesco,grotesco_cod_096,2,train
data/processed/grotesco/cod_096/cod_096_012.png,grotesco,grotesco_cod_096,2,train
data/processed/grotesco/cod_096/cod_096_009.png,grotesco,grotesco_cod_096,2,train
data/processed/grotesco/cod_096/cod_096_006.png,grotesco,grotesco_cod_096,2,train
data/processed/grotesco/cod_096/cod_096_000.png,grotesco,grotesco_cod_096,2,train
data/processed/grotesco/cod_098/cod_098_003.png,grotesco,grotesco_cod_098,2,train
data/processed/grotesco/cod_098/cod_098_005.png,grotesco,grotesco_cod_098,2,train
data/processed/grotesco/cod_098/cod_098_001.png,grotesco,grotesco_cod_098,2,train
data/processed/grotesco/cod_098/cod_098_007.png,grotesco,grotesco_cod_098,2,train
data/processed/grotesco/cod_098/cod_098_012.png,grotesco,grotesco_cod_098,2,train
data/processed/grotesco/cod_098/cod_098_000.png,grotesco,grotesco_cod_098,2,train
data/processed/grotesco/cod_098/cod_098_006.png,grotesco,grotesco_cod_098,2,train
data/processed/grotesco/cod_098/cod_098_004.png,grotesco,grotesco_cod_098,2,train
data/processed/grotesco/cod_098/cod_098_002.png,grotesco,grotesco_cod_098,2,train
data/processed/grotesco/cod_098/cod_098_011.png,grotesco,grotesco_cod_098,2,train
data/processed/grotesco/cod_098/cod_098_008.png,grotesco,grotesco_cod_098,2,train
data/processed/grotesco/cod_098/cod_098_010.png,grotesco,grotesco_cod_098,2,train
data/processed/grotesco/cod_091/cod_091_005.png,grotesco,grotesco_cod_091,2,train
data/processed/grotesco/cod_091/cod_091_006.png,grotesco,grotesco_cod_091,2,train
data/processed/grotesco/cod_091/cod_091_003.png,grotesco,grotesco_cod_091,2,train
data/processed/grotesco/cod_091/cod_091_015.png,grotesco,grotesco_cod_091,2,train
data/processed/grotesco/cod_091/cod_091_001.png,grotesco,grotesco_cod_091,2,train
data/processed/grotesco/cod_091/cod_091_000.png,grotesco,grotesco_cod_091,2,train
data/processed/grotesco/cod_091/cod_091_008.png,grotesco,grotesco_cod_091,2,train
data/processed/grotesco/cod_091/cod_091_002.png,grotesco,grotesco_cod_091,2,train
data/processed/grotesco/cod_091/cod_091_007.png,grotesco,grotesco_cod_091,2,train
data/processed/grotesco/cod_091/cod_091_011.png,grotesco,grotesco_cod_091,2,train
data/processed/grotesco/cod_091/cod_091_004.png,grotesco,grotesco_cod_091,2,train
data/processed/grotesco/cod_091/cod_091_017.png,grotesco,grotesco_cod_091,2,train
data/processed/grotesco/cod_101/cod_101_009.png,grotesco,grotesco_cod_101,2,train
data/processed/grotesco/cod_101/cod_101_010.png,grotesco,grotesco_cod_101,2,train
data/processed/grotesco/cod_101/cod_101_001.png,grotesco,grotesco_cod_101,2,train
data/processed/grotesco/cod_101/cod_101_004.png,grotesco,grotesco_cod_101,2,train
data/processed/grotesco/cod_101/cod_101_008.png,grotesco,grotesco_cod_101,2,train
data/processed/grotesco/cod_101/cod_101_006.png,grotesco,grotesco_cod_101,2,train
data/processed/grotesco/cod_101/cod_101_002.png,grotesco,grotesco_cod_101,2,train
data/processed/grotesco/cod_101/cod_101_013.png,grotesco,grotesco_cod_101,2,train
data/processed/grotesco/cod_101/cod_101_007.png,grotesco,grotesco_cod_101,2,train
data/processed/grotesco/cod_101/cod_101_012.png,grotesco,grotesco_cod_101,2,train
data/processed/grotesco/cod_101/cod_101_005.png,grotesco,grotesco_cod_101,2,train
data/processed/grotesco/cod_101/cod_101_011.png,grotesco,grotesco_cod_101,2,train
data/processed/grotesco/cod_101/cod_101_003.png,grotesco,grotesco_cod_101,2,train
data/processed/grotesco/cod_100/cod_100_003.png,grotesco,grotesco_cod_100,2,train
data/processed/grotesco/cod_100/cod_100_009.png,grotesco,grotesco_cod_100,2,train
data/processed/grotesco/cod_100/cod_100_008.png,grotesco,grotesco_cod_100,2,train
data/processed/grotesco/cod_100/cod_100_006.png,grotesco,grotesco_cod_100,2,train
data/processed/grotesco/cod_100/cod_100_013.png,grotesco,grotesco_cod_100,2,train
data/processed/grotesco/cod_100/cod_100_012.png,grotesco,grotesco_cod_100,2,train
data/processed/grotesco/cod_100/cod_100_002.png,grotesco,grotesco_cod_100,2,train
data/processed/grotesco/cod_100/cod_100_007.png,grotesco,grotesco_cod_100,2,train
data/processed/grotesco/cod_100/cod_100_004.png,grotesco,grotesco_cod_100,2,train
data/processed/grotesco/cod_100/cod_100_001.png,grotesco,grotesco_cod_100,2,train
data/processed/grotesco/cod_100/cod_100_005.png,grotesco,grotesco_cod_100,2,train
data/processed/grotesco/cod_100/cod_100_011.png,grotesco,grotesco_cod_100,2,train
data/processed/grotesco/cod_100/cod_100_010.png,grotesco,grotesco_cod_100,2,train
data/processed/grotesco/cod_092/cod_092_008.png,grotesco,grotesco_cod_092,2,train
data/processed/grotesco/cod_092/cod_092_003.png,grotesco,grotesco_cod_092,2,train
data/processed/grotesco/cod_092/cod_092_011.png,grotesco,grotesco_cod_092,2,train
data/processed/grotesco/cod_092/cod_092_001.png,grotesco,grotesco_cod_092,2,train
data/processed/grotesco/cod_092/cod_092_009.png,grotesco,grotesco_cod_092,2,train
data/processed/grotesco/cod_092/cod_092_004.png,grotesco,grotesco_cod_092,2,train
data/processed/grotesco/cod_092/cod_092_000.png,grotesco,grotesco_cod_092,2,train
data/processed/grotesco/cod_092/cod_092_002.png,grotesco,grotesco_cod_092,2,train
data/processed/grotesco/cod_092/cod_092_007.png,grotesco,grotesco_cod_092,2,train
data/processed/grotesco/cod_092/cod_092_006.png,grotesco,grotesco_cod_092,2,train
data/processed/grotesco/cod_092/cod_092_010.png,grotesco,grotesco_cod_092,2,train
data/processed/grotesco/cod_109/cod_109_009.png,grotesco,grotesco_cod_109,2,train
data/processed/grotesco/cod_109/cod_109_008.png,grotesco,grotesco_cod_109,2,train
data/processed/grotesco/cod_109/cod_109_011.png,grotesco,grotesco_cod_109,2,train
data/processed/grotesco/cod_109/cod_109_012.png,grotesco,grotesco_cod_109,2,train
data/processed/grotesco/cod_109/cod_109_006.png,grotesco,grotesco_cod_109,2,train
data/processed/grotesco/cod_109/cod_109_002.png,grotesco,grotesco_cod_109,2,train
data/processed/grotesco/cod_109/cod_109_007.png,grotesco,grotesco_cod_109,2,train
data/processed/grotesco/cod_109/cod_109_010.png,grotesco,grotesco_cod_109,2,train
data/processed/grotesco/cod_109/cod_109_005.png,grotesco,grotesco_cod_109,2,train
data/processed/grotesco/cod_109/cod_109_001.png,grotesco,grotesco_cod_109,2,train
data/processed/grotesco/cod_109/cod_109_004.png,grotesco,grotesco_cod_109,2,train
data/processed/grotesco/cod_109/cod_109_000.png,grotesco,grotesco_cod_109,2,train
data/processed/grotesco/cod_109/cod_109_003.png,grotesco,grotesco_cod_109,2,train
data/processed/grotesco/cod_103/cod_103_002.png,grotesco,grotesco_cod_103,2,train
data/processed/grotesco/cod_103/cod_103_006.png,grotesco,grotesco_cod_103,2,train
data/processed/grotesco/cod_103/cod_103_001.png,grotesco,grotesco_cod_103,2,train
data/processed/grotesco/cod_103/cod_103_012.png,grotesco,grotesco_cod_103,2,train
data/processed/grotesco/cod_103/cod_103_007.png,grotesco,grotesco_cod_103,2,train
data/processed/grotesco/cod_103/cod_103_003.png,grotesco,grotesco_cod_103,2,train
data/processed/grotesco/cod_103/cod_103_009.png,grotesco,grotesco_cod_103,2,train
data/processed/grotesco/cod_103/cod_103_010.png,grotesco,grotesco_cod_103,2,train
data/processed/grotesco/cod_103/cod_103_008.png,grotesco,grotesco_cod_103,2,train
data/processed/grotesco/cod_103/cod_103_011.png,grotesco,grotesco_cod_103,2,train
data/processed/grotesco/cod_103/cod_103_004.png,grotesco,grotesco_cod_103,2,train
data/processed/grotesco/cod_103/cod_103_005.png,grotesco,grotesco_cod_103,2,train
data/processed/grotesco/cod_103/cod_103_000.png,grotesco,grotesco_cod_103,2,train
data/processed/grotesco/cod_120/cod_120_000.png,grotesco,grotesco_cod_120,2,train
data/processed/grotesco/cod_120/cod_120_004.png,grotesco,grotesco_cod_120,2,train
data/processed/grotesco/cod_120/cod_120_002.png,grotesco,grotesco_cod_120,2,train
data/processed/grotesco/cod_120/cod_120_006.png,grotesco,grotesco_cod_120,2,train
data/processed/grotesco/cod_120/cod_120_001.png,grotesco,grotesco_cod_120,2,train
data/processed/grotesco/cod_120/cod_120_003.png,grotesco,grotesco_cod_120,2,train
data/processed/grotesco/cod_120/cod_120_005.png,grotesco,grotesco_cod_120,2,train
data/processed/grotesco/cod_120/cod_120_007.png,grotesco,grotesco_cod_120,2,train
data/processed/grotesco/cod_125/cod_125_007.png,grotesco,grotesco_cod_125,2,train
data/processed/grotesco/cod_125/cod_125_014.png,grotesco,grotesco_cod_125,2,train
data/processed/grotesco/cod_125/cod_125_009.png,grotesco,grotesco_cod_125,2,train
data/processed/grotesco/cod_125/cod_125_004.png,grotesco,grotesco_cod_125,2,train
data/processed/grotesco/cod_125/cod_125_012.png,grotesco,grotesco_cod_125,2,train
data/processed/grotesco/cod_125/cod_125_000.png,grotesco,grotesco_cod_125,2,train
data/processed/grotesco/cod_125/cod_125_002.png,grotesco,grotesco_cod_125,2,train
data/processed/grotesco/cod_125/cod_125_005.png,grotesco,grotesco_cod_125,2,train
data/processed/grotesco/cod_125/cod_125_015.png,grotesco,grotesco_cod_125,2,train
data/processed/grotesco/cod_125/cod_125_008.png,grotesco,grotesco_cod_125,2,train
data/processed/grotesco/cod_125/cod_125_003.png,grotesco,grotesco_cod_125,2,train
data/processed/grotesco/cod_125/cod_125_001.png,grotesco,grotesco_cod_125,2,train
data/processed/grotesco/cod_125/cod_125_016.png,grotesco,grotesco_cod_125,2,train
data/processed/grotesco/cod_142/cod_142_001.png,grotesco,grotesco_cod_142,2,train
data/processed/grotesco/cod_142/cod_142_003.png,grotesco,grotesco_cod_142,2,train
data/processed/grotesco/cod_116/cod_116_013.png,grotesco,grotesco_cod_116,2,train
data/processed/grotesco/cod_116/cod_116_012.png,grotesco,grotesco_cod_116,2,train
data/processed/grotesco/cod_116/cod_116_003.png,grotesco,grotesco_cod_116,2,train
data/processed/grotesco/cod_116/cod_116_001.png,grotesco,grotesco_cod_116,2,train
data/processed/grotesco/cod_116/cod_116_002.png,grotesco,grotesco_cod_116,2,train
data/processed/grotesco/cod_116/cod_116_011.png,grotesco,grotesco_cod_116,2,train
data/processed/grotesco/cod_116/cod_116_010.png,grotesco,grotesco_cod_116,2,train
data/processed/grotesco/cod_116/cod_116_007.png,grotesco,grotesco_cod_116,2,train
data/processed/grotesco/cod_116/cod_116_009.png,grotesco,grotesco_cod_116,2,train
data/processed/grotesco/cod_116/cod_116_006.png,grotesco,grotesco_cod_116,2,train
data/processed/grotesco/cod_116/cod_116_008.png,grotesco,grotesco_cod_116,2,train
data/processed/grotesco/cod_116/cod_116_005.png,grotesco,grotesco_cod_116,2,train
data/processed/grotesco/cod_141/cod_141_005.png,grotesco,grotesco_cod_141,2,train
data/processed/grotesco/cod_141/cod_141_001.png,grotesco,grotesco_cod_141,2,train
data/processed/grotesco/cod_141/cod_141_007.png,grotesco,grotesco_cod_141,2,train
data/processed/grotesco/cod_141/cod_141_004.png,grotesco,grotesco_cod_141,2,train
data/processed/grotesco/cod_141/cod_141_002.png,grotesco,grotesco_cod_141,2,train
data/processed/grotesco/cod_141/cod_141_010.png,grotesco,grotesco_cod_141,2,train
data/processed/grotesco/cod_141/cod_141_006.png,grotesco,grotesco_cod_141,2,train
data/processed/grotesco/cod_141/cod_141_008.png,grotesco,grotesco_cod_141,2,train
data/processed/grotesco/cod_141/cod_141_000.png,grotesco,grotesco_cod_141,2,train
data/processed/grotesco/cod_141/cod_141_009.png,grotesco,grotesco_cod_141,2,train
data/processed/grotesco/cod_134/cod_134_000.png,grotesco,grotesco_cod_134,2,train
data/processed/grotesco/cod_134/cod_134_006.png,grotesco,grotesco_cod_134,2,train
data/processed/grotesco/cod_134/cod_134_011.png,grotesco,grotesco_cod_134,2,train
data/processed/grotesco/cod_134/cod_134_005.png,grotesco,grotesco_cod_134,2,train
data/processed/grotesco/cod_134/cod_134_009.png,grotesco,grotesco_cod_134,2,train
data/processed/grotesco/cod_134/cod_134_013.png,grotesco,grotesco_cod_134,2,train
data/processed/grotesco/cod_134/cod_134_010.png,grotesco,grotesco_cod_134,2,train
data/processed/grotesco/cod_134/cod_134_007.png,grotesco,grotesco_cod_134,2,train
data/processed/grotesco/cod_134/cod_134_001.png,grotesco,grotesco_cod_134,2,train
data/processed/grotesco/cod_134/cod_134_014.png,grotesco,grotesco_cod_134,2,train
data/processed/grotesco/cod_134/cod_134_004.png,grotesco,grotesco_cod_134,2,train
data/processed/grotesco/cod_134/cod_134_003.png,grotesco,grotesco_cod_134,2,train
data/processed/grotesco/cod_134/cod_134_012.png,grotesco,grotesco_cod_134,2,train
data/processed/grotesco/cod_104/cod_104_003.png,grotesco,grotesco_cod_104,2,train
data/processed/grotesco/cod_104/cod_104_010.png,grotesco,grotesco_cod_104,2,train
data/processed/grotesco/cod_104/cod_104_001.png,grotesco,grotesco_cod_104,2,train
data/processed/grotesco/cod_104/cod_104_006.png,grotesco,grotesco_cod_104,2,train
data/processed/grotesco/cod_104/cod_104_011.png,grotesco,grotesco_cod_104,2,train
data/processed/grotesco/cod_104/cod_104_012.png,grotesco,grotesco_cod_104,2,train
data/processed/grotesco/cod_104/cod_104_008.png,grotesco,grotesco_cod_104,2,train
data/processed/grotesco/cod_104/cod_104_005.png,grotesco,grotesco_cod_104,2,train
data/processed/grotesco/cod_104/cod_104_007.png,grotesco,grotesco_cod_104,2,train
data/processed/grotesco/cod_104/cod_104_002.png,grotesco,grotesco_cod_104,2,train
data/processed/grotesco/cod_104/cod_104_004.png,grotesco,grotesco_cod_104,2,train
data/processed/grotesco/cod_104/cod_104_009.png,grotesco,grotesco_cod_104,2,train
data/processed/grotesco/cod_104/cod_104_000.png,grotesco,grotesco_cod_104,2,train
data/processed/grotesco/cod_133/cod_133_004.png,grotesco,grotesco_cod_133,2,train
data/processed/grotesco/cod_133/cod_133_002.png,grotesco,grotesco_cod_133,2,train
data/processed/grotesco/cod_133/cod_133_006.png,grotesco,grotesco_cod_133,2,train
data/processed/grotesco/cod_133/cod_133_011.png,grotesco,grotesco_cod_133,2,train
data/processed/grotesco/cod_133/cod_133_012.png,grotesco,grotesco_cod_133,2,train
data/processed/grotesco/cod_133/cod_133_001.png,grotesco,grotesco_cod_133,2,train
data/processed/grotesco/cod_133/cod_133_007.png,grotesco,grotesco_cod_133,2,train
data/processed/grotesco/cod_133/cod_133_003.png,grotesco,grotesco_cod_133,2,train
data/processed/grotesco/cod_133/cod_133_000.png,grotesco,grotesco_cod_133,2,train
data/processed/grotesco/cod_133/cod_133_005.png,grotesco,grotesco_cod_133,2,train
data/processed/grotesco/cod_133/cod_133_009.png,grotesco,grotesco_cod_133,2,train
data/processed/grotesco/cod_133/cod_133_010.png,grotesco,grotesco_cod_133,2,train
data/processed/grotesco/cod_133/cod_133_008.png,grotesco,grotesco_cod_133,2,train
data/processed/grotesco/cod_144/cod_144_009.png,grotesco,grotesco_cod_144,2,train
data/processed/grotesco/cod_144/cod_144_010.png,grotesco,grotesco_cod_144,2,train
data/processed/grotesco/cod_144/cod_144_006.png,grotesco,grotesco_cod_144,2,train
data/processed/grotesco/cod_144/cod_144_004.png,grotesco,grotesco_cod_144,2,train
data/processed/grotesco/cod_144/cod_144_005.png,grotesco,grotesco_cod_144,2,train
data/processed/grotesco/cod_144/cod_144_000.png,grotesco,grotesco_cod_144,2,train
data/processed/grotesco/cod_144/cod_144_012.png,grotesco,grotesco_cod_144,2,train
data/processed/grotesco/cod_144/cod_144_001.png,grotesco,grotesco_cod_144,2,train
data/processed/grotesco/cod_144/cod_144_011.png,grotesco,grotesco_cod_144,2,train
data/processed/grotesco/cod_143/cod_143_005.png,grotesco,grotesco_cod_143,2,train
data/processed/grotesco/cod_143/cod_143_001.png,grotesco,grotesco_cod_143,2,train
data/processed/grotesco/cod_143/cod_143_003.png,grotesco,grotesco_cod_143,2,train
data/processed/grotesco/cod_143/cod_143_009.png,grotesco,grotesco_cod_143,2,train
data/processed/grotesco/cod_143/cod_143_006.png,grotesco,grotesco_cod_143,2,train
data/processed/grotesco/cod_143/cod_143_010.png,grotesco,grotesco_cod_143,2,train
data/processed/grotesco/cod_143/cod_143_007.png,grotesco,grotesco_cod_143,2,train
data/processed/grotesco/cod_143/cod_143_004.png,grotesco,grotesco_cod_143,2,train
data/processed/grotesco/cod_143/cod_143_002.png,grotesco,grotesco_cod_143,2,train
data/processed/grotesco/cod_148/cod_148_004.png,grotesco,grotesco_cod_148,2,train
data/processed/grotesco/cod_148/cod_148_003.png,grotesco,grotesco_cod_148,2,train
data/processed/grotesco/cod_148/cod_148_006.png,grotesco,grotesco_cod_148,2,train
data/processed/grotesco/cod_159/cod_159_007.png,grotesco,grotesco_cod_159,2,train
data/processed/grotesco/cod_159/cod_159_009.png,grotesco,grotesco_cod_159,2,train
data/processed/grotesco/cod_159/cod_159_010.png,grotesco,grotesco_cod_159,2,train
data/processed/grotesco/cod_159/cod_159_011.png,grotesco,grotesco_cod_159,2,train
data/processed/grotesco/cod_159/cod_159_005.png,grotesco,grotesco_cod_159,2,train
data/processed/grotesco/cod_159/cod_159_003.png,grotesco,grotesco_cod_159,2,train
data/processed/grotesco/cod_159/cod_159_001.png,grotesco,grotesco_cod_159,2,train
data/processed/grotesco/cod_159/cod_159_004.png,grotesco,grotesco_cod_159,2,train
data/processed/grotesco/cod_159/cod_159_008.png,grotesco,grotesco_cod_159,2,train
data/processed/grotesco/cod_159/cod_159_006.png,grotesco,grotesco_cod_159,2,train
data/processed/grotesco/cod_156/cod_156_004.png,grotesco,grotesco_cod_156,2,train
data/processed/grotesco/cod_156/cod_156_011.png,grotesco,grotesco_cod_156,2,train
data/processed/grotesco/cod_156/cod_156_012.png,grotesco,grotesco_cod_156,2,train
data/processed/grotesco/cod_156/cod_156_001.png,grotesco,grotesco_cod_156,2,train
data/processed/grotesco/cod_156/cod_156_008.png,grotesco,grotesco_cod_156,2,train
data/processed/grotesco/cod_156/cod_156_013.png,grotesco,grotesco_cod_156,2,train
data/processed/grotesco/cod_156/cod_156_006.png,grotesco,grotesco_cod_156,2,train
data/processed/grotesco/cod_156/cod_156_009.png,grotesco,grotesco_cod_156,2,train
data/processed/grotesco/cod_156/cod_156_007.png,grotesco,grotesco_cod_156,2,train
data/processed/grotesco/cod_156/cod_156_002.png,grotesco,grotesco_cod_156,2,train
data/processed/grotesco/cod_156/cod_156_000.png,grotesco,grotesco_cod_156,2,train
data/processed/grotesco/cod_156/cod_156_003.png,grotesco,grotesco_cod_156,2,train
data/processed/grotesco/cod_156/cod_156_005.png,grotesco,grotesco_cod_156,2,train
data/processed/fantasia/cod_015/cod_015_000.png,fantasia,fantasia_cod_015,2,train
data/processed/fantasia/cod_015/cod_015_003.png,fantasia,fantasia_cod_015,2,train
data/processed/fantasia/cod_015/cod_015_005.png,fantasia,fantasia_cod_015,2,train
data/processed/fantasia/cod_015/cod_015_008.png,fantasia,fantasia_cod_015,2,train
data/processed/fantasia/cod_015/cod_015_002.png,fantasia,fantasia_cod_015,2,train
data/processed/fantasia/cod_015/cod_015_001.png,fantasia,fantasia_cod_015,2,train
data/processed/fantasia/cod_015/cod_015_011.png,fantasia,fantasia_cod_015,2,train
data/processed/fantasia/cod_015/cod_015_010.png,fantasia,fantasia_cod_015,2,train
data/processed/fantasia/cod_015/cod_015_009.png,fantasia,fantasia_cod_015,2,train
data/processed/fantasia/cod_015/cod_015_006.png,fantasia,fantasia_cod_015,2,train
data/processed/fantasia/cod_015/cod_015_004.png,fantasia,fantasia_cod_015,2,train
data/processed/fantasia/cod_030/cod_030_012.png,fantasia,fantasia_cod_030,2,train
data/processed/fantasia/cod_030/cod_030_008.png,fantasia,fantasia_cod_030,2,train
data/processed/fantasia/cod_030/cod_030_009.png,fantasia,fantasia_cod_030,2,train
data/processed/fantasia/cod_030/cod_030_010.png,fantasia,fantasia_cod_030,2,train
data/processed/fantasia/cod_030/cod_030_017.png,fantasia,fantasia_cod_030,2,train
data/processed/fantasia/cod_030/cod_030_016.png,fantasia,fantasia_cod_030,2,train
data/processed/fantasia/cod_030/cod_030_007.png,fantasia,fantasia_cod_030,2,train
data/processed/fantasia/cod_030/cod_030_015.png,fantasia,fantasia_cod_030,2,train
data/processed/fantasia/cod_030/cod_030_011.png,fantasia,fantasia_cod_030,2,train
data/processed/fantasia/cod_030/cod_030_003.png,fantasia,fantasia_cod_030,2,train
data/processed/fantasia/cod_030/cod_030_002.png,fantasia,fantasia_cod_030,2,train
data/processed/fantasia/cod_039/cod_039_009.png,fantasia,fantasia_cod_039,2,train
data/processed/fantasia/cod_039/cod_039_006.png,fantasia,fantasia_cod_039,2,train
data/processed/fantasia/cod_039/cod_039_005.png,fantasia,fantasia_cod_039,2,train
data/processed/fantasia/cod_039/cod_039_013.png,fantasia,fantasia_cod_039,2,train
data/processed/fantasia/cod_039/cod_039_007.png,fantasia,fantasia_cod_039,2,train
data/processed/fantasia/cod_039/cod_039_002.png,fantasia,fantasia_cod_039,2,train
data/processed/fantasia/cod_039/cod_039_001.png,fantasia,fantasia_cod_039,2,train
data/processed/fantasia/cod_039/cod_039_000.png,fantasia,fantasia_cod_039,2,train
data/processed/fantasia/cod_039/cod_039_010.png,fantasia,fantasia_cod_039,2,train
data/processed/fantasia/cod_039/cod_039_008.png,fantasia,fantasia_cod_039,2,train
data/processed/fantasia/cod_039/cod_039_012.png,fantasia,fantasia_cod_039,2,train
data/processed/fantasia/cod_039/cod_039_015.png,fantasia,fantasia_cod_039,2,train
data/processed/fantasia/cod_039/cod_039_011.png,fantasia,fantasia_cod_039,2,train
data/processed/fantasia/cod_108/cod_108_018.png,fantasia,fantasia_cod_108,2,train
data/processed/fantasia/cod_108/cod_108_002.png,fantasia,fantasia_cod_108,2,train
data/processed/fantasia/cod_108/cod_108_004.png,fantasia,fantasia_cod_108,2,train
data/processed/fantasia/cod_108/cod_108_019.png,fantasia,fantasia_cod_108,2,train
data/processed/fantasia/cod_108/cod_108_009.png,fantasia,fantasia_cod_108,2,train
data/processed/fantasia/cod_108/cod_108_001.png,fantasia,fantasia_cod_108,2,train
data/processed/fantasia/cod_108/cod_108_017.png,fantasia,fantasia_cod_108,2,train
data/processed/fantasia/cod_108/cod_108_005.png,fantasia,fantasia_cod_108,2,train
data/processed/fantasia/cod_108/cod_108_000.png,fantasia,fantasia_cod_108,2,train
data/processed/fantasia/cod_108/cod_108_003.png,fantasia,fantasia_cod_108,2,train
data/processed/serifado/cod_009/cod_009_133.png,serifado,serifado_cod_009,2,train
data/processed/serifado/cod_009/cod_009_000.png,serifado,serifado_cod_009,2,train
data/processed/serifado/cod_009/cod_009_186.png,serifado,serifado_cod_009,2,train
data/processed/serifado/cod_009/cod_009_136.png,serifado,serifado_cod_009,2,train
data/processed/serifado/cod_010/cod_010_005.png,serifado,serifado_cod_010,2,train
data/processed/serifado/cod_010/cod_010_003.png,serifado,serifado_cod_010,2,train
data/processed/serifado/cod_010/cod_010_002.png,serifado,serifado_cod_010,2,train
data/processed/serifado/cod_010/cod_010_001.png,serifado,serifado_cod_010,2,train
data/processed/serifado/cod_010/cod_010_000.png,serifado,serifado_cod_010,2,train
data/processed/serifado/cod_010/cod_010_014.png,serifado,serifado_cod_010,2,train
data/processed/serifado/cod_010/cod_010_015.png,serifado,serifado_cod_010,2,train
data/processed/serifado/cod_010/cod_010_009.png,serifado,serifado_cod_010,2,train
data/processed/serifado/cod_010/cod_010_016.png,serifado,serifado_cod_010,2,train
data/processed/serifado/cod_010/cod_010_008.png,serifado,serifado_cod_010,2,train
data/processed/serifado/cod_010/cod_010_007.png,serifado,serifado_cod_010,2,train
data/processed/serifado/cod_023/cod_023_002.png,serifado,serifado_cod_023,2,train
data/processed/serifado/cod_023/cod_023_033.png,serifado,serifado_cod_023,2,train
data/processed/serifado/cod_023/cod_023_001.png,serifado,serifado_cod_023,2,train
data/processed/serifado/cod_023/cod_023_013.png,serifado,serifado_cod_023,2,train
data/processed/serifado/cod_023/cod_023_032.png,serifado,serifado_cod_023,2,train
data/processed/serifado/cod_023/cod_023_012.png,serifado,serifado_cod_023,2,train
data/processed/serifado/cod_023/cod_023_003.png,serifado,serifado_cod_023,2,train
data/processed/serifado/cod_023/cod_023_031.png,serifado,serifado_cod_023,2,train
data/processed/serifado/cod_029/cod_029_002.png,serifado,serifado_cod_029,2,train
data/processed/serifado/cod_029/cod_029_006.png,serifado,serifado_cod_029,2,train
data/processed/serifado/cod_029/cod_029_001.png,serifado,serifado_cod_029,2,train
data/processed/serifado/cod_029/cod_029_005.png,serifado,serifado_cod_029,2,train
data/processed/serifado/cod_029/cod_029_000.png,serifado,serifado_cod_029,2,train
data/processed/serifado/cod_045/cod_045_005.png,serifado,serifado_cod_045,2,train
data/processed/serifado/cod_045/cod_045_004.png,serifado,serifado_cod_045,2,train
data/processed/serifado/cod_045/cod_045_003.png,serifado,serifado_cod_045,2,train
data/processed/serifado/cod_045/cod_045_000.png,serifado,serifado_cod_045,2,train
data/processed/serifado/cod_045/cod_045_010.png,serifado,serifado_cod_045,2,train
data/processed/serifado/cod_045/cod_045_009.png,serifado,serifado_cod_045,2,train
data/processed/serifado/cod_045/cod_045_011.png,serifado,serifado_cod_045,2,train
data/processed/serifado/cod_045/cod_045_006.png,serifado,serifado_cod_045,2,train
data/processed/serifado/cod_045/cod_045_008.png,serifado,serifado_cod_045,2,train
data/processed/serifado/cod_045/cod_045_001.png,serifado,serifado_cod_045,2,train
data/processed/serifado/cod_045/cod_045_002.png,serifado,serifado_cod_045,2,train
data/processed/serifado/cod_054/cod_054_003.png,serifado,serifado_cod_054,2,train
data/processed/serifado/cod_054/cod_054_004.png,serifado,serifado_cod_054,2,train
data/processed/serifado/cod_054/cod_054_000.png,serifado,serifado_cod_054,2,train
data/processed/serifado/cod_054/cod_054_002.png,serifado,serifado_cod_054,2,train
data/processed/serifado/cod_054/cod_054_005.png,serifado,serifado_cod_054,2,train
data/processed/serifado/cod_070/cod_070_003.png,serifado,serifado_cod_070,2,train
data/processed/serifado/cod_070/cod_070_007.png,serifado,serifado_cod_070,2,train
data/processed/serifado/cod_070/cod_070_016.png,serifado,serifado_cod_070,2,train
data/processed/serifado/cod_070/cod_070_017.png,serifado,serifado_cod_070,2,train
data/processed/serifado/cod_070/cod_070_010.png,serifado,serifado_cod_070,2,train
data/processed/serifado/cod_070/cod_070_009.png,serifado,serifado_cod_070,2,train
data/processed/serifado/cod_070/cod_070_008.png,serifado,serifado_cod_070,2,train
data/processed/serifado/cod_070/cod_070_018.png,serifado,serifado_cod_070,2,train
data/processed/serifado/cod_070/cod_070_000.png,serifado,serifado_cod_070,2,train
data/processed/serifado/cod_070/cod_070_001.png,serifado,serifado_cod_070,2,train
data/processed/serifado/cod_070/cod_070_005.png,serifado,serifado_cod_070,2,train
data/processed/serifado/cod_086/cod_086_001.png,serifado,serifado_cod_086,2,train
data/processed/serifado/cod_086/cod_086_006.png,serifado,serifado_cod_086,2,train
data/processed/serifado/cod_086/cod_086_005.png,serifado,serifado_cod_086,2,train
data/processed/serifado/cod_086/cod_086_008.png,serifado,serifado_cod_086,2,train
data/processed/serifado/cod_086/cod_086_010.png,serifado,serifado_cod_086,2,train
data/processed/serifado/cod_086/cod_086_004.png,serifado,serifado_cod_086,2,train
data/processed/serifado/cod_086/cod_086_003.png,serifado,serifado_cod_086,2,train
data/processed/serifado/cod_086/cod_086_009.png,serifado,serifado_cod_086,2,train
data/processed/serifado/cod_086/cod_086_002.png,serifado,serifado_cod_086,2,train
data/processed/serifado/cod_086/cod_086_000.png,serifado,serifado_cod_086,2,train
data/processed/serifado/cod_071/cod_071_001.png,serifado,serifado_cod_071,2,train
data/processed/serifado/cod_071/cod_071_005.png,serifado,serifado_cod_071,2,train
data/processed/serifado/cod_071/cod_071_000.png,serifado,serifado_cod_071,2,train
data/processed/serifado/cod_071/cod_071_011.png,serifado,serifado_cod_071,2,train
data/processed/serifado/cod_071/cod_071_003.png,serifado,serifado_cod_071,2,train
data/processed/serifado/cod_071/cod_071_004.png,serifado,serifado_cod_071,2,train
data/processed/serifado/cod_071/cod_071_013.png,serifado,serifado_cod_071,2,train
data/processed/serifado/cod_071/cod_071_009.png,serifado,serifado_cod_071,2,train
data/processed/serifado/cod_071/cod_071_012.png,serifado,serifado_cod_071,2,train
data/processed/serifado/cod_071/cod_071_002.png,serifado,serifado_cod_071,2,train
data/processed/serifado/cod_071/cod_071_007.png,serifado,serifado_cod_071,2,train
data/processed/serifado/cod_071/cod_071_008.png,serifado,serifado_cod_071,2,train
data/processed/serifado/cod_058/cod_058_029.png,serifado,serifado_cod_058,2,train
data/processed/serifado/cod_058/cod_058_040.png,serifado,serifado_cod_058,2,train
data/processed/serifado/cod_058/cod_058_022.png,serifado,serifado_cod_058,2,train
data/processed/serifado/cod_058/cod_058_035.png,serifado,serifado_cod_058,2,train
data/processed/serifado/cod_058/cod_058_041.png,serifado,serifado_cod_058,2,train
data/processed/serifado/cod_058/cod_058_039.png,serifado,serifado_cod_058,2,train
data/processed/serifado/cod_058/cod_058_021.png,serifado,serifado_cod_058,2,train
data/processed/serifado/cod_058/cod_058_023.png,serifado,serifado_cod_058,2,train
data/processed/serifado/cod_087/cod_087_000.png,serifado,serifado_cod_087,2,train
data/processed/serifado/cod_087/cod_087_005.png,serifado,serifado_cod_087,2,train
data/processed/serifado/cod_087/cod_087_003.png,serifado,serifado_cod_087,2,train
data/processed/serifado/cod_087/cod_087_015.png,serifado,serifado_cod_087,2,train
data/processed/serifado/cod_087/cod_087_002.png,serifado,serifado_cod_087,2,train
data/processed/serifado/cod_087/cod_087_009.png,serifado,serifado_cod_087,2,train
data/processed/serifado/cod_087/cod_087_004.png,serifado,serifado_cod_087,2,train
data/processed/serifado/cod_087/cod_087_001.png,serifado,serifado_cod_087,2,train
data/processed/serifado/cod_087/cod_087_013.png,serifado,serifado_cod_087,2,train
data/processed/serifado/cod_087/cod_087_014.png,serifado,serifado_cod_087,2,train
data/processed/serifado/cod_087/cod_087_007.png,serifado,serifado_cod_087,2,train
data/processed/serifado/cod_106/cod_106_002.png,serifado,serifado_cod_106,2,train
data/processed/serifado/cod_106/cod_106_003.png,serifado,serifado_cod_106,2,train
data/processed/serifado/cod_106/cod_106_015.png,serifado,serifado_cod_106,2,train
data/processed/serifado/cod_106/cod_106_001.png,serifado,serifado_cod_106,2,train
data/processed/serifado/cod_106/cod_106_000.png,serifado,serifado_cod_106,2,train
data/processed/serifado/cod_106/cod_106_005.png,serifado,serifado_cod_106,2,train
data/processed/serifado/cod_090/cod_090_005.png,serifado,serifado_cod_090,2,train
data/processed/serifado/cod_090/cod_090_002.png,serifado,serifado_cod_090,2,train
data/processed/serifado/cod_090/cod_090_003.png,serifado,serifado_cod_090,2,train
data/processed/serifado/cod_090/cod_090_001.png,serifado,serifado_cod_090,2,train
data/processed/serifado/cod_090/cod_090_015.png,serifado,serifado_cod_090,2,train
data/processed/serifado/cod_090/cod_090_000.png,serifado,serifado_cod_090,2,train
data/processed/serifado/cod_095/cod_095_017.png,serifado,serifado_cod_095,2,train
data/processed/serifado/cod_095/cod_095_016.png,serifado,serifado_cod_095,2,train
data/processed/serifado/cod_095/cod_095_003.png,serifado,serifado_cod_095,2,train
data/processed/serifado/cod_095/cod_095_001.png,serifado,serifado_cod_095,2,train
data/processed/serifado/cod_095/cod_095_010.png,serifado,serifado_cod_095,2,train
data/processed/serifado/cod_095/cod_095_019.png,serifado,serifado_cod_095,2,train
data/processed/serifado/cod_095/cod_095_006.png,serifado,serifado_cod_095,2,train
data/processed/serifado/cod_095/cod_095_005.png,serifado,serifado_cod_095,2,train
data/processed/serifado/cod_095/cod_095_008.png,serifado,serifado_cod_095,2,train
data/processed/serifado/cod_095/cod_095_000.png,serifado,serifado_cod_095,2,train
data/processed/serifado/cod_118/cod_118_004.png,serifado,serifado_cod_118,2,train
data/processed/serifado/cod_118/cod_118_008.png,serifado,serifado_cod_118,2,train
data/processed/serifado/cod_118/cod_118_000.png,serifado,serifado_cod_118,2,train
data/processed/serifado/cod_118/cod_118_005.png,serifado,serifado_cod_118,2,train
data/processed/serifado/cod_118/cod_118_007.png,serifado,serifado_cod_118,2,train
data/processed/serifado/cod_118/cod_118_002.png,serifado,serifado_cod_118,2,train
data/processed/serifado/cod_118/cod_118_010.png,serifado,serifado_cod_118,2,train
data/processed/serifado/cod_118/cod_118_003.png,serifado,serifado_cod_118,2,train
data/processed/serifado/cod_118/cod_118_001.png,serifado,serifado_cod_118,2,train
data/processed/serifado/cod_118/cod_118_006.png,serifado,serifado_cod_118,2,train
data/processed/serifado/cod_114/cod_114_011.png,serifado,serifado_cod_114,2,train
data/processed/serifado/cod_114/cod_114_000.png,serifado,serifado_cod_114,2,train
data/processed/serifado/cod_114/cod_114_001.png,serifado,serifado_cod_114,2,train
data/processed/serifado/cod_114/cod_114_006.png,serifado,serifado_cod_114,2,train
data/processed/serifado/cod_114/cod_114_004.png,serifado,serifado_cod_114,2,train
data/processed/serifado/cod_114/cod_114_009.png,serifado,serifado_cod_114,2,train
data/processed/serifado/cod_114/cod_114_010.png,serifado,serifado_cod_114,2,train
data/processed/serifado/cod_114/cod_114_002.png,serifado,serifado_cod_114,2,train
data/processed/serifado/cod_114/cod_114_012.png,serifado,serifado_cod_114,2,train
data/processed/serifado/cod_114/cod_114_003.png,serifado,serifado_cod_114,2,train
data/processed/serifado/cod_114/cod_114_007.png,serifado,serifado_cod_114,2,train
data/processed/serifado/cod_114/cod_114_005.png,serifado,serifado_cod_114,2,train
data/processed/serifado/cod_114/cod_114_008.png,serifado,serifado_cod_114,2,train
data/processed/serifado/cod_111/cod_111_003.png,serifado,serifado_cod_111,2,train
data/processed/serifado/cod_111/cod_111_006.png,serifado,serifado_cod_111,2,train
data/processed/serifado/cod_111/cod_111_004.png,serifado,serifado_cod_111,2,train
data/processed/serifado/cod_111/cod_111_008.png,serifado,serifado_cod_111,2,train
data/processed/serifado/cod_111/cod_111_009.png,serifado,serifado_cod_111,2,train
data/processed/serifado/cod_111/cod_111_000.png,serifado,serifado_cod_111,2,train
data/processed/serifado/cod_111/cod_111_002.png,serifado,serifado_cod_111,2,train
data/processed/serifado/cod_111/cod_111_007.png,serifado,serifado_cod_111,2,train
data/processed/serifado/cod_111/cod_111_005.png,serifado,serifado_cod_111,2,train
data/processed/serifado/cod_111/cod_111_001.png,serifado,serifado_cod_111,2,train
data/processed/serifado/cod_123/cod_123_006.png,serifado,serifado_cod_123,2,train
data/processed/serifado/cod_123/cod_123_007.png,serifado,serifado_cod_123,2,train
data/processed/serifado/cod_123/cod_123_009.png,serifado,serifado_cod_123,2,train
data/processed/serifado/cod_123/cod_123_004.png,serifado,serifado_cod_123,2,train
data/processed/serifado/cod_123/cod_123_005.png,serifado,serifado_cod_123,2,train
data/processed/serifado/cod_123/cod_123_010.png,serifado,serifado_cod_123,2,train
data/processed/serifado/cod_123/cod_123_008.png,serifado,serifado_cod_123,2,train
data/processed/serifado/cod_123/cod_123_000.png,serifado,serifado_cod_123,2,train
data/processed/serifado/cod_128/cod_128_008.png,serifado,serifado_cod_128,2,train
data/processed/serifado/cod_128/cod_128_009.png,serifado,serifado_cod_128,2,train
data/processed/serifado/cod_128/cod_128_005.png,serifado,serifado_cod_128,2,train
data/processed/serifado/cod_128/cod_128_001.png,serifado,serifado_cod_128,2,train
data/processed/serifado/cod_128/cod_128_004.png,serifado,serifado_cod_128,2,train
data/processed/serifado/cod_128/cod_128_003.png,serifado,serifado_cod_128,2,train
data/processed/serifado/cod_128/cod_128_002.png,serifado,serifado_cod_128,2,train
data/processed/serifado/cod_128/cod_128_006.png,serifado,serifado_cod_128,2,train
data/processed/serifado/cod_128/cod_128_000.png,serifado,serifado_cod_128,2,train
data/processed/serifado/cod_128/cod_128_007.png,serifado,serifado_cod_128,2,train
data/processed/serifado/cod_130/cod_130_004.png,serifado,serifado_cod_130,2,train
data/processed/serifado/cod_130/cod_130_001.png,serifado,serifado_cod_130,2,train
data/processed/serifado/cod_130/cod_130_011.png,serifado,serifado_cod_130,2,train
data/processed/serifado/cod_130/cod_130_005.png,serifado,serifado_cod_130,2,train
data/processed/serifado/cod_130/cod_130_009.png,serifado,serifado_cod_130,2,train
data/processed/serifado/cod_130/cod_130_000.png,serifado,serifado_cod_130,2,train
data/processed/serifado/cod_130/cod_130_002.png,serifado,serifado_cod_130,2,train
data/processed/serifado/cod_130/cod_130_008.png,serifado,serifado_cod_130,2,train
data/processed/serifado/cod_130/cod_130_007.png,serifado,serifado_cod_130,2,train
data/processed/serifado/cod_130/cod_130_003.png,serifado,serifado_cod_130,2,train
data/processed/serifado/cod_130/cod_130_006.png,serifado,serifado_cod_130,2,train
data/processed/serifado/cod_152/cod_152_008.png,serifado,serifado_cod_152,2,train
data/processed/serifado/cod_152/cod_152_010.png,serifado,serifado_cod_152,2,train
data/processed/serifado/cod_152/cod_152_009.png,serifado,serifado_cod_152,2,train
data/processed/serifado/cod_152/cod_152_002.png,serifado,serifado_cod_152,2,train
data/processed/serifado/cod_152/cod_152_004.png,serifado,serifado_cod_152,2,train
data/processed/serifado/cod_152/cod_152_003.png,serifado,serifado_cod_152,2,train
data/processed/serifado/cod_152/cod_152_007.png,serifado,serifado_cod_152,2,train
data/processed/serifado/cod_152/cod_152_006.png,serifado,serifado_cod_152,2,train
data/processed/serifado/cod_152/cod_152_011.png,serifado,serifado_cod_152,2,train
data/processed/serifado/cod_152/cod_152_005.png,serifado,serifado_cod_152,2,train
data/processed/serifado/cod_147/cod_147_004.png,serifado,serifado_cod_147,2,train
data/processed/serifado/cod_157/cod_157_002.png,serifado,serifado_cod_157,2,train
data/processed/serifado/cod_157/cod_157_000.png,serifado,serifado_cod_157,2,train
data/processed/serifado/cod_157/cod_157_005.png,serifado,serifado_cod_157,2,train
data/processed/serifado/cod_157/cod_157_007.png,serifado,serifado_cod_157,2,train
data/processed/serifado/cod_157/cod_157_004.png,serifado,serifado_cod_157,2,train
data/processed/serifado/cod_157/cod_157_006.png,serifado,serifado_cod_157,2,train
data/processed/serifado/cod_157/cod_157_008.png,serifado,serifado_cod_157,2,train
data/processed/serifado/cod_157/cod_157_001.png,serifado,serifado_cod_157,2,train
data/processed/serifado/cod_157/cod_157_003.png,serifado,serifado_cod_157,2,train
data/processed/serifado/cod_158/cod_158_003.png,serifado,serifado_cod_158,2,train
data/processed/escritural/cod_043/cod_043_016.png,escritural,escritural_cod_043,2,val
data/processed/escritural/cod_043/cod_043_015.png,escritural,escritural_cod_043,2,val
data/processed/escritural/cod_043/cod_043_013.png,escritural,escritural_cod_043,2,val
data/processed/escritural/cod_043/cod_043_006.png,escritural,escritural_cod_043,2,val
data/processed/escritural/cod_043/cod_043_005.png,escritural,escritural_cod_043,2,val
data/processed/escritural/cod_043/cod_043_002.png,escritural,escritural_cod_043,2,val
data/processed/escritural/cod_043/cod_043_011.png,escritural,escritural_cod_043,2,val
data/processed/escritural/cod_043/cod_043_001.png,escritural,escritural_cod_043,2,val
data/processed/escritural/cod_043/cod_043_009.png,escritural,escritural_cod_043,2,val
data/processed/escritural/cod_043/cod_043_007.png,escritural,escritural_cod_043,2,val
data/processed/escritural/cod_043/cod_043_000.png,escritural,escritural_cod_043,2,val
data/processed/escritural/cod_043/cod_043_014.png,escritural,escritural_cod_043,2,val
data/processed/escritural/cod_057/cod_057_008.png,escritural,escritural_cod_057,2,val
data/processed/escritural/cod_057/cod_057_024.png,escritural,escritural_cod_057,2,val
data/processed/escritural/cod_057/cod_057_004.png,escritural,escritural_cod_057,2,val
data/processed/escritural/cod_057/cod_057_026.png,escritural,escritural_cod_057,2,val
data/processed/escritural/cod_057/cod_057_015.png,escritural,escritural_cod_057,2,val
data/processed/escritural/cod_057/cod_057_017.png,escritural,escritural_cod_057,2,val
data/processed/escritural/cod_057/cod_057_023.png,escritural,escritural_cod_057,2,val
data/processed/escritural/cod_057/cod_057_018.png,escritural,escritural_cod_057,2,val
data/processed/escritural/cod_057/cod_057_020.png,escritural,escritural_cod_057,2,val
data/processed/escritural/cod_057/cod_057_022.png,escritural,escritural_cod_057,2,val
data/processed/escritural/cod_057/cod_057_006.png,escritural,escritural_cod_057,2,val
data/processed/escritural/cod_061/cod_061_003.png,escritural,escritural_cod_061,2,val
data/processed/escritural/cod_061/cod_061_009.png,escritural,escritural_cod_061,2,val
data/processed/escritural/cod_061/cod_061_008.png,escritural,escritural_cod_061,2,val
data/processed/escritural/cod_061/cod_061_001.png,escritural,escritural_cod_061,2,val
data/processed/escritural/cod_061/cod_061_012.png,escritural,escritural_cod_061,2,val
data/processed/escritural/cod_061/cod_061_013.png,escritural,escritural_cod_061,2,val
data/processed/escritural/cod_061/cod_061_014.png,escritural,escritural_cod_061,2,val
data/processed/escritural/cod_061/cod_061_011.png,escritural,escritural_cod_061,2,val
data/processed/escritural/cod_061/cod_061_002.png,escritural,escritural_cod_061,2,val
data/processed/escritural/cod_061/cod_061_005.png,escritural,escritural_cod_061,2,val
data/processed/escritural/cod_061/cod_061_000.png,escritural,escritural_cod_061,2,val
data/processed/escritural/cod_062/cod_062_005.png,escritural,escritural_cod_062,2,val
data/processed/escritural/cod_062/cod_062_007.png,escritural,escritural_cod_062,2,val
data/processed/escritural/cod_062/cod_062_001.png,escritural,escritural_cod_062,2,val
data/processed/escritural/cod_062/cod_062_011.png,escritural,escritural_cod_062,2,val
data/processed/escritural/cod_062/cod_062_012.png,escritural,escritural_cod_062,2,val
data/processed/escritural/cod_062/cod_062_008.png,escritural,escritural_cod_062,2,val
data/processed/escritural/cod_062/cod_062_002.png,escritural,escritural_cod_062,2,val
data/processed/escritural/cod_062/cod_062_000.png,escritural,escritural_cod_062,2,val
data/processed/escritural/cod_062/cod_062_009.png,escritural,escritural_cod_062,2,val
data/processed/escritural/cod_062/cod_062_004.png,escritural,escritural_cod_062,2,val
data/processed/escritural/cod_062/cod_062_013.png,escritural,escritural_cod_062,2,val
data/processed/escritural/cod_062/cod_062_006.png,escritural,escritural_cod_062,2,val
data/processed/escritural/cod_069/cod_069_003.png,escritural,escritural_cod_069,2,val
data/processed/escritural/cod_069/cod_069_009.png,escritural,escritural_cod_069,2,val
data/processed/escritural/cod_069/cod_069_008.png,escritural,escritural_cod_069,2,val
data/processed/escritural/cod_069/cod_069_002.png,escritural,escritural_cod_069,2,val
data/processed/escritural/cod_069/cod_069_014.png,escritural,escritural_cod_069,2,val
data/processed/escritural/cod_069/cod_069_017.png,escritural,escritural_cod_069,2,val
data/processed/escritural/cod_069/cod_069_004.png,escritural,escritural_cod_069,2,val
data/processed/escritural/cod_069/cod_069_019.png,escritural,escritural_cod_069,2,val
data/processed/escritural/cod_073/cod_073_021.png,escritural,escritural_cod_073,2,val
data/processed/escritural/cod_073/cod_073_006.png,escritural,escritural_cod_073,2,val
data/processed/escritural/cod_073/cod_073_029.png,escritural,escritural_cod_073,2,val
data/processed/escritural/cod_073/cod_073_022.png,escritural,escritural_cod_073,2,val
data/processed/escritural/cod_073/cod_073_020.png,escritural,escritural_cod_073,2,val
data/processed/escritural/cod_073/cod_073_027.png,escritural,escritural_cod_073,2,val
data/processed/escritural/cod_073/cod_073_000.png,escritural,escritural_cod_073,2,val
data/processed/escritural/cod_073/cod_073_019.png,escritural,escritural_cod_073,2,val
data/processed/escritural/cod_073/cod_073_002.png,escritural,escritural_cod_073,2,val
data/processed/escritural/cod_073/cod_073_001.png,escritural,escritural_cod_073,2,val
data/processed/escritural/cod_073/cod_073_028.png,escritural,escritural_cod_073,2,val
data/processed/escritural/cod_082/cod_082_005.png,escritural,escritural_cod_082,2,val
data/processed/escritural/cod_082/cod_082_002.png,escritural,escritural_cod_082,2,val
data/processed/escritural/cod_082/cod_082_008.png,escritural,escritural_cod_082,2,val
data/processed/escritural/cod_082/cod_082_004.png,escritural,escritural_cod_082,2,val
data/processed/escritural/cod_082/cod_082_007.png,escritural,escritural_cod_082,2,val
data/processed/escritural/cod_082/cod_082_003.png,escritural,escritural_cod_082,2,val
data/processed/escritural/cod_102/cod_102_000.png,escritural,escritural_cod_102,2,val
data/processed/escritural/cod_102/cod_102_020.png,escritural,escritural_cod_102,2,val
data/processed/escritural/cod_102/cod_102_003.png,escritural,escritural_cod_102,2,val
data/processed/escritural/cod_102/cod_102_002.png,escritural,escritural_cod_102,2,val
data/processed/escritural/cod_102/cod_102_017.png,escritural,escritural_cod_102,2,val
data/processed/escritural/cod_102/cod_102_001.png,escritural,escritural_cod_102,2,val
data/processed/escritural/cod_102/cod_102_008.png,escritural,escritural_cod_102,2,val
data/processed/escritural/cod_099/cod_099_001.png,escritural,escritural_cod_099,2,val
data/processed/escritural/cod_099/cod_099_008.png,escritural,escritural_cod_099,2,val
data/processed/escritural/cod_099/cod_099_013.png,escritural,escritural_cod_099,2,val
data/processed/escritural/cod_099/cod_099_005.png,escritural,escritural_cod_099,2,val
data/processed/escritural/cod_099/cod_099_004.png,escritural,escritural_cod_099,2,val
data/processed/escritural/cod_099/cod_099_012.png,escritural,escritural_cod_099,2,val
data/processed/escritural/cod_099/cod_099_003.png,escritural,escritural_cod_099,2,val
data/processed/escritural/cod_099/cod_099_000.png,escritural,escritural_cod_099,2,val
data/processed/escritural/cod_099/cod_099_010.png,escritural,escritural_cod_099,2,val
data/processed/escritural/cod_099/cod_099_009.png,escritural,escritural_cod_099,2,val
data/processed/escritural/cod_099/cod_099_002.png,escritural,escritural_cod_099,2,val
data/processed/grotesco/cod_040/cod_040_013.png,grotesco,grotesco_cod_040,2,val
data/processed/grotesco/cod_040/cod_040_003.png,grotesco,grotesco_cod_040,2,val
data/processed/grotesco/cod_040/cod_040_004.png,grotesco,grotesco_cod_040,2,val
data/processed/grotesco/cod_040/cod_040_012.png,grotesco,grotesco_cod_040,2,val
data/processed/grotesco/cod_040/cod_040_001.png,grotesco,grotesco_cod_040,2,val
data/processed/grotesco/cod_040/cod_040_005.png,grotesco,grotesco_cod_040,2,val
data/processed/grotesco/cod_040/cod_040_007.png,grotesco,grotesco_cod_040,2,val
data/processed/grotesco/cod_040/cod_040_008.png,grotesco,grotesco_cod_040,2,val
data/processed/grotesco/cod_040/cod_040_011.png,grotesco,grotesco_cod_040,2,val
data/processed/grotesco/cod_040/cod_040_009.png,grotesco,grotesco_cod_040,2,val
data/processed/grotesco/cod_040/cod_040_014.png,grotesco,grotesco_cod_040,2,val
data/processed/grotesco/cod_041/cod_041_002.png,grotesco,grotesco_cod_041,2,val
data/processed/grotesco/cod_041/cod_041_007.png,grotesco,grotesco_cod_041,2,val
data/processed/grotesco/cod_041/cod_041_009.png,grotesco,grotesco_cod_041,2,val
data/processed/grotesco/cod_041/cod_041_005.png,grotesco,grotesco_cod_041,2,val
data/processed/grotesco/cod_041/cod_041_011.png,grotesco,grotesco_cod_041,2,val
data/processed/grotesco/cod_041/cod_041_008.png,grotesco,grotesco_cod_041,2,val
data/processed/grotesco/cod_041/cod_041_006.png,grotesco,grotesco_cod_041,2,val
data/processed/grotesco/cod_041/cod_041_001.png,grotesco,grotesco_cod_041,2,val
data/processed/grotesco/cod_041/cod_041_003.png,grotesco,grotesco_cod_041,2,val
data/processed/grotesco/cod_041/cod_041_004.png,grotesco,grotesco_cod_041,2,val
data/processed/grotesco/cod_041/cod_041_010.png,grotesco,grotesco_cod_041,2,val
data/processed/grotesco/cod_041/cod_041_000.png,grotesco,grotesco_cod_041,2,val
data/processed/grotesco/cod_064/cod_064_008.png,grotesco,grotesco_cod_064,2,val
data/processed/grotesco/cod_064/cod_064_006.png,grotesco,grotesco_cod_064,2,val
data/processed/grotesco/cod_064/cod_064_012.png,grotesco,grotesco_cod_064,2,val
data/processed/grotesco/cod_064/cod_064_009.png,grotesco,grotesco_cod_064,2,val
data/processed/grotesco/cod_064/cod_064_011.png,grotesco,grotesco_cod_064,2,val
data/processed/grotesco/cod_064/cod_064_007.png,grotesco,grotesco_cod_064,2,val
data/processed/grotesco/cod_064/cod_064_010.png,grotesco,grotesco_cod_064,2,val
data/processed/grotesco/cod_064/cod_064_004.png,grotesco,grotesco_cod_064,2,val
data/processed/grotesco/cod_093/cod_093_013.png,grotesco,grotesco_cod_093,2,val
data/processed/grotesco/cod_093/cod_093_009.png,grotesco,grotesco_cod_093,2,val
data/processed/grotesco/cod_093/cod_093_006.png,grotesco,grotesco_cod_093,2,val
data/processed/grotesco/cod_093/cod_093_015.png,grotesco,grotesco_cod_093,2,val
data/processed/grotesco/cod_093/cod_093_008.png,grotesco,grotesco_cod_093,2,val
data/processed/grotesco/cod_093/cod_093_000.png,grotesco,grotesco_cod_093,2,val
data/processed/grotesco/cod_093/cod_093_001.png,grotesco,grotesco_cod_093,2,val
data/processed/grotesco/cod_093/cod_093_004.png,grotesco,grotesco_cod_093,2,val
data/processed/grotesco/cod_093/cod_093_003.png,grotesco,grotesco_cod_093,2,val
data/processed/grotesco/cod_093/cod_093_007.png,grotesco,grotesco_cod_093,2,val
data/processed/grotesco/cod_093/cod_093_012.png,grotesco,grotesco_cod_093,2,val
data/processed/grotesco/cod_094/cod_094_008.png,grotesco,grotesco_cod_094,2,val
data/processed/grotesco/cod_094/cod_094_007.png,grotesco,grotesco_cod_094,2,val
data/processed/grotesco/cod_094/cod_094_001.png,grotesco,grotesco_cod_094,2,val
data/processed/grotesco/cod_094/cod_094_002.png,grotesco,grotesco_cod_094,2,val
data/processed/grotesco/cod_094/cod_094_004.png,grotesco,grotesco_cod_094,2,val
data/processed/grotesco/cod_094/cod_094_003.png,grotesco,grotesco_cod_094,2,val
data/processed/grotesco/cod_094/cod_094_006.png,grotesco,grotesco_cod_094,2,val
data/processed/grotesco/cod_097/cod_097_003.png,grotesco,grotesco_cod_097,2,val
data/processed/grotesco/cod_097/cod_097_007.png,grotesco,grotesco_cod_097,2,val
data/processed/grotesco/cod_097/cod_097_005.png,grotesco,grotesco_cod_097,2,val
data/processed/grotesco/cod_097/cod_097_001.png,grotesco,grotesco_cod_097,2,val
data/processed/grotesco/cod_097/cod_097_000.png,grotesco,grotesco_cod_097,2,val
data/processed/grotesco/cod_097/cod_097_010.png,grotesco,grotesco_cod_097,2,val
data/processed/grotesco/cod_097/cod_097_008.png,grotesco,grotesco_cod_097,2,val
data/processed/grotesco/cod_097/cod_097_009.png,grotesco,grotesco_cod_097,2,val
data/processed/grotesco/cod_146/cod_146_004.png,grotesco,grotesco_cod_146,2,val
data/processed/grotesco/cod_146/cod_146_001.png,grotesco,grotesco_cod_146,2,val
data/processed/grotesco/cod_146/cod_146_002.png,grotesco,grotesco_cod_146,2,val
data/processed/grotesco/cod_146/cod_146_009.png,grotesco,grotesco_cod_146,2,val
data/processed/grotesco/cod_146/cod_146_008.png,grotesco,grotesco_cod_146,2,val
data/processed/grotesco/cod_146/cod_146_010.png,grotesco,grotesco_cod_146,2,val
data/processed/grotesco/cod_146/cod_146_000.png,grotesco,grotesco_cod_146,2,val
data/processed/grotesco/cod_146/cod_146_007.png,grotesco,grotesco_cod_146,2,val
data/processed/grotesco/cod_155/cod_155_001.png,grotesco,grotesco_cod_155,2,val
data/processed/grotesco/cod_155/cod_155_004.png,grotesco,grotesco_cod_155,2,val
data/processed/grotesco/cod_155/cod_155_007.png,grotesco,grotesco_cod_155,2,val
data/processed/grotesco/cod_155/cod_155_006.png,grotesco,grotesco_cod_155,2,val
data/processed/grotesco/cod_155/cod_155_005.png,grotesco,grotesco_cod_155,2,val
data/processed/grotesco/cod_155/cod_155_009.png,grotesco,grotesco_cod_155,2,val
data/processed/grotesco/cod_155/cod_155_000.png,grotesco,grotesco_cod_155,2,val
data/processed/grotesco/cod_150/cod_150_002.png,grotesco,grotesco_cod_150,2,val
data/processed/grotesco/cod_150/cod_150_005.png,grotesco,grotesco_cod_150,2,val
data/processed/grotesco/cod_150/cod_150_006.png,grotesco,grotesco_cod_150,2,val
data/processed/grotesco/cod_150/cod_150_003.png,grotesco,grotesco_cod_150,2,val
data/processed/grotesco/cod_150/cod_150_004.png,grotesco,grotesco_cod_150,2,val
data/processed/grotesco/cod_150/cod_150_008.png,grotesco,grotesco_cod_150,2,val
data/processed/fantasia/cod_105/cod_105_010.png,fantasia,fantasia_cod_105,2,val
data/processed/fantasia/cod_105/cod_105_000.png,fantasia,fantasia_cod_105,2,val
data/processed/fantasia/cod_105/cod_105_102.png,fantasia,fantasia_cod_105,2,val
data/processed/fantasia/cod_105/cod_105_114.png,fantasia,fantasia_cod_105,2,val
data/processed/fantasia/cod_105/cod_105_023.png,fantasia,fantasia_cod_105,2,val
data/processed/fantasia/cod_105/cod_105_003.png,fantasia,fantasia_cod_105,2,val
data/processed/fantasia/cod_105/cod_105_001.png,fantasia,fantasia_cod_105,2,val
data/processed/fantasia/cod_105/cod_105_024.png,fantasia,fantasia_cod_105,2,val
data/processed/serifado/cod_025/cod_025_018.png,serifado,serifado_cod_025,2,val
data/processed/serifado/cod_025/cod_025_014.png,serifado,serifado_cod_025,2,val
data/processed/serifado/cod_025/cod_025_086.png,serifado,serifado_cod_025,2,val
data/processed/serifado/cod_028/cod_028_000.png,serifado,serifado_cod_028,2,val
data/processed/serifado/cod_028/cod_028_004.png,serifado,serifado_cod_028,2,val
data/processed/serifado/cod_028/cod_028_013.png,serifado,serifado_cod_028,2,val
data/processed/serifado/cod_028/cod_028_017.png,serifado,serifado_cod_028,2,val
data/processed/serifado/cod_028/cod_028_014.png,serifado,serifado_cod_028,2,val
data/processed/serifado/cod_028/cod_028_005.png,serifado,serifado_cod_028,2,val
data/processed/serifado/cod_028/cod_028_018.png,serifado,serifado_cod_028,2,val
data/processed/serifado/cod_028/cod_028_012.png,serifado,serifado_cod_028,2,val
data/processed/serifado/cod_028/cod_028_020.png,serifado,serifado_cod_028,2,val
data/processed/serifado/cod_119/cod_119_001.png,serifado,serifado_cod_119,2,val
data/processed/serifado/cod_119/cod_119_011.png,serifado,serifado_cod_119,2,val
data/processed/serifado/cod_119/cod_119_005.png,serifado,serifado_cod_119,2,val
data/processed/serifado/cod_119/cod_119_010.png,serifado,serifado_cod_119,2,val
data/processed/serifado/cod_119/cod_119_007.png,serifado,serifado_cod_119,2,val
data/processed/serifado/cod_119/cod_119_015.png,serifado,serifado_cod_119,2,val
data/processed/serifado/cod_119/cod_119_008.png,serifado,serifado_cod_119,2,val
data/processed/escritural/cod_002/cod_002_002.png,escritural,escritural_cod_002,3,train
data/processed/escritural/cod_002/cod_002_008.png,escritural,escritural_cod_002,3,train
data/processed/escritural/cod_002/cod_002_005.png,escritural,escritural_cod_002,3,train
data/processed/escritural/cod_002/cod_002_007.png,escritural,escritural_cod_002,3,train
data/processed/escritural/cod_002/cod_002_010.png,escritural,escritural_cod_002,3,train
data/processed/escritural/cod_002/cod_002_004.png,escritural,escritural_cod_002,3,train
data/processed/escritural/cod_002/cod_002_003.png,escritural,escritural_cod_002,3,train
data/processed/escritural/cod_002/cod_002_001.png,escritural,escritural_cod_002,3,train
data/processed/escritural/cod_002/cod_002_012.png,escritural,escritural_cod_002,3,train
data/processed/escritural/cod_002/cod_002_000.png,escritural,escritural_cod_002,3,train
data/processed/escritural/cod_002/cod_002_009.png,escritural,escritural_cod_002,3,train
data/processed/escritural/cod_002/cod_002_006.png,escritural,escritural_cod_002,3,train
data/processed/escritural/cod_002/cod_002_011.png,escritural,escritural_cod_002,3,train
data/processed/escritural/cod_013/cod_013_010.png,escritural,escritural_cod_013,3,train
data/processed/escritural/cod_013/cod_013_012.png,escritural,escritural_cod_013,3,train
data/processed/escritural/cod_013/cod_013_006.png,escritural,escritural_cod_013,3,train
data/processed/escritural/cod_013/cod_013_005.png,escritural,escritural_cod_013,3,train
data/processed/escritural/cod_013/cod_013_002.png,escritural,escritural_cod_013,3,train
data/processed/escritural/cod_013/cod_013_011.png,escritural,escritural_cod_013,3,train
data/processed/escritural/cod_013/cod_013_009.png,escritural,escritural_cod_013,3,train
data/processed/escritural/cod_013/cod_013_013.png,escritural,escritural_cod_013,3,train
data/processed/escritural/cod_013/cod_013_001.png,escritural,escritural_cod_013,3,train
data/processed/escritural/cod_013/cod_013_004.png,escritural,escritural_cod_013,3,train
data/processed/escritural/cod_014/cod_014_007.png,escritural,escritural_cod_014,3,train
data/processed/escritural/cod_014/cod_014_006.png,escritural,escritural_cod_014,3,train
data/processed/escritural/cod_014/cod_014_017.png,escritural,escritural_cod_014,3,train
data/processed/escritural/cod_014/cod_014_016.png,escritural,escritural_cod_014,3,train
data/processed/escritural/cod_014/cod_014_009.png,escritural,escritural_cod_014,3,train
data/processed/escritural/cod_014/cod_014_044.png,escritural,escritural_cod_014,3,train
data/processed/escritural/cod_014/cod_014_028.png,escritural,escritural_cod_014,3,train
data/processed/escritural/cod_014/cod_014_033.png,escritural,escritural_cod_014,3,train
data/processed/escritural/cod_014/cod_014_031.png,escritural,escritural_cod_014,3,train
data/processed/escritural/cod_014/cod_014_015.png,escritural,escritural_cod_014,3,train
data/processed/escritural/cod_014/cod_014_043.png,escritural,escritural_cod_014,3,train
data/processed/escritural/cod_014/cod_014_032.png,escritural,escritural_cod_014,3,train
data/processed/escritural/cod_014/cod_014_042.png,escritural,escritural_cod_014,3,train
data/processed/escritural/cod_016/cod_016_058.png,escritural,escritural_cod_016,3,train
data/processed/escritural/cod_016/cod_016_079.png,escritural,escritural_cod_016,3,train
data/processed/escritural/cod_016/cod_016_084.png,escritural,escritural_cod_016,3,train
data/processed/escritural/cod_016/cod_016_083.png,escritural,escritural_cod_016,3,train
data/processed/escritural/cod_016/cod_016_057.png,escritural,escritural_cod_016,3,train
data/processed/escritural/cod_033/cod_033_012.png,escritural,escritural_cod_033,3,train
data/processed/escritural/cod_033/cod_033_007.png,escritural,escritural_cod_033,3,train
data/processed/escritural/cod_033/cod_033_011.png,escritural,escritural_cod_033,3,train
data/processed/escritural/cod_033/cod_033_005.png,escritural,escritural_cod_033,3,train
data/processed/escritural/cod_033/cod_033_009.png,escritural,escritural_cod_033,3,train
data/processed/escritural/cod_033/cod_033_002.png,escritural,escritural_cod_033,3,train
data/processed/escritural/cod_033/cod_033_001.png,escritural,escritural_cod_033,3,train
data/processed/escritural/cod_033/cod_033_000.png,escritural,escritural_cod_033,3,train
data/processed/escritural/cod_033/cod_033_004.png,escritural,escritural_cod_033,3,train
data/processed/escritural/cod_033/cod_033_013.png,escritural,escritural_cod_033,3,train
data/processed/escritural/cod_033/cod_033_008.png,escritural,escritural_cod_033,3,train
data/processed/escritural/cod_026/cod_026_027.png,escritural,escritural_cod_026,3,train
data/processed/escritural/cod_026/cod_026_004.png,escritural,escritural_cod_026,3,train
data/processed/escritural/cod_026/cod_026_002.png,escritural,escritural_cod_026,3,train
data/processed/escritural/cod_026/cod_026_042.png,escritural,escritural_cod_026,3,train
data/processed/escritural/cod_026/cod_026_005.png,escritural,escritural_cod_026,3,train
data/processed/escritural/cod_026/cod_026_036.png,escritural,escritural_cod_026,3,train
data/processed/escritural/cod_026/cod_026_030.png,escritural,escritural_cod_026,3,train
data/processed/escritural/cod_026/cod_026_001.png,escritural,escritural_cod_026,3,train
data/processed/escritural/cod_026/cod_026_012.png,escritural,escritural_cod_026,3,train
data/processed/escritural/cod_026/cod_026_034.png,escritural,escritural_cod_026,3,train
data/processed/escritural/cod_026/cod_026_041.png,escritural,escritural_cod_026,3,train
data/processed/escritural/cod_026/cod_026_043.png,escritural,escritural_cod_026,3,train
data/processed/escritural/cod_026/cod_026_011.png,escritural,escritural_cod_026,3,train
data/processed/escritural/cod_032/cod_032_007.png,escritural,escritural_cod_032,3,train
data/processed/escritural/cod_032/cod_032_003.png,escritural,escritural_cod_032,3,train
data/processed/escritural/cod_032/cod_032_001.png,escritural,escritural_cod_032,3,train
data/processed/escritural/cod_032/cod_032_009.png,escritural,escritural_cod_032,3,train
data/processed/escritural/cod_032/cod_032_000.png,escritural,escritural_cod_032,3,train
data/processed/escritural/cod_032/cod_032_010.png,escritural,escritural_cod_032,3,train
data/processed/escritural/cod_032/cod_032_008.png,escritural,escritural_cod_032,3,train
data/processed/escritural/cod_032/cod_032_006.png,escritural,escritural_cod_032,3,train
data/processed/escritural/cod_032/cod_032_005.png,escritural,escritural_cod_032,3,train
data/processed/escritural/cod_032/cod_032_012.png,escritural,escritural_cod_032,3,train
data/processed/escritural/cod_032/cod_032_004.png,escritural,escritural_cod_032,3,train
data/processed/escritural/cod_032/cod_032_002.png,escritural,escritural_cod_032,3,train
data/processed/escritural/cod_043/cod_043_016.png,escritural,escritural_cod_043,3,train
data/processed/escritural/cod_043/cod_043_015.png,escritural,escritural_cod_043,3,train
data/processed/escritural/cod_043/cod_043_013.png,escritural,escritural_cod_043,3,train
data/processed/escritural/cod_043/cod_043_006.png,escritural,escritural_cod_043,3,train
data/processed/escritural/cod_043/cod_043_005.png,escritural,escritural_cod_043,3,train
data/processed/escritural/cod_043/cod_043_002.png,escritural,escritural_cod_043,3,train
data/processed/escritural/cod_043/cod_043_011.png,escritural,escritural_cod_043,3,train
data/processed/escritural/cod_043/cod_043_001.png,escritural,escritural_cod_043,3,train
data/processed/escritural/cod_043/cod_043_009.png,escritural,escritural_cod_043,3,train
data/processed/escritural/cod_043/cod_043_007.png,escritural,escritural_cod_043,3,train
data/processed/escritural/cod_043/cod_043_000.png,escritural,escritural_cod_043,3,train
data/processed/escritural/cod_043/cod_043_014.png,escritural,escritural_cod_043,3,train
data/processed/escritural/cod_047/cod_047_018.png,escritural,escritural_cod_047,3,train
data/processed/escritural/cod_047/cod_047_059.png,escritural,escritural_cod_047,3,train
data/processed/escritural/cod_047/cod_047_080.png,escritural,escritural_cod_047,3,train
data/processed/escritural/cod_047/cod_047_013.png,escritural,escritural_cod_047,3,train
data/processed/escritural/cod_047/cod_047_086.png,escritural,escritural_cod_047,3,train
data/processed/escritural/cod_047/cod_047_083.png,escritural,escritural_cod_047,3,train
data/processed/escritural/cod_047/cod_047_078.png,escritural,escritural_cod_047,3,train
data/processed/escritural/cod_047/cod_047_057.png,escritural,escritural_cod_047,3,train
data/processed/escritural/cod_047/cod_047_058.png,escritural,escritural_cod_047,3,train
data/processed/escritural/cod_047/cod_047_012.png,escritural,escritural_cod_047,3,train
data/processed/escritural/cod_047/cod_047_079.png,escritural,escritural_cod_047,3,train
data/processed/escritural/cod_047/cod_047_082.png,escritural,escritural_cod_047,3,train
data/processed/escritural/cod_047/cod_047_081.png,escritural,escritural_cod_047,3,train
data/processed/escritural/cod_057/cod_057_008.png,escritural,escritural_cod_057,3,train
data/processed/escritural/cod_057/cod_057_024.png,escritural,escritural_cod_057,3,train
data/processed/escritural/cod_057/cod_057_004.png,escritural,escritural_cod_057,3,train
data/processed/escritural/cod_057/cod_057_026.png,escritural,escritural_cod_057,3,train
data/processed/escritural/cod_057/cod_057_015.png,escritural,escritural_cod_057,3,train
data/processed/escritural/cod_057/cod_057_017.png,escritural,escritural_cod_057,3,train
data/processed/escritural/cod_057/cod_057_023.png,escritural,escritural_cod_057,3,train
data/processed/escritural/cod_057/cod_057_018.png,escritural,escritural_cod_057,3,train
data/processed/escritural/cod_057/cod_057_020.png,escritural,escritural_cod_057,3,train
data/processed/escritural/cod_057/cod_057_022.png,escritural,escritural_cod_057,3,train
data/processed/escritural/cod_057/cod_057_006.png,escritural,escritural_cod_057,3,train
data/processed/escritural/cod_061/cod_061_003.png,escritural,escritural_cod_061,3,train
data/processed/escritural/cod_061/cod_061_009.png,escritural,escritural_cod_061,3,train
data/processed/escritural/cod_061/cod_061_008.png,escritural,escritural_cod_061,3,train
data/processed/escritural/cod_061/cod_061_001.png,escritural,escritural_cod_061,3,train
data/processed/escritural/cod_061/cod_061_012.png,escritural,escritural_cod_061,3,train
data/processed/escritural/cod_061/cod_061_013.png,escritural,escritural_cod_061,3,train
data/processed/escritural/cod_061/cod_061_014.png,escritural,escritural_cod_061,3,train
data/processed/escritural/cod_061/cod_061_011.png,escritural,escritural_cod_061,3,train
data/processed/escritural/cod_061/cod_061_002.png,escritural,escritural_cod_061,3,train
data/processed/escritural/cod_061/cod_061_005.png,escritural,escritural_cod_061,3,train
data/processed/escritural/cod_061/cod_061_000.png,escritural,escritural_cod_061,3,train
data/processed/escritural/cod_062/cod_062_005.png,escritural,escritural_cod_062,3,train
data/processed/escritural/cod_062/cod_062_007.png,escritural,escritural_cod_062,3,train
data/processed/escritural/cod_062/cod_062_001.png,escritural,escritural_cod_062,3,train
data/processed/escritural/cod_062/cod_062_011.png,escritural,escritural_cod_062,3,train
data/processed/escritural/cod_062/cod_062_012.png,escritural,escritural_cod_062,3,train
data/processed/escritural/cod_062/cod_062_008.png,escritural,escritural_cod_062,3,train
data/processed/escritural/cod_062/cod_062_002.png,escritural,escritural_cod_062,3,train
data/processed/escritural/cod_062/cod_062_000.png,escritural,escritural_cod_062,3,train
data/processed/escritural/cod_062/cod_062_009.png,escritural,escritural_cod_062,3,train
data/processed/escritural/cod_062/cod_062_004.png,escritural,escritural_cod_062,3,train
data/processed/escritural/cod_062/cod_062_013.png,escritural,escritural_cod_062,3,train
data/processed/escritural/cod_062/cod_062_006.png,escritural,escritural_cod_062,3,train
data/processed/escritural/cod_059/cod_059_020.png,escritural,escritural_cod_059,3,train
data/processed/escritural/cod_059/cod_059_013.png,escritural,escritural_cod_059,3,train
data/processed/escritural/cod_059/cod_059_014.png,escritural,escritural_cod_059,3,train
data/processed/escritural/cod_059/cod_059_009.png,escritural,escritural_cod_059,3,train
data/processed/escritural/cod_059/cod_059_007.png,escritural,escritural_cod_059,3,train
data/processed/escritural/cod_059/cod_059_016.png,escritural,escritural_cod_059,3,train
data/processed/escritural/cod_059/cod_059_010.png,escritural,escritural_cod_059,3,train
data/processed/escritural/cod_059/cod_059_019.png,escritural,escritural_cod_059,3,train
data/processed/escritural/cod_059/cod_059_012.png,escritural,escritural_cod_059,3,train
data/processed/escritural/cod_059/cod_059_008.png,escritural,escritural_cod_059,3,train
data/processed/escritural/cod_059/cod_059_006.png,escritural,escritural_cod_059,3,train
data/processed/escritural/cod_059/cod_059_011.png,escritural,escritural_cod_059,3,train
data/processed/escritural/cod_059/cod_059_015.png,escritural,escritural_cod_059,3,train
data/processed/escritural/cod_059/cod_059_018.png,escritural,escritural_cod_059,3,train
data/processed/escritural/cod_060/cod_060_013.png,escritural,escritural_cod_060,3,train
data/processed/escritural/cod_060/cod_060_003.png,escritural,escritural_cod_060,3,train
data/processed/escritural/cod_060/cod_060_008.png,escritural,escritural_cod_060,3,train
data/processed/escritural/cod_060/cod_060_012.png,escritural,escritural_cod_060,3,train
data/processed/escritural/cod_060/cod_060_015.png,escritural,escritural_cod_060,3,train
data/processed/escritural/cod_060/cod_060_001.png,escritural,escritural_cod_060,3,train
data/processed/escritural/cod_060/cod_060_005.png,escritural,escritural_cod_060,3,train
data/processed/escritural/cod_060/cod_060_014.png,escritural,escritural_cod_060,3,train
data/processed/escritural/cod_060/cod_060_006.png,escritural,escritural_cod_060,3,train
data/processed/escritural/cod_060/cod_060_000.png,escritural,escritural_cod_060,3,train
data/processed/escritural/cod_068/cod_068_024.png,escritural,escritural_cod_068,3,train
data/processed/escritural/cod_068/cod_068_020.png,escritural,escritural_cod_068,3,train
data/processed/escritural/cod_068/cod_068_023.png,escritural,escritural_cod_068,3,train
data/processed/escritural/cod_068/cod_068_009.png,escritural,escritural_cod_068,3,train
data/processed/escritural/cod_068/cod_068_022.png,escritural,escritural_cod_068,3,train
data/processed/escritural/cod_068/cod_068_017.png,escritural,escritural_cod_068,3,train
data/processed/escritural/cod_068/cod_068_008.png,escritural,escritural_cod_068,3,train
data/processed/escritural/cod_068/cod_068_010.png,escritural,escritural_cod_068,3,train
data/processed/escritural/cod_068/cod_068_004.png,escritural,escritural_cod_068,3,train
data/processed/escritural/cod_068/cod_068_003.png,escritural,escritural_cod_068,3,train
data/processed/escritural/cod_068/cod_068_002.png,escritural,escritural_cod_068,3,train
data/processed/escritural/cod_069/cod_069_003.png,escritural,escritural_cod_069,3,train
data/processed/escritural/cod_069/cod_069_009.png,escritural,escritural_cod_069,3,train
data/processed/escritural/cod_069/cod_069_008.png,escritural,escritural_cod_069,3,train
data/processed/escritural/cod_069/cod_069_002.png,escritural,escritural_cod_069,3,train
data/processed/escritural/cod_069/cod_069_014.png,escritural,escritural_cod_069,3,train
data/processed/escritural/cod_069/cod_069_017.png,escritural,escritural_cod_069,3,train
data/processed/escritural/cod_069/cod_069_004.png,escritural,escritural_cod_069,3,train
data/processed/escritural/cod_069/cod_069_019.png,escritural,escritural_cod_069,3,train
data/processed/escritural/cod_073/cod_073_021.png,escritural,escritural_cod_073,3,train
data/processed/escritural/cod_073/cod_073_006.png,escritural,escritural_cod_073,3,train
data/processed/escritural/cod_073/cod_073_029.png,escritural,escritural_cod_073,3,train
data/processed/escritural/cod_073/cod_073_022.png,escritural,escritural_cod_073,3,train
data/processed/escritural/cod_073/cod_073_020.png,escritural,escritural_cod_073,3,train
data/processed/escritural/cod_073/cod_073_027.png,escritural,escritural_cod_073,3,train
data/processed/escritural/cod_073/cod_073_000.png,escritural,escritural_cod_073,3,train
data/processed/escritural/cod_073/cod_073_019.png,escritural,escritural_cod_073,3,train
data/processed/escritural/cod_073/cod_073_002.png,escritural,escritural_cod_073,3,train
data/processed/escritural/cod_073/cod_073_001.png,escritural,escritural_cod_073,3,train
data/processed/escritural/cod_073/cod_073_028.png,escritural,escritural_cod_073,3,train
data/processed/escritural/cod_072/cod_072_003.png,escritural,escritural_cod_072,3,train
data/processed/escritural/cod_072/cod_072_012.png,escritural,escritural_cod_072,3,train
data/processed/escritural/cod_072/cod_072_010.png,escritural,escritural_cod_072,3,train
data/processed/escritural/cod_072/cod_072_004.png,escritural,escritural_cod_072,3,train
data/processed/escritural/cod_072/cod_072_007.png,escritural,escritural_cod_072,3,train
data/processed/escritural/cod_072/cod_072_009.png,escritural,escritural_cod_072,3,train
data/processed/escritural/cod_072/cod_072_008.png,escritural,escritural_cod_072,3,train
data/processed/escritural/cod_072/cod_072_001.png,escritural,escritural_cod_072,3,train
data/processed/escritural/cod_072/cod_072_005.png,escritural,escritural_cod_072,3,train
data/processed/escritural/cod_072/cod_072_002.png,escritural,escritural_cod_072,3,train
data/processed/escritural/cod_072/cod_072_006.png,escritural,escritural_cod_072,3,train
data/processed/escritural/cod_072/cod_072_013.png,escritural,escritural_cod_072,3,train
data/processed/escritural/cod_072/cod_072_014.png,escritural,escritural_cod_072,3,train
data/processed/escritural/cod_074/cod_074_003.png,escritural,escritural_cod_074,3,train
data/processed/escritural/cod_074/cod_074_013.png,escritural,escritural_cod_074,3,train
data/processed/escritural/cod_074/cod_074_015.png,escritural,escritural_cod_074,3,train
data/processed/escritural/cod_074/cod_074_008.png,escritural,escritural_cod_074,3,train
data/processed/escritural/cod_074/cod_074_014.png,escritural,escritural_cod_074,3,train
data/processed/escritural/cod_074/cod_074_001.png,escritural,escritural_cod_074,3,train
data/processed/escritural/cod_074/cod_074_002.png,escritural,escritural_cod_074,3,train
data/processed/escritural/cod_074/cod_074_011.png,escritural,escritural_cod_074,3,train
data/processed/escritural/cod_074/cod_074_012.png,escritural,escritural_cod_074,3,train
data/processed/escritural/cod_074/cod_074_010.png,escritural,escritural_cod_074,3,train
data/processed/escritural/cod_074/cod_074_000.png,escritural,escritural_cod_074,3,train
data/processed/escritural/cod_076/cod_076_009.png,escritural,escritural_cod_076,3,train
data/processed/escritural/cod_076/cod_076_001.png,escritural,escritural_cod_076,3,train
data/processed/escritural/cod_076/cod_076_002.png,escritural,escritural_cod_076,3,train
data/processed/escritural/cod_076/cod_076_003.png,escritural,escritural_cod_076,3,train
data/processed/escritural/cod_076/cod_076_008.png,escritural,escritural_cod_076,3,train
data/processed/escritural/cod_076/cod_076_023.png,escritural,escritural_cod_076,3,train
data/processed/escritural/cod_076/cod_076_005.png,escritural,escritural_cod_076,3,train
data/processed/escritural/cod_082/cod_082_005.png,escritural,escritural_cod_082,3,train
data/processed/escritural/cod_082/cod_082_002.png,escritural,escritural_cod_082,3,train
data/processed/escritural/cod_082/cod_082_008.png,escritural,escritural_cod_082,3,train
data/processed/escritural/cod_082/cod_082_004.png,escritural,escritural_cod_082,3,train
data/processed/escritural/cod_082/cod_082_007.png,escritural,escritural_cod_082,3,train
data/processed/escritural/cod_082/cod_082_003.png,escritural,escritural_cod_082,3,train
data/processed/escritural/cod_083/cod_083_020.png,escritural,escritural_cod_083,3,train
data/processed/escritural/cod_083/cod_083_002.png,escritural,escritural_cod_083,3,train
data/processed/escritural/cod_083/cod_083_016.png,escritural,escritural_cod_083,3,train
data/processed/escritural/cod_083/cod_083_022.png,escritural,escritural_cod_083,3,train
data/processed/escritural/cod_083/cod_083_003.png,escritural,escritural_cod_083,3,train
data/processed/escritural/cod_083/cod_083_023.png,escritural,escritural_cod_083,3,train
data/processed/escritural/cod_083/cod_083_017.png,escritural,escritural_cod_083,3,train
data/processed/escritural/cod_083/cod_083_010.png,escritural,escritural_cod_083,3,train
data/processed/escritural/cod_083/cod_083_014.png,escritural,escritural_cod_083,3,train
data/processed/escritural/cod_083/cod_083_004.png,escritural,escritural_cod_083,3,train
data/processed/escritural/cod_083/cod_083_011.png,escritural,escritural_cod_083,3,train
data/processed/escritural/cod_083/cod_083_009.png,escritural,escritural_cod_083,3,train
data/processed/escritural/cod_102/cod_102_000.png,escritural,escritural_cod_102,3,train
data/processed/escritural/cod_102/cod_102_020.png,escritural,escritural_cod_102,3,train
data/processed/escritural/cod_102/cod_102_003.png,escritural,escritural_cod_102,3,train
data/processed/escritural/cod_102/cod_102_002.png,escritural,escritural_cod_102,3,train
data/processed/escritural/cod_102/cod_102_017.png,escritural,escritural_cod_102,3,train
data/processed/escritural/cod_102/cod_102_001.png,escritural,escritural_cod_102,3,train
data/processed/escritural/cod_102/cod_102_008.png,escritural,escritural_cod_102,3,train
data/processed/escritural/cod_081/cod_081_018.png,escritural,escritural_cod_081,3,train
data/processed/escritural/cod_081/cod_081_000.png,escritural,escritural_cod_081,3,train
data/processed/escritural/cod_081/cod_081_002.png,escritural,escritural_cod_081,3,train
data/processed/escritural/cod_081/cod_081_011.png,escritural,escritural_cod_081,3,train
data/processed/escritural/cod_081/cod_081_014.png,escritural,escritural_cod_081,3,train
data/processed/escritural/cod_081/cod_081_020.png,escritural,escritural_cod_081,3,train
data/processed/escritural/cod_081/cod_081_019.png,escritural,escritural_cod_081,3,train
data/processed/escritural/cod_081/cod_081_006.png,escritural,escritural_cod_081,3,train
data/processed/escritural/cod_081/cod_081_007.png,escritural,escritural_cod_081,3,train
data/processed/escritural/cod_081/cod_081_001.png,escritural,escritural_cod_081,3,train
data/processed/escritural/cod_081/cod_081_013.png,escritural,escritural_cod_081,3,train
data/processed/escritural/cod_081/cod_081_008.png,escritural,escritural_cod_081,3,train
data/processed/escritural/cod_081/cod_081_009.png,escritural,escritural_cod_081,3,train
data/processed/escritural/cod_099/cod_099_001.png,escritural,escritural_cod_099,3,train
data/processed/escritural/cod_099/cod_099_008.png,escritural,escritural_cod_099,3,train
data/processed/escritural/cod_099/cod_099_013.png,escritural,escritural_cod_099,3,train
data/processed/escritural/cod_099/cod_099_005.png,escritural,escritural_cod_099,3,train
data/processed/escritural/cod_099/cod_099_004.png,escritural,escritural_cod_099,3,train
data/processed/escritural/cod_099/cod_099_012.png,escritural,escritural_cod_099,3,train
data/processed/escritural/cod_099/cod_099_003.png,escritural,escritural_cod_099,3,train
data/processed/escritural/cod_099/cod_099_000.png,escritural,escritural_cod_099,3,train
data/processed/escritural/cod_099/cod_099_010.png,escritural,escritural_cod_099,3,train
data/processed/escritural/cod_099/cod_099_009.png,escritural,escritural_cod_099,3,train
data/processed/escritural/cod_099/cod_099_002.png,escritural,escritural_cod_099,3,train
data/processed/escritural/cod_113/cod_113_004.png,escritural,escritural_cod_113,3,train
data/processed/escritural/cod_113/cod_113_005.png,escritural,escritural_cod_113,3,train
data/processed/escritural/cod_113/cod_113_001.png,escritural,escritural_cod_113,3,train
data/processed/escritural/cod_113/cod_113_007.png,escritural,escritural_cod_113,3,train
data/processed/escritural/cod_113/cod_113_002.png,escritural,escritural_cod_113,3,train
data/processed/escritural/cod_107/cod_107_003.png,escritural,escritural_cod_107,3,train
data/processed/escritural/cod_107/cod_107_012.png,escritural,escritural_cod_107,3,train
data/processed/escritural/cod_107/cod_107_001.png,escritural,escritural_cod_107,3,train
data/processed/escritural/cod_107/cod_107_002.png,escritural,escritural_cod_107,3,train
data/processed/escritural/cod_107/cod_107_007.png,escritural,escritural_cod_107,3,train
data/processed/escritural/cod_107/cod_107_022.png,escritural,escritural_cod_107,3,train
data/processed/escritural/cod_107/cod_107_014.png,escritural,escritural_cod_107,3,train
data/processed/escritural/cod_107/cod_107_020.png,escritural,escritural_cod_107,3,train
data/processed/escritural/cod_107/cod_107_004.png,escritural,escritural_cod_107,3,train
data/processed/escritural/cod_107/cod_107_005.png,escritural,escritural_cod_107,3,train
data/processed/escritural/cod_107/cod_107_023.png,escritural,escritural_cod_107,3,train
data/processed/escritural/cod_080/cod_080_001.png,escritural,escritural_cod_080,3,train
data/processed/escritural/cod_080/cod_080_002.png,escritural,escritural_cod_080,3,train
data/processed/escritural/cod_080/cod_080_000.png,escritural,escritural_cod_080,3,train
data/processed/escritural/cod_080/cod_080_012.png,escritural,escritural_cod_080,3,train
data/processed/escritural/cod_080/cod_080_013.png,escritural,escritural_cod_080,3,train
data/processed/escritural/cod_080/cod_080_008.png,escritural,escritural_cod_080,3,train
data/processed/escritural/cod_080/cod_080_014.png,escritural,escritural_cod_080,3,train
data/processed/escritural/cod_080/cod_080_006.png,escritural,escritural_cod_080,3,train
data/processed/escritural/cod_080/cod_080_010.png,escritural,escritural_cod_080,3,train
data/processed/escritural/cod_080/cod_080_009.png,escritural,escritural_cod_080,3,train
data/processed/escritural/cod_080/cod_080_011.png,escritural,escritural_cod_080,3,train
data/processed/escritural/cod_080/cod_080_004.png,escritural,escritural_cod_080,3,train
data/processed/escritural/cod_080/cod_080_005.png,escritural,escritural_cod_080,3,train
data/processed/escritural/cod_117/cod_117_012.png,escritural,escritural_cod_117,3,train
data/processed/escritural/cod_117/cod_117_003.png,escritural,escritural_cod_117,3,train
data/processed/escritural/cod_117/cod_117_001.png,escritural,escritural_cod_117,3,train
data/processed/escritural/cod_117/cod_117_007.png,escritural,escritural_cod_117,3,train
data/processed/escritural/cod_117/cod_117_000.png,escritural,escritural_cod_117,3,train
data/processed/escritural/cod_117/cod_117_002.png,escritural,escritural_cod_117,3,train
data/processed/escritural/cod_117/cod_117_009.png,escritural,escritural_cod_117,3,train
data/processed/escritural/cod_117/cod_117_008.png,escritural,escritural_cod_117,3,train
data/processed/escritural/cod_117/cod_117_006.png,escritural,escritural_cod_117,3,train
data/processed/escritural/cod_117/cod_117_011.png,escritural,escritural_cod_117,3,train
data/processed/escritural/cod_117/cod_117_005.png,escritural,escritural_cod_117,3,train
data/processed/escritural/cod_117/cod_117_004.png,escritural,escritural_cod_117,3,train
data/processed/escritural/cod_117/cod_117_010.png,escritural,escritural_cod_117,3,train
data/processed/escritural/cod_136/cod_136_001.png,escritural,escritural_cod_136,3,train
data/processed/escritural/cod_138/cod_138_019.png,escritural,escritural_cod_138,3,train
data/processed/escritural/cod_138/cod_138_000.png,escritural,escritural_cod_138,3,train
data/processed/escritural/cod_138/cod_138_006.png,escritural,escritural_cod_138,3,train
data/processed/escritural/cod_138/cod_138_024.png,escritural,escritural_cod_138,3,train
data/processed/escritural/cod_138/cod_138_001.png,escritural,escritural_cod_138,3,train
data/processed/escritural/cod_138/cod_138_021.png,escritural,escritural_cod_138,3,train
data/processed/escritural/cod_137/cod_137_002.png,escritural,escritural_cod_137,3,train
data/processed/escritural/cod_137/cod_137_003.png,escritural,escritural_cod_137,3,train
data/processed/escritural/cod_137/cod_137_005.png,escritural,escritural_cod_137,3,train
data/processed/escritural/cod_137/cod_137_011.png,escritural,escritural_cod_137,3,train
data/processed/escritural/cod_137/cod_137_009.png,escritural,escritural_cod_137,3,train
data/processed/escritural/cod_137/cod_137_007.png,escritural,escritural_cod_137,3,train
data/processed/escritural/cod_137/cod_137_004.png,escritural,escritural_cod_137,3,train
data/processed/escritural/cod_137/cod_137_000.png,escritural,escritural_cod_137,3,train
data/processed/escritural/cod_137/cod_137_001.png,escritural,escritural_cod_137,3,train
data/processed/grotesco/cod_005/cod_005_008.png,grotesco,grotesco_cod_005,3,train
data/processed/grotesco/cod_005/cod_005_001.png,grotesco,grotesco_cod_005,3,train
data/processed/grotesco/cod_005/cod_005_002.png,grotesco,grotesco_cod_005,3,train
data/processed/grotesco/cod_005/cod_005_004.png,grotesco,grotesco_cod_005,3,train
data/processed/grotesco/cod_005/cod_005_010.png,grotesco,grotesco_cod_005,3,train
data/processed/grotesco/cod_005/cod_005_006.png,grotesco,grotesco_cod_005,3,train
data/processed/grotesco/cod_005/cod_005_009.png,grotesco,grotesco_cod_005,3,train
data/processed/grotesco/cod_005/cod_005_000.png,grotesco,grotesco_cod_005,3,train
data/processed/grotesco/cod_005/cod_005_011.png,grotesco,grotesco_cod_005,3,train
data/processed/grotesco/cod_005/cod_005_005.png,grotesco,grotesco_cod_005,3,train
data/processed/grotesco/cod_005/cod_005_012.png,grotesco,grotesco_cod_005,3,train
data/processed/grotesco/cod_008/cod_008_001.png,grotesco,grotesco_cod_008,3,train
data/processed/grotesco/cod_008/cod_008_009.png,grotesco,grotesco_cod_008,3,train
data/processed/grotesco/cod_008/cod_008_008.png,grotesco,grotesco_cod_008,3,train
data/processed/grotesco/cod_008/cod_008_002.png,grotesco,grotesco_cod_008,3,train
data/processed/grotesco/cod_008/cod_008_007.png,grotesco,grotesco_cod_008,3,train
data/processed/grotesco/cod_008/cod_008_000.png,grotesco,grotesco_cod_008,3,train
data/processed/grotesco/cod_008/cod_008_006.png,grotesco,grotesco_cod_008,3,train
data/processed/grotesco/cod_008/cod_008_005.png,grotesco,grotesco_cod_008,3,train
data/processed/grotesco/cod_008/cod_008_003.png,grotesco,grotesco_cod_008,3,train
data/processed/grotesco/cod_022/cod_022_007.png,grotesco,grotesco_cod_022,3,train
data/processed/grotesco/cod_022/cod_022_002.png,grotesco,grotesco_cod_022,3,train
data/processed/grotesco/cod_022/cod_022_011.png,grotesco,grotesco_cod_022,3,train
data/processed/grotesco/cod_022/cod_022_012.png,grotesco,grotesco_cod_022,3,train
data/processed/grotesco/cod_022/cod_022_001.png,grotesco,grotesco_cod_022,3,train
data/processed/grotesco/cod_022/cod_022_003.png,grotesco,grotesco_cod_022,3,train
data/processed/grotesco/cod_022/cod_022_010.png,grotesco,grotesco_cod_022,3,train
data/processed/grotesco/cod_022/cod_022_008.png,grotesco,grotesco_cod_022,3,train
data/processed/grotesco/cod_022/cod_022_000.png,grotesco,grotesco_cod_022,3,train
data/processed/grotesco/cod_024/cod_024_004.png,grotesco,grotesco_cod_024,3,train
data/processed/grotesco/cod_024/cod_024_001.png,grotesco,grotesco_cod_024,3,train
data/processed/grotesco/cod_024/cod_024_008.png,grotesco,grotesco_cod_024,3,train
data/processed/grotesco/cod_024/cod_024_002.png,grotesco,grotesco_cod_024,3,train
data/processed/grotesco/cod_024/cod_024_003.png,grotesco,grotesco_cod_024,3,train
data/processed/grotesco/cod_024/cod_024_007.png,grotesco,grotesco_cod_024,3,train
data/processed/grotesco/cod_035/cod_035_005.png,grotesco,grotesco_cod_035,3,train
data/processed/grotesco/cod_035/cod_035_012.png,grotesco,grotesco_cod_035,3,train
data/processed/grotesco/cod_035/cod_035_002.png,grotesco,grotesco_cod_035,3,train
data/processed/grotesco/cod_035/cod_035_000.png,grotesco,grotesco_cod_035,3,train
data/processed/grotesco/cod_035/cod_035_011.png,grotesco,grotesco_cod_035,3,train
data/processed/grotesco/cod_035/cod_035_003.png,grotesco,grotesco_cod_035,3,train
data/processed/grotesco/cod_035/cod_035_001.png,grotesco,grotesco_cod_035,3,train
data/processed/grotesco/cod_035/cod_035_009.png,grotesco,grotesco_cod_035,3,train
data/processed/grotesco/cod_035/cod_035_008.png,grotesco,grotesco_cod_035,3,train
data/processed/grotesco/cod_035/cod_035_007.png,grotesco,grotesco_cod_035,3,train
data/processed/grotesco/cod_035/cod_035_004.png,grotesco,grotesco_cod_035,3,train
data/processed/grotesco/cod_035/cod_035_006.png,grotesco,grotesco_cod_035,3,train
data/processed/grotesco/cod_035/cod_035_013.png,grotesco,grotesco_cod_035,3,train
data/processed/grotesco/cod_040/cod_040_013.png,grotesco,grotesco_cod_040,3,train
data/processed/grotesco/cod_040/cod_040_003.png,grotesco,grotesco_cod_040,3,train
data/processed/grotesco/cod_040/cod_040_004.png,grotesco,grotesco_cod_040,3,train
data/processed/grotesco/cod_040/cod_040_012.png,grotesco,grotesco_cod_040,3,train
data/processed/grotesco/cod_040/cod_040_001.png,grotesco,grotesco_cod_040,3,train
data/processed/grotesco/cod_040/cod_040_005.png,grotesco,grotesco_cod_040,3,train
data/processed/grotesco/cod_040/cod_040_007.png,grotesco,grotesco_cod_040,3,train
data/processed/grotesco/cod_040/cod_040_008.png,grotesco,grotesco_cod_040,3,train
data/processed/grotesco/cod_040/cod_040_011.png,grotesco,grotesco_cod_040,3,train
data/processed/grotesco/cod_040/cod_040_009.png,grotesco,grotesco_cod_040,3,train
data/processed/grotesco/cod_040/cod_040_014.png,grotesco,grotesco_cod_040,3,train
data/processed/grotesco/cod_041/cod_041_002.png,grotesco,grotesco_cod_041,3,train
data/processed/grotesco/cod_041/cod_041_007.png,grotesco,grotesco_cod_041,3,train
data/processed/grotesco/cod_041/cod_041_009.png,grotesco,grotesco_cod_041,3,train
data/processed/grotesco/cod_041/cod_041_005.png,grotesco,grotesco_cod_041,3,train
data/processed/grotesco/cod_041/cod_041_011.png,grotesco,grotesco_cod_041,3,train
data/processed/grotesco/cod_041/cod_041_008.png,grotesco,grotesco_cod_041,3,train
data/processed/grotesco/cod_041/cod_041_006.png,grotesco,grotesco_cod_041,3,train
data/processed/grotesco/cod_041/cod_041_001.png,grotesco,grotesco_cod_041,3,train
data/processed/grotesco/cod_041/cod_041_003.png,grotesco,grotesco_cod_041,3,train
data/processed/grotesco/cod_041/cod_041_004.png,grotesco,grotesco_cod_041,3,train
data/processed/grotesco/cod_041/cod_041_010.png,grotesco,grotesco_cod_041,3,train
data/processed/grotesco/cod_041/cod_041_000.png,grotesco,grotesco_cod_041,3,train
data/processed/grotesco/cod_051/cod_051_012.png,grotesco,grotesco_cod_051,3,train
data/processed/grotesco/cod_051/cod_051_005.png,grotesco,grotesco_cod_051,3,train
data/processed/grotesco/cod_051/cod_051_015.png,grotesco,grotesco_cod_051,3,train
data/processed/grotesco/cod_051/cod_051_010.png,grotesco,grotesco_cod_051,3,train
data/processed/grotesco/cod_051/cod_051_009.png,grotesco,grotesco_cod_051,3,train
data/processed/grotesco/cod_051/cod_051_016.png,grotesco,grotesco_cod_051,3,train
data/processed/grotesco/cod_051/cod_051_017.png,grotesco,grotesco_cod_051,3,train
data/processed/grotesco/cod_051/cod_051_011.png,grotesco,grotesco_cod_051,3,train
data/processed/grotesco/cod_051/cod_051_007.png,grotesco,grotesco_cod_051,3,train
data/processed/grotesco/cod_051/cod_051_006.png,grotesco,grotesco_cod_051,3,train
data/processed/grotesco/cod_048/cod_048_026.png,grotesco,grotesco_cod_048,3,train
data/processed/grotesco/cod_048/cod_048_017.png,grotesco,grotesco_cod_048,3,train
data/processed/grotesco/cod_048/cod_048_009.png,grotesco,grotesco_cod_048,3,train
data/processed/grotesco/cod_048/cod_048_008.png,grotesco,grotesco_cod_048,3,train
data/processed/grotesco/cod_048/cod_048_028.png,grotesco,grotesco_cod_048,3,train
data/processed/grotesco/cod_048/cod_048_011.png,grotesco,grotesco_cod_048,3,train
data/processed/grotesco/cod_048/cod_048_032.png,grotesco,grotesco_cod_048,3,train
data/processed/grotesco/cod_048/cod_048_018.png,grotesco,grotesco_cod_048,3,train
data/processed/grotesco/cod_048/cod_048_027.png,grotesco,grotesco_cod_048,3,train
data/processed/grotesco/cod_052/cod_052_007.png,grotesco,grotesco_cod_052,3,train
data/processed/grotesco/cod_052/cod_052_005.png,grotesco,grotesco_cod_052,3,train
data/processed/grotesco/cod_052/cod_052_001.png,grotesco,grotesco_cod_052,3,train
data/processed/grotesco/cod_052/cod_052_009.png,grotesco,grotesco_cod_052,3,train
data/processed/grotesco/cod_052/cod_052_004.png,grotesco,grotesco_cod_052,3,train
data/processed/grotesco/cod_052/cod_052_000.png,grotesco,grotesco_cod_052,3,train
data/processed/grotesco/cod_052/cod_052_002.png,grotesco,grotesco_cod_052,3,train
data/processed/grotesco/cod_052/cod_052_006.png,grotesco,grotesco_cod_052,3,train
data/processed/grotesco/cod_052/cod_052_003.png,grotesco,grotesco_cod_052,3,train
data/processed/grotesco/cod_052/cod_052_008.png,grotesco,grotesco_cod_052,3,train
data/processed/grotesco/cod_056/cod_056_001.png,grotesco,grotesco_cod_056,3,train
data/processed/grotesco/cod_056/cod_056_018.png,grotesco,grotesco_cod_056,3,train
data/processed/grotesco/cod_056/cod_056_015.png,grotesco,grotesco_cod_056,3,train
data/processed/grotesco/cod_056/cod_056_011.png,grotesco,grotesco_cod_056,3,train
data/processed/grotesco/cod_056/cod_056_016.png,grotesco,grotesco_cod_056,3,train
data/processed/grotesco/cod_056/cod_056_019.png,grotesco,grotesco_cod_056,3,train
data/processed/grotesco/cod_056/cod_056_010.png,grotesco,grotesco_cod_056,3,train
data/processed/grotesco/cod_056/cod_056_014.png,grotesco,grotesco_cod_056,3,train
data/processed/grotesco/cod_056/cod_056_002.png,grotesco,grotesco_cod_056,3,train
data/processed/grotesco/cod_056/cod_056_017.png,grotesco,grotesco_cod_056,3,train
data/processed/grotesco/cod_056/cod_056_012.png,grotesco,grotesco_cod_056,3,train
data/processed/grotesco/cod_056/cod_056_003.png,grotesco,grotesco_cod_056,3,train
data/processed/grotesco/cod_064/cod_064_008.png,grotesco,grotesco_cod_064,3,train
data/processed/grotesco/cod_064/cod_064_006.png,grotesco,grotesco_cod_064,3,train
data/processed/grotesco/cod_064/cod_064_012.png,grotesco,grotesco_cod_064,3,train
data/processed/grotesco/cod_064/cod_064_009.png,grotesco,grotesco_cod_064,3,train
data/processed/grotesco/cod_064/cod_064_011.png,grotesco,grotesco_cod_064,3,train
data/processed/grotesco/cod_064/cod_064_007.png,grotesco,grotesco_cod_064,3,train
data/processed/grotesco/cod_064/cod_064_010.png,grotesco,grotesco_cod_064,3,train
data/processed/grotesco/cod_064/cod_064_004.png,grotesco,grotesco_cod_064,3,train
data/processed/grotesco/cod_053/cod_053_003.png,grotesco,grotesco_cod_053,3,train
data/processed/grotesco/cod_053/cod_053_002.png,grotesco,grotesco_cod_053,3,train
data/processed/grotesco/cod_053/cod_053_007.png,grotesco,grotesco_cod_053,3,train
data/processed/grotesco/cod_053/cod_053_001.png,grotesco,grotesco_cod_053,3,train
data/processed/grotesco/cod_053/cod_053_008.png,grotesco,grotesco_cod_053,3,train
data/processed/grotesco/cod_053/cod_053_006.png,grotesco,grotesco_cod_053,3,train
data/processed/grotesco/cod_053/cod_053_005.png,grotesco,grotesco_cod_053,3,train
data/processed/grotesco/cod_055/cod_055_012.png,grotesco,grotesco_cod_055,3,train
data/processed/grotesco/cod_055/cod_055_000.png,grotesco,grotesco_cod_055,3,train
data/processed/grotesco/cod_055/cod_055_011.png,grotesco,grotesco_cod_055,3,train
data/processed/grotesco/cod_055/cod_055_001.png,grotesco,grotesco_cod_055,3,train
data/processed/grotesco/cod_055/cod_055_013.png,grotesco,grotesco_cod_055,3,train
data/processed/grotesco/cod_055/cod_055_004.png,grotesco,grotesco_cod_055,3,train
data/processed/grotesco/cod_055/cod_055_002.png,grotesco,grotesco_cod_055,3,train
data/processed/grotesco/cod_055/cod_055_009.png,grotesco,grotesco_cod_055,3,train
data/processed/grotesco/cod_055/cod_055_007.png,grotesco,grotesco_cod_055,3,train
data/processed/grotesco/cod_055/cod_055_005.png,grotesco,grotesco_cod_055,3,train
data/processed/grotesco/cod_055/cod_055_003.png,grotesco,grotesco_cod_055,3,train
data/processed/grotesco/cod_055/cod_055_006.png,grotesco,grotesco_cod_055,3,train
data/processed/grotesco/cod_055/cod_055_008.png,grotesco,grotesco_cod_055,3,train
data/processed/grotesco/cod_088/cod_088_004.png,grotesco,grotesco_cod_088,3,train
data/processed/grotesco/cod_088/cod_088_011.png,grotesco,grotesco_cod_088,3,train
data/processed/grotesco/cod_088/cod_088_006.png,grotesco,grotesco_cod_088,3,train
data/processed/grotesco/cod_088/cod_088_010.png,grotesco,grotesco_cod_088,3,train
data/processed/grotesco/cod_088/cod_088_005.png,grotesco,grotesco_cod_088,3,train
data/processed/grotesco/cod_088/cod_088_012.png,grotesco,grotesco_cod_088,3,train
data/processed/grotesco/cod_088/cod_088_000.png,grotesco,grotesco_cod_088,3,train
data/processed/grotesco/cod_088/cod_088_002.png,grotesco,grotesco_cod_088,3,train
data/processed/grotesco/cod_088/cod_088_008.png,grotesco,grotesco_cod_088,3,train
data/processed/grotesco/cod_088/cod_088_001.png,grotesco,grotesco_cod_088,3,train
data/processed/grotesco/cod_088/cod_088_007.png,grotesco,grotesco_cod_088,3,train
data/processed/grotesco/cod_088/cod_088_003.png,grotesco,grotesco_cod_088,3,train
data/processed/grotesco/cod_088/cod_088_009.png,grotesco,grotesco_cod_088,3,train
data/processed/grotesco/cod_093/cod_093_013.png,grotesco,grotesco_cod_093,3,train
data/processed/grotesco/cod_093/cod_093_009.png,grotesco,grotesco_cod_093,3,train
data/processed/grotesco/cod_093/cod_093_006.png,grotesco,grotesco_cod_093,3,train
data/processed/grotesco/cod_093/cod_093_015.png,grotesco,grotesco_cod_093,3,train
data/processed/grotesco/cod_093/cod_093_008.png,grotesco,grotesco_cod_093,3,train
data/processed/grotesco/cod_093/cod_093_000.png,grotesco,grotesco_cod_093,3,train
data/processed/grotesco/cod_093/cod_093_001.png,grotesco,grotesco_cod_093,3,train
data/processed/grotesco/cod_093/cod_093_004.png,grotesco,grotesco_cod_093,3,train
data/processed/grotesco/cod_093/cod_093_003.png,grotesco,grotesco_cod_093,3,train
data/processed/grotesco/cod_093/cod_093_007.png,grotesco,grotesco_cod_093,3,train
data/processed/grotesco/cod_093/cod_093_012.png,grotesco,grotesco_cod_093,3,train
data/processed/grotesco/cod_094/cod_094_008.png,grotesco,grotesco_cod_094,3,train
data/processed/grotesco/cod_094/cod_094_007.png,grotesco,grotesco_cod_094,3,train
data/processed/grotesco/cod_094/cod_094_001.png,grotesco,grotesco_cod_094,3,train
data/processed/grotesco/cod_094/cod_094_002.png,grotesco,grotesco_cod_094,3,train
data/processed/grotesco/cod_094/cod_094_004.png,grotesco,grotesco_cod_094,3,train
data/processed/grotesco/cod_094/cod_094_003.png,grotesco,grotesco_cod_094,3,train
data/processed/grotesco/cod_094/cod_094_006.png,grotesco,grotesco_cod_094,3,train
data/processed/grotesco/cod_097/cod_097_003.png,grotesco,grotesco_cod_097,3,train
data/processed/grotesco/cod_097/cod_097_007.png,grotesco,grotesco_cod_097,3,train
data/processed/grotesco/cod_097/cod_097_005.png,grotesco,grotesco_cod_097,3,train
data/processed/grotesco/cod_097/cod_097_001.png,grotesco,grotesco_cod_097,3,train
data/processed/grotesco/cod_097/cod_097_000.png,grotesco,grotesco_cod_097,3,train
data/processed/grotesco/cod_097/cod_097_010.png,grotesco,grotesco_cod_097,3,train
data/processed/grotesco/cod_097/cod_097_008.png,grotesco,grotesco_cod_097,3,train
data/processed/grotesco/cod_097/cod_097_009.png,grotesco,grotesco_cod_097,3,train
data/processed/grotesco/cod_096/cod_096_010.png,grotesco,grotesco_cod_096,3,train
data/processed/grotesco/cod_096/cod_096_007.png,grotesco,grotesco_cod_096,3,train
data/processed/grotesco/cod_096/cod_096_005.png,grotesco,grotesco_cod_096,3,train
data/processed/grotesco/cod_096/cod_096_003.png,grotesco,grotesco_cod_096,3,train
data/processed/grotesco/cod_096/cod_096_011.png,grotesco,grotesco_cod_096,3,train
data/processed/grotesco/cod_096/cod_096_004.png,grotesco,grotesco_cod_096,3,train
data/processed/grotesco/cod_096/cod_096_002.png,grotesco,grotesco_cod_096,3,train
data/processed/grotesco/cod_096/cod_096_012.png,grotesco,grotesco_cod_096,3,train
data/processed/grotesco/cod_096/cod_096_009.png,grotesco,grotesco_cod_096,3,train
data/processed/grotesco/cod_096/cod_096_006.png,grotesco,grotesco_cod_096,3,train
data/processed/grotesco/cod_096/cod_096_000.png,grotesco,grotesco_cod_096,3,train
data/processed/grotesco/cod_098/cod_098_003.png,grotesco,grotesco_cod_098,3,train
data/processed/grotesco/cod_098/cod_098_005.png,grotesco,grotesco_cod_098,3,train
data/processed/grotesco/cod_098/cod_098_001.png,grotesco,grotesco_cod_098,3,train
data/processed/grotesco/cod_098/cod_098_007.png,grotesco,grotesco_cod_098,3,train
data/processed/grotesco/cod_098/cod_098_012.png,grotesco,grotesco_cod_098,3,train
data/processed/grotesco/cod_098/cod_098_000.png,grotesco,grotesco_cod_098,3,train
data/processed/grotesco/cod_098/cod_098_006.png,grotesco,grotesco_cod_098,3,train
data/processed/grotesco/cod_098/cod_098_004.png,grotesco,grotesco_cod_098,3,train
data/processed/grotesco/cod_098/cod_098_002.png,grotesco,grotesco_cod_098,3,train
data/processed/grotesco/cod_098/cod_098_011.png,grotesco,grotesco_cod_098,3,train
data/processed/grotesco/cod_098/cod_098_008.png,grotesco,grotesco_cod_098,3,train
data/processed/grotesco/cod_098/cod_098_010.png,grotesco,grotesco_cod_098,3,train
data/processed/grotesco/cod_091/cod_091_005.png,grotesco,grotesco_cod_091,3,train
data/processed/grotesco/cod_091/cod_091_006.png,grotesco,grotesco_cod_091,3,train
data/processed/grotesco/cod_091/cod_091_003.png,grotesco,grotesco_cod_091,3,train
data/processed/grotesco/cod_091/cod_091_015.png,grotesco,grotesco_cod_091,3,train
data/processed/grotesco/cod_091/cod_091_001.png,grotesco,grotesco_cod_091,3,train
data/processed/grotesco/cod_091/cod_091_000.png,grotesco,grotesco_cod_091,3,train
data/processed/grotesco/cod_091/cod_091_008.png,grotesco,grotesco_cod_091,3,train
data/processed/grotesco/cod_091/cod_091_002.png,grotesco,grotesco_cod_091,3,train
data/processed/grotesco/cod_091/cod_091_007.png,grotesco,grotesco_cod_091,3,train
data/processed/grotesco/cod_091/cod_091_011.png,grotesco,grotesco_cod_091,3,train
data/processed/grotesco/cod_091/cod_091_004.png,grotesco,grotesco_cod_091,3,train
data/processed/grotesco/cod_091/cod_091_017.png,grotesco,grotesco_cod_091,3,train
data/processed/grotesco/cod_092/cod_092_008.png,grotesco,grotesco_cod_092,3,train
data/processed/grotesco/cod_092/cod_092_003.png,grotesco,grotesco_cod_092,3,train
data/processed/grotesco/cod_092/cod_092_011.png,grotesco,grotesco_cod_092,3,train
data/processed/grotesco/cod_092/cod_092_001.png,grotesco,grotesco_cod_092,3,train
data/processed/grotesco/cod_092/cod_092_009.png,grotesco,grotesco_cod_092,3,train
data/processed/grotesco/cod_092/cod_092_004.png,grotesco,grotesco_cod_092,3,train
data/processed/grotesco/cod_092/cod_092_000.png,grotesco,grotesco_cod_092,3,train
data/processed/grotesco/cod_092/cod_092_002.png,grotesco,grotesco_cod_092,3,train
data/processed/grotesco/cod_092/cod_092_007.png,grotesco,grotesco_cod_092,3,train
data/processed/grotesco/cod_092/cod_092_006.png,grotesco,grotesco_cod_092,3,train
data/processed/grotesco/cod_092/cod_092_010.png,grotesco,grotesco_cod_092,3,train
data/processed/grotesco/cod_103/cod_103_002.png,grotesco,grotesco_cod_103,3,train
data/processed/grotesco/cod_103/cod_103_006.png,grotesco,grotesco_cod_103,3,train
data/processed/grotesco/cod_103/cod_103_001.png,grotesco,grotesco_cod_103,3,train
data/processed/grotesco/cod_103/cod_103_012.png,grotesco,grotesco_cod_103,3,train
data/processed/grotesco/cod_103/cod_103_007.png,grotesco,grotesco_cod_103,3,train
data/processed/grotesco/cod_103/cod_103_003.png,grotesco,grotesco_cod_103,3,train
data/processed/grotesco/cod_103/cod_103_009.png,grotesco,grotesco_cod_103,3,train
data/processed/grotesco/cod_103/cod_103_010.png,grotesco,grotesco_cod_103,3,train
data/processed/grotesco/cod_103/cod_103_008.png,grotesco,grotesco_cod_103,3,train
data/processed/grotesco/cod_103/cod_103_011.png,grotesco,grotesco_cod_103,3,train
data/processed/grotesco/cod_103/cod_103_004.png,grotesco,grotesco_cod_103,3,train
data/processed/grotesco/cod_103/cod_103_005.png,grotesco,grotesco_cod_103,3,train
data/processed/grotesco/cod_103/cod_103_000.png,grotesco,grotesco_cod_103,3,train
data/processed/grotesco/cod_120/cod_120_000.png,grotesco,grotesco_cod_120,3,train
data/processed/grotesco/cod_120/cod_120_004.png,grotesco,grotesco_cod_120,3,train
data/processed/grotesco/cod_120/cod_120_002.png,grotesco,grotesco_cod_120,3,train
data/processed/grotesco/cod_120/cod_120_006.png,grotesco,grotesco_cod_120,3,train
data/processed/grotesco/cod_120/cod_120_001.png,grotesco,grotesco_cod_120,3,train
data/processed/grotesco/cod_120/cod_120_003.png,grotesco,grotesco_cod_120,3,train
data/processed/grotesco/cod_120/cod_120_005.png,grotesco,grotesco_cod_120,3,train
data/processed/grotesco/cod_120/cod_120_007.png,grotesco,grotesco_cod_120,3,train
data/processed/grotesco/cod_125/cod_125_007.png,grotesco,grotesco_cod_125,3,train
data/processed/grotesco/cod_125/cod_125_014.png,grotesco,grotesco_cod_125,3,train
data/processed/grotesco/cod_125/cod_125_009.png,grotesco,grotesco_cod_125,3,train
data/processed/grotesco/cod_125/cod_125_004.png,grotesco,grotesco_cod_125,3,train
data/processed/grotesco/cod_125/cod_125_012.png,grotesco,grotesco_cod_125,3,train
data/processed/grotesco/cod_125/cod_125_000.png,grotesco,grotesco_cod_125,3,train
data/processed/grotesco/cod_125/cod_125_002.png,grotesco,grotesco_cod_125,3,train
data/processed/grotesco/cod_125/cod_125_005.png,grotesco,grotesco_cod_125,3,train
data/processed/grotesco/cod_125/cod_125_015.png,grotesco,grotesco_cod_125,3,train
data/processed/grotesco/cod_125/cod_125_008.png,grotesco,grotesco_cod_125,3,train
data/processed/grotesco/cod_125/cod_125_003.png,grotesco,grotesco_cod_125,3,train
data/processed/grotesco/cod_125/cod_125_001.png,grotesco,grotesco_cod_125,3,train
data/processed/grotesco/cod_125/cod_125_016.png,grotesco,grotesco_cod_125,3,train
data/processed/grotesco/cod_142/cod_142_001.png,grotesco,grotesco_cod_142,3,train
data/processed/grotesco/cod_142/cod_142_003.png,grotesco,grotesco_cod_142,3,train
data/processed/grotesco/cod_116/cod_116_013.png,grotesco,grotesco_cod_116,3,train
data/processed/grotesco/cod_116/cod_116_012.png,grotesco,grotesco_cod_116,3,train
data/processed/grotesco/cod_116/cod_116_003.png,grotesco,grotesco_cod_116,3,train
data/processed/grotesco/cod_116/cod_116_001.png,grotesco,grotesco_cod_116,3,train
data/processed/grotesco/cod_116/cod_116_002.png,grotesco,grotesco_cod_116,3,train
data/processed/grotesco/cod_116/cod_116_011.png,grotesco,grotesco_cod_116,3,train
data/processed/grotesco/cod_116/cod_116_010.png,grotesco,grotesco_cod_116,3,train
data/processed/grotesco/cod_116/cod_116_007.png,grotesco,grotesco_cod_116,3,train
data/processed/grotesco/cod_116/cod_116_009.png,grotesco,grotesco_cod_116,3,train
data/processed/grotesco/cod_116/cod_116_006.png,grotesco,grotesco_cod_116,3,train
data/processed/grotesco/cod_116/cod_116_008.png,grotesco,grotesco_cod_116,3,train
data/processed/grotesco/cod_116/cod_116_005.png,grotesco,grotesco_cod_116,3,train
data/processed/grotesco/cod_134/cod_134_000.png,grotesco,grotesco_cod_134,3,train
data/processed/grotesco/cod_134/cod_134_006.png,grotesco,grotesco_cod_134,3,train
data/processed/grotesco/cod_134/cod_134_011.png,grotesco,grotesco_cod_134,3,train
data/processed/grotesco/cod_134/cod_134_005.png,grotesco,grotesco_cod_134,3,train
data/processed/grotesco/cod_134/cod_134_009.png,grotesco,grotesco_cod_134,3,train
data/processed/grotesco/cod_134/cod_134_013.png,grotesco,grotesco_cod_134,3,train
data/processed/grotesco/cod_134/cod_134_010.png,grotesco,grotesco_cod_134,3,train
data/processed/grotesco/cod_134/cod_134_007.png,grotesco,grotesco_cod_134,3,train
data/processed/grotesco/cod_134/cod_134_001.png,grotesco,grotesco_cod_134,3,train
data/processed/grotesco/cod_134/cod_134_014.png,grotesco,grotesco_cod_134,3,train
data/processed/grotesco/cod_134/cod_134_004.png,grotesco,grotesco_cod_134,3,train
data/processed/grotesco/cod_134/cod_134_003.png,grotesco,grotesco_cod_134,3,train
data/processed/grotesco/cod_134/cod_134_012.png,grotesco,grotesco_cod_134,3,train
data/processed/grotesco/cod_146/cod_146_004.png,grotesco,grotesco_cod_146,3,train
data/processed/grotesco/cod_146/cod_146_001.png,grotesco,grotesco_cod_146,3,train
data/processed/grotesco/cod_146/cod_146_002.png,grotesco,grotesco_cod_146,3,train
data/processed/grotesco/cod_146/cod_146_009.png,grotesco,grotesco_cod_146,3,train
data/processed/grotesco/cod_146/cod_146_008.png,grotesco,grotesco_cod_146,3,train
data/processed/grotesco/cod_146/cod_146_010.png,grotesco,grotesco_cod_146,3,train
data/processed/grotesco/cod_146/cod_146_000.png,grotesco,grotesco_cod_146,3,train
data/processed/grotesco/cod_146/cod_146_007.png,grotesco,grotesco_cod_146,3,train
data/processed/grotesco/cod_148/cod_148_004.png,grotesco,grotesco_cod_148,3,train
data/processed/grotesco/cod_148/cod_148_003.png,grotesco,grotesco_cod_148,3,train
data/processed/grotesco/cod_148/cod_148_006.png,grotesco,grotesco_cod_148,3,train
data/processed/grotesco/cod_155/cod_155_001.png,grotesco,grotesco_cod_155,3,train
data/processed/grotesco/cod_155/cod_155_004.png,grotesco,grotesco_cod_155,3,train
data/processed/grotesco/cod_155/cod_155_007.png,grotesco,grotesco_cod_155,3,train
data/processed/grotesco/cod_155/cod_155_006.png,grotesco,grotesco_cod_155,3,train
data/processed/grotesco/cod_155/cod_155_005.png,grotesco,grotesco_cod_155,3,train
data/processed/grotesco/cod_155/cod_155_009.png,grotesco,grotesco_cod_155,3,train
data/processed/grotesco/cod_155/cod_155_000.png,grotesco,grotesco_cod_155,3,train
data/processed/grotesco/cod_156/cod_156_004.png,grotesco,grotesco_cod_156,3,train
data/processed/grotesco/cod_156/cod_156_011.png,grotesco,grotesco_cod_156,3,train
data/processed/grotesco/cod_156/cod_156_012.png,grotesco,grotesco_cod_156,3,train
data/processed/grotesco/cod_156/cod_156_001.png,grotesco,grotesco_cod_156,3,train
data/processed/grotesco/cod_156/cod_156_008.png,grotesco,grotesco_cod_156,3,train
data/processed/grotesco/cod_156/cod_156_013.png,grotesco,grotesco_cod_156,3,train
data/processed/grotesco/cod_156/cod_156_006.png,grotesco,grotesco_cod_156,3,train
data/processed/grotesco/cod_156/cod_156_009.png,grotesco,grotesco_cod_156,3,train
data/processed/grotesco/cod_156/cod_156_007.png,grotesco,grotesco_cod_156,3,train
data/processed/grotesco/cod_156/cod_156_002.png,grotesco,grotesco_cod_156,3,train
data/processed/grotesco/cod_156/cod_156_000.png,grotesco,grotesco_cod_156,3,train
data/processed/grotesco/cod_156/cod_156_003.png,grotesco,grotesco_cod_156,3,train
data/processed/grotesco/cod_156/cod_156_005.png,grotesco,grotesco_cod_156,3,train
data/processed/grotesco/cod_150/cod_150_002.png,grotesco,grotesco_cod_150,3,train
data/processed/grotesco/cod_150/cod_150_005.png,grotesco,grotesco_cod_150,3,train
data/processed/grotesco/cod_150/cod_150_006.png,grotesco,grotesco_cod_150,3,train
data/processed/grotesco/cod_150/cod_150_003.png,grotesco,grotesco_cod_150,3,train
data/processed/grotesco/cod_150/cod_150_004.png,grotesco,grotesco_cod_150,3,train
data/processed/grotesco/cod_150/cod_150_008.png,grotesco,grotesco_cod_150,3,train
data/processed/fantasia/cod_015/cod_015_000.png,fantasia,fantasia_cod_015,3,train
data/processed/fantasia/cod_015/cod_015_003.png,fantasia,fantasia_cod_015,3,train
data/processed/fantasia/cod_015/cod_015_005.png,fantasia,fantasia_cod_015,3,train
data/processed/fantasia/cod_015/cod_015_008.png,fantasia,fantasia_cod_015,3,train
data/processed/fantasia/cod_015/cod_015_002.png,fantasia,fantasia_cod_015,3,train
data/processed/fantasia/cod_015/cod_015_001.png,fantasia,fantasia_cod_015,3,train
data/processed/fantasia/cod_015/cod_015_011.png,fantasia,fantasia_cod_015,3,train
data/processed/fantasia/cod_015/cod_015_010.png,fantasia,fantasia_cod_015,3,train
data/processed/fantasia/cod_015/cod_015_009.png,fantasia,fantasia_cod_015,3,train
data/processed/fantasia/cod_015/cod_015_006.png,fantasia,fantasia_cod_015,3,train
data/processed/fantasia/cod_015/cod_015_004.png,fantasia,fantasia_cod_015,3,train
data/processed/fantasia/cod_030/cod_030_012.png,fantasia,fantasia_cod_030,3,train
data/processed/fantasia/cod_030/cod_030_008.png,fantasia,fantasia_cod_030,3,train
data/processed/fantasia/cod_030/cod_030_009.png,fantasia,fantasia_cod_030,3,train
data/processed/fantasia/cod_030/cod_030_010.png,fantasia,fantasia_cod_030,3,train
data/processed/fantasia/cod_030/cod_030_017.png,fantasia,fantasia_cod_030,3,train
data/processed/fantasia/cod_030/cod_030_016.png,fantasia,fantasia_cod_030,3,train
data/processed/fantasia/cod_030/cod_030_007.png,fantasia,fantasia_cod_030,3,train
data/processed/fantasia/cod_030/cod_030_015.png,fantasia,fantasia_cod_030,3,train
data/processed/fantasia/cod_030/cod_030_011.png,fantasia,fantasia_cod_030,3,train
data/processed/fantasia/cod_030/cod_030_003.png,fantasia,fantasia_cod_030,3,train
data/processed/fantasia/cod_030/cod_030_002.png,fantasia,fantasia_cod_030,3,train
data/processed/fantasia/cod_108/cod_108_018.png,fantasia,fantasia_cod_108,3,train
data/processed/fantasia/cod_108/cod_108_002.png,fantasia,fantasia_cod_108,3,train
data/processed/fantasia/cod_108/cod_108_004.png,fantasia,fantasia_cod_108,3,train
data/processed/fantasia/cod_108/cod_108_019.png,fantasia,fantasia_cod_108,3,train
data/processed/fantasia/cod_108/cod_108_009.png,fantasia,fantasia_cod_108,3,train
data/processed/fantasia/cod_108/cod_108_001.png,fantasia,fantasia_cod_108,3,train
data/processed/fantasia/cod_108/cod_108_017.png,fantasia,fantasia_cod_108,3,train
data/processed/fantasia/cod_108/cod_108_005.png,fantasia,fantasia_cod_108,3,train
data/processed/fantasia/cod_108/cod_108_000.png,fantasia,fantasia_cod_108,3,train
data/processed/fantasia/cod_108/cod_108_003.png,fantasia,fantasia_cod_108,3,train
data/processed/fantasia/cod_105/cod_105_010.png,fantasia,fantasia_cod_105,3,train
data/processed/fantasia/cod_105/cod_105_000.png,fantasia,fantasia_cod_105,3,train
data/processed/fantasia/cod_105/cod_105_102.png,fantasia,fantasia_cod_105,3,train
data/processed/fantasia/cod_105/cod_105_114.png,fantasia,fantasia_cod_105,3,train
data/processed/fantasia/cod_105/cod_105_023.png,fantasia,fantasia_cod_105,3,train
data/processed/fantasia/cod_105/cod_105_003.png,fantasia,fantasia_cod_105,3,train
data/processed/fantasia/cod_105/cod_105_001.png,fantasia,fantasia_cod_105,3,train
data/processed/fantasia/cod_105/cod_105_024.png,fantasia,fantasia_cod_105,3,train
data/processed/serifado/cod_009/cod_009_133.png,serifado,serifado_cod_009,3,train
data/processed/serifado/cod_009/cod_009_000.png,serifado,serifado_cod_009,3,train
data/processed/serifado/cod_009/cod_009_186.png,serifado,serifado_cod_009,3,train
data/processed/serifado/cod_009/cod_009_136.png,serifado,serifado_cod_009,3,train
data/processed/serifado/cod_010/cod_010_005.png,serifado,serifado_cod_010,3,train
data/processed/serifado/cod_010/cod_010_003.png,serifado,serifado_cod_010,3,train
data/processed/serifado/cod_010/cod_010_002.png,serifado,serifado_cod_010,3,train
data/processed/serifado/cod_010/cod_010_001.png,serifado,serifado_cod_010,3,train
data/processed/serifado/cod_010/cod_010_000.png,serifado,serifado_cod_010,3,train
data/processed/serifado/cod_010/cod_010_014.png,serifado,serifado_cod_010,3,train
data/processed/serifado/cod_010/cod_010_015.png,serifado,serifado_cod_010,3,train
data/processed/serifado/cod_010/cod_010_009.png,serifado,serifado_cod_010,3,train
data/processed/serifado/cod_010/cod_010_016.png,serifado,serifado_cod_010,3,train
data/processed/serifado/cod_010/cod_010_008.png,serifado,serifado_cod_010,3,train
data/processed/serifado/cod_010/cod_010_007.png,serifado,serifado_cod_010,3,train
data/processed/serifado/cod_023/cod_023_002.png,serifado,serifado_cod_023,3,train
data/processed/serifado/cod_023/cod_023_033.png,serifado,serifado_cod_023,3,train
data/processed/serifado/cod_023/cod_023_001.png,serifado,serifado_cod_023,3,train
data/processed/serifado/cod_023/cod_023_013.png,serifado,serifado_cod_023,3,train
data/processed/serifado/cod_023/cod_023_032.png,serifado,serifado_cod_023,3,train
data/processed/serifado/cod_023/cod_023_012.png,serifado,serifado_cod_023,3,train
data/processed/serifado/cod_023/cod_023_003.png,serifado,serifado_cod_023,3,train
data/processed/serifado/cod_023/cod_023_031.png,serifado,serifado_cod_023,3,train
data/processed/serifado/cod_025/cod_025_018.png,serifado,serifado_cod_025,3,train
data/processed/serifado/cod_025/cod_025_014.png,serifado,serifado_cod_025,3,train
data/processed/serifado/cod_025/cod_025_086.png,serifado,serifado_cod_025,3,train
data/processed/serifado/cod_028/cod_028_000.png,serifado,serifado_cod_028,3,train
data/processed/serifado/cod_028/cod_028_004.png,serifado,serifado_cod_028,3,train
data/processed/serifado/cod_028/cod_028_013.png,serifado,serifado_cod_028,3,train
data/processed/serifado/cod_028/cod_028_017.png,serifado,serifado_cod_028,3,train
data/processed/serifado/cod_028/cod_028_014.png,serifado,serifado_cod_028,3,train
data/processed/serifado/cod_028/cod_028_005.png,serifado,serifado_cod_028,3,train
data/processed/serifado/cod_028/cod_028_018.png,serifado,serifado_cod_028,3,train
data/processed/serifado/cod_028/cod_028_012.png,serifado,serifado_cod_028,3,train
data/processed/serifado/cod_028/cod_028_020.png,serifado,serifado_cod_028,3,train
data/processed/serifado/cod_029/cod_029_002.png,serifado,serifado_cod_029,3,train
data/processed/serifado/cod_029/cod_029_006.png,serifado,serifado_cod_029,3,train
data/processed/serifado/cod_029/cod_029_001.png,serifado,serifado_cod_029,3,train
data/processed/serifado/cod_029/cod_029_005.png,serifado,serifado_cod_029,3,train
data/processed/serifado/cod_029/cod_029_000.png,serifado,serifado_cod_029,3,train
data/processed/serifado/cod_045/cod_045_005.png,serifado,serifado_cod_045,3,train
data/processed/serifado/cod_045/cod_045_004.png,serifado,serifado_cod_045,3,train
data/processed/serifado/cod_045/cod_045_003.png,serifado,serifado_cod_045,3,train
data/processed/serifado/cod_045/cod_045_000.png,serifado,serifado_cod_045,3,train
data/processed/serifado/cod_045/cod_045_010.png,serifado,serifado_cod_045,3,train
data/processed/serifado/cod_045/cod_045_009.png,serifado,serifado_cod_045,3,train
data/processed/serifado/cod_045/cod_045_011.png,serifado,serifado_cod_045,3,train
data/processed/serifado/cod_045/cod_045_006.png,serifado,serifado_cod_045,3,train
data/processed/serifado/cod_045/cod_045_008.png,serifado,serifado_cod_045,3,train
data/processed/serifado/cod_045/cod_045_001.png,serifado,serifado_cod_045,3,train
data/processed/serifado/cod_045/cod_045_002.png,serifado,serifado_cod_045,3,train
data/processed/serifado/cod_054/cod_054_003.png,serifado,serifado_cod_054,3,train
data/processed/serifado/cod_054/cod_054_004.png,serifado,serifado_cod_054,3,train
data/processed/serifado/cod_054/cod_054_000.png,serifado,serifado_cod_054,3,train
data/processed/serifado/cod_054/cod_054_002.png,serifado,serifado_cod_054,3,train
data/processed/serifado/cod_054/cod_054_005.png,serifado,serifado_cod_054,3,train
data/processed/serifado/cod_086/cod_086_001.png,serifado,serifado_cod_086,3,train
data/processed/serifado/cod_086/cod_086_006.png,serifado,serifado_cod_086,3,train
data/processed/serifado/cod_086/cod_086_005.png,serifado,serifado_cod_086,3,train
data/processed/serifado/cod_086/cod_086_008.png,serifado,serifado_cod_086,3,train
data/processed/serifado/cod_086/cod_086_010.png,serifado,serifado_cod_086,3,train
data/processed/serifado/cod_086/cod_086_004.png,serifado,serifado_cod_086,3,train
data/processed/serifado/cod_086/cod_086_003.png,serifado,serifado_cod_086,3,train
data/processed/serifado/cod_086/cod_086_009.png,serifado,serifado_cod_086,3,train
data/processed/serifado/cod_086/cod_086_002.png,serifado,serifado_cod_086,3,train
data/processed/serifado/cod_086/cod_086_000.png,serifado,serifado_cod_086,3,train
data/processed/serifado/cod_058/cod_058_029.png,serifado,serifado_cod_058,3,train
data/processed/serifado/cod_058/cod_058_040.png,serifado,serifado_cod_058,3,train
data/processed/serifado/cod_058/cod_058_022.png,serifado,serifado_cod_058,3,train
data/processed/serifado/cod_058/cod_058_035.png,serifado,serifado_cod_058,3,train
data/processed/serifado/cod_058/cod_058_041.png,serifado,serifado_cod_058,3,train
data/processed/serifado/cod_058/cod_058_039.png,serifado,serifado_cod_058,3,train
data/processed/serifado/cod_058/cod_058_021.png,serifado,serifado_cod_058,3,train
data/processed/serifado/cod_058/cod_058_023.png,serifado,serifado_cod_058,3,train
data/processed/serifado/cod_087/cod_087_000.png,serifado,serifado_cod_087,3,train
data/processed/serifado/cod_087/cod_087_005.png,serifado,serifado_cod_087,3,train
data/processed/serifado/cod_087/cod_087_003.png,serifado,serifado_cod_087,3,train
data/processed/serifado/cod_087/cod_087_015.png,serifado,serifado_cod_087,3,train
data/processed/serifado/cod_087/cod_087_002.png,serifado,serifado_cod_087,3,train
data/processed/serifado/cod_087/cod_087_009.png,serifado,serifado_cod_087,3,train
data/processed/serifado/cod_087/cod_087_004.png,serifado,serifado_cod_087,3,train
data/processed/serifado/cod_087/cod_087_001.png,serifado,serifado_cod_087,3,train
data/processed/serifado/cod_087/cod_087_013.png,serifado,serifado_cod_087,3,train
data/processed/serifado/cod_087/cod_087_014.png,serifado,serifado_cod_087,3,train
data/processed/serifado/cod_087/cod_087_007.png,serifado,serifado_cod_087,3,train
data/processed/serifado/cod_106/cod_106_002.png,serifado,serifado_cod_106,3,train
data/processed/serifado/cod_106/cod_106_003.png,serifado,serifado_cod_106,3,train
data/processed/serifado/cod_106/cod_106_015.png,serifado,serifado_cod_106,3,train
data/processed/serifado/cod_106/cod_106_001.png,serifado,serifado_cod_106,3,train
data/processed/serifado/cod_106/cod_106_000.png,serifado,serifado_cod_106,3,train
data/processed/serifado/cod_106/cod_106_005.png,serifado,serifado_cod_106,3,train
data/processed/serifado/cod_090/cod_090_005.png,serifado,serifado_cod_090,3,train
data/processed/serifado/cod_090/cod_090_002.png,serifado,serifado_cod_090,3,train
data/processed/serifado/cod_090/cod_090_003.png,serifado,serifado_cod_090,3,train
data/processed/serifado/cod_090/cod_090_001.png,serifado,serifado_cod_090,3,train
data/processed/serifado/cod_090/cod_090_015.png,serifado,serifado_cod_090,3,train
data/processed/serifado/cod_090/cod_090_000.png,serifado,serifado_cod_090,3,train
data/processed/serifado/cod_095/cod_095_017.png,serifado,serifado_cod_095,3,train
data/processed/serifado/cod_095/cod_095_016.png,serifado,serifado_cod_095,3,train
data/processed/serifado/cod_095/cod_095_003.png,serifado,serifado_cod_095,3,train
data/processed/serifado/cod_095/cod_095_001.png,serifado,serifado_cod_095,3,train
data/processed/serifado/cod_095/cod_095_010.png,serifado,serifado_cod_095,3,train
data/processed/serifado/cod_095/cod_095_019.png,serifado,serifado_cod_095,3,train
data/processed/serifado/cod_095/cod_095_006.png,serifado,serifado_cod_095,3,train
data/processed/serifado/cod_095/cod_095_005.png,serifado,serifado_cod_095,3,train
data/processed/serifado/cod_095/cod_095_008.png,serifado,serifado_cod_095,3,train
data/processed/serifado/cod_095/cod_095_000.png,serifado,serifado_cod_095,3,train
data/processed/serifado/cod_119/cod_119_001.png,serifado,serifado_cod_119,3,train
data/processed/serifado/cod_119/cod_119_011.png,serifado,serifado_cod_119,3,train
data/processed/serifado/cod_119/cod_119_005.png,serifado,serifado_cod_119,3,train
data/processed/serifado/cod_119/cod_119_010.png,serifado,serifado_cod_119,3,train
data/processed/serifado/cod_119/cod_119_007.png,serifado,serifado_cod_119,3,train
data/processed/serifado/cod_119/cod_119_015.png,serifado,serifado_cod_119,3,train
data/processed/serifado/cod_119/cod_119_008.png,serifado,serifado_cod_119,3,train
data/processed/serifado/cod_118/cod_118_004.png,serifado,serifado_cod_118,3,train
data/processed/serifado/cod_118/cod_118_008.png,serifado,serifado_cod_118,3,train
data/processed/serifado/cod_118/cod_118_000.png,serifado,serifado_cod_118,3,train
data/processed/serifado/cod_118/cod_118_005.png,serifado,serifado_cod_118,3,train
data/processed/serifado/cod_118/cod_118_007.png,serifado,serifado_cod_118,3,train
data/processed/serifado/cod_118/cod_118_002.png,serifado,serifado_cod_118,3,train
data/processed/serifado/cod_118/cod_118_010.png,serifado,serifado_cod_118,3,train
data/processed/serifado/cod_118/cod_118_003.png,serifado,serifado_cod_118,3,train
data/processed/serifado/cod_118/cod_118_001.png,serifado,serifado_cod_118,3,train
data/processed/serifado/cod_118/cod_118_006.png,serifado,serifado_cod_118,3,train
data/processed/serifado/cod_114/cod_114_011.png,serifado,serifado_cod_114,3,train
data/processed/serifado/cod_114/cod_114_000.png,serifado,serifado_cod_114,3,train
data/processed/serifado/cod_114/cod_114_001.png,serifado,serifado_cod_114,3,train
data/processed/serifado/cod_114/cod_114_006.png,serifado,serifado_cod_114,3,train
data/processed/serifado/cod_114/cod_114_004.png,serifado,serifado_cod_114,3,train
data/processed/serifado/cod_114/cod_114_009.png,serifado,serifado_cod_114,3,train
data/processed/serifado/cod_114/cod_114_010.png,serifado,serifado_cod_114,3,train
data/processed/serifado/cod_114/cod_114_002.png,serifado,serifado_cod_114,3,train
data/processed/serifado/cod_114/cod_114_012.png,serifado,serifado_cod_114,3,train
data/processed/serifado/cod_114/cod_114_003.png,serifado,serifado_cod_114,3,train
data/processed/serifado/cod_114/cod_114_007.png,serifado,serifado_cod_114,3,train
data/processed/serifado/cod_114/cod_114_005.png,serifado,serifado_cod_114,3,train
data/processed/serifado/cod_114/cod_114_008.png,serifado,serifado_cod_114,3,train
data/processed/serifado/cod_123/cod_123_006.png,serifado,serifado_cod_123,3,train
data/processed/serifado/cod_123/cod_123_007.png,serifado,serifado_cod_123,3,train
data/processed/serifado/cod_123/cod_123_009.png,serifado,serifado_cod_123,3,train
data/processed/serifado/cod_123/cod_123_004.png,serifado,serifado_cod_123,3,train
data/processed/serifado/cod_123/cod_123_005.png,serifado,serifado_cod_123,3,train
data/processed/serifado/cod_123/cod_123_010.png,serifado,serifado_cod_123,3,train
data/processed/serifado/cod_123/cod_123_008.png,serifado,serifado_cod_123,3,train
data/processed/serifado/cod_123/cod_123_000.png,serifado,serifado_cod_123,3,train
data/processed/serifado/cod_128/cod_128_008.png,serifado,serifado_cod_128,3,train
data/processed/serifado/cod_128/cod_128_009.png,serifado,serifado_cod_128,3,train
data/processed/serifado/cod_128/cod_128_005.png,serifado,serifado_cod_128,3,train
data/processed/serifado/cod_128/cod_128_001.png,serifado,serifado_cod_128,3,train
data/processed/serifado/cod_128/cod_128_004.png,serifado,serifado_cod_128,3,train
data/processed/serifado/cod_128/cod_128_003.png,serifado,serifado_cod_128,3,train
data/processed/serifado/cod_128/cod_128_002.png,serifado,serifado_cod_128,3,train
data/processed/serifado/cod_128/cod_128_006.png,serifado,serifado_cod_128,3,train
data/processed/serifado/cod_128/cod_128_000.png,serifado,serifado_cod_128,3,train
data/processed/serifado/cod_128/cod_128_007.png,serifado,serifado_cod_128,3,train
data/processed/serifado/cod_130/cod_130_004.png,serifado,serifado_cod_130,3,train
data/processed/serifado/cod_130/cod_130_001.png,serifado,serifado_cod_130,3,train
data/processed/serifado/cod_130/cod_130_011.png,serifado,serifado_cod_130,3,train
data/processed/serifado/cod_130/cod_130_005.png,serifado,serifado_cod_130,3,train
data/processed/serifado/cod_130/cod_130_009.png,serifado,serifado_cod_130,3,train
data/processed/serifado/cod_130/cod_130_000.png,serifado,serifado_cod_130,3,train
data/processed/serifado/cod_130/cod_130_002.png,serifado,serifado_cod_130,3,train
data/processed/serifado/cod_130/cod_130_008.png,serifado,serifado_cod_130,3,train
data/processed/serifado/cod_130/cod_130_007.png,serifado,serifado_cod_130,3,train
data/processed/serifado/cod_130/cod_130_003.png,serifado,serifado_cod_130,3,train
data/processed/serifado/cod_130/cod_130_006.png,serifado,serifado_cod_130,3,train
data/processed/serifado/cod_147/cod_147_004.png,serifado,serifado_cod_147,3,train
data/processed/serifado/cod_157/cod_157_002.png,serifado,serifado_cod_157,3,train
data/processed/serifado/cod_157/cod_157_000.png,serifado,serifado_cod_157,3,train
data/processed/serifado/cod_157/cod_157_005.png,serifado,serifado_cod_157,3,train
data/processed/serifado/cod_157/cod_157_007.png,serifado,serifado_cod_157,3,train
data/processed/serifado/cod_157/cod_157_004.png,serifado,serifado_cod_157,3,train
data/processed/serifado/cod_157/cod_157_006.png,serifado,serifado_cod_157,3,train
data/processed/serifado/cod_157/cod_157_008.png,serifado,serifado_cod_157,3,train
data/processed/serifado/cod_157/cod_157_001.png,serifado,serifado_cod_157,3,train
data/processed/serifado/cod_157/cod_157_003.png,serifado,serifado_cod_157,3,train
data/processed/serifado/cod_158/cod_158_003.png,serifado,serifado_cod_158,3,train
data/processed/escritural/cod_006/cod_006_049.png,escritural,escritural_cod_006,3,val
data/processed/escritural/cod_006/cod_006_045.png,escritural,escritural_cod_006,3,val
data/processed/escritural/cod_006/cod_006_000.png,escritural,escritural_cod_006,3,val
data/processed/escritural/cod_006/cod_006_004.png,escritural,escritural_cod_006,3,val
data/processed/escritural/cod_006/cod_006_048.png,escritural,escritural_cod_006,3,val
data/processed/escritural/cod_006/cod_006_052.png,escritural,escritural_cod_006,3,val
data/processed/escritural/cod_006/cod_006_051.png,escritural,escritural_cod_006,3,val
data/processed/escritural/cod_006/cod_006_020.png,escritural,escritural_cod_006,3,val
data/processed/escritural/cod_006/cod_006_021.png,escritural,escritural_cod_006,3,val
data/processed/escritural/cod_006/cod_006_003.png,escritural,escritural_cod_006,3,val
data/processed/escritural/cod_006/cod_006_046.png,escritural,escritural_cod_006,3,val
data/processed/escritural/cod_066/cod_066_004.png,escritural,escritural_cod_066,3,val
data/processed/escritural/cod_066/cod_066_006.png,escritural,escritural_cod_066,3,val
data/processed/escritural/cod_066/cod_066_011.png,escritural,escritural_cod_066,3,val
data/processed/escritural/cod_066/cod_066_013.png,escritural,escritural_cod_066,3,val
data/processed/escritural/cod_066/cod_066_017.png,escritural,escritural_cod_066,3,val
data/processed/escritural/cod_066/cod_066_015.png,escritural,escritural_cod_066,3,val
data/processed/escritural/cod_066/cod_066_005.png,escritural,escritural_cod_066,3,val
data/processed/escritural/cod_066/cod_066_018.png,escritural,escritural_cod_066,3,val
data/processed/escritural/cod_066/cod_066_002.png,escritural,escritural_cod_066,3,val
data/processed/escritural/cod_066/cod_066_012.png,escritural,escritural_cod_066,3,val
data/processed/escritural/cod_066/cod_066_014.png,escritural,escritural_cod_066,3,val
data/processed/escritural/cod_067/cod_067_009.png,escritural,escritural_cod_067,3,val
data/processed/escritural/cod_067/cod_067_017.png,escritural,escritural_cod_067,3,val
data/processed/escritural/cod_067/cod_067_002.png,escritural,escritural_cod_067,3,val
data/processed/escritural/cod_067/cod_067_007.png,escritural,escritural_cod_067,3,val
data/processed/escritural/cod_067/cod_067_021.png,escritural,escritural_cod_067,3,val
data/processed/escritural/cod_067/cod_067_018.png,escritural,escritural_cod_067,3,val
data/processed/escritural/cod_067/cod_067_020.png,escritural,escritural_cod_067,3,val
data/processed/escritural/cod_067/cod_067_015.png,escritural,escritural_cod_067,3,val
data/processed/escritural/cod_067/cod_067_001.png,escritural,escritural_cod_067,3,val
data/processed/escritural/cod_067/cod_067_008.png,escritural,escritural_cod_067,3,val
data/processed/escritural/cod_067/cod_067_000.png,escritural,escritural_cod_067,3,val
data/processed/escritural/cod_067/cod_067_016.png,escritural,escritural_cod_067,3,val
data/processed/escritural/cod_110/cod_110_008.png,escritural,escritural_cod_110,3,val
data/processed/escritural/cod_110/cod_110_004.png,escritural,escritural_cod_110,3,val
data/processed/escritural/cod_110/cod_110_003.png,escritural,escritural_cod_110,3,val
data/processed/escritural/cod_110/cod_110_010.png,escritural,escritural_cod_110,3,val
data/processed/escritural/cod_110/cod_110_002.png,escritural,escritural_cod_110,3,val
data/processed/escritural/cod_110/cod_110_000.png,escritural,escritural_cod_110,3,val
data/processed/escritural/cod_110/cod_110_001.png,escritural,escritural_cod_110,3,val
data/processed/escritural/cod_110/cod_110_009.png,escritural,escritural_cod_110,3,val
data/processed/escritural/cod_110/cod_110_006.png,escritural,escritural_cod_110,3,val
data/processed/escritural/cod_110/cod_110_007.png,escritural,escritural_cod_110,3,val
data/processed/escritural/cod_110/cod_110_005.png,escritural,escritural_cod_110,3,val
data/processed/escritural/cod_127/cod_127_002.png,escritural,escritural_cod_127,3,val
data/processed/escritural/cod_127/cod_127_004.png,escritural,escritural_cod_127,3,val
data/processed/escritural/cod_127/cod_127_000.png,escritural,escritural_cod_127,3,val
data/processed/escritural/cod_127/cod_127_003.png,escritural,escritural_cod_127,3,val
data/processed/escritural/cod_127/cod_127_006.png,escritural,escritural_cod_127,3,val
data/processed/escritural/cod_160/cod_160_010.png,escritural,escritural_cod_160,3,val
data/processed/escritural/cod_160/cod_160_004.png,escritural,escritural_cod_160,3,val
data/processed/escritural/cod_160/cod_160_011.png,escritural,escritural_cod_160,3,val
data/processed/escritural/cod_160/cod_160_005.png,escritural,escritural_cod_160,3,val
data/processed/escritural/cod_160/cod_160_001.png,escritural,escritural_cod_160,3,val
data/processed/escritural/cod_160/cod_160_012.png,escritural,escritural_cod_160,3,val
data/processed/escritural/cod_160/cod_160_007.png,escritural,escritural_cod_160,3,val
data/processed/grotesco/cod_004/cod_004_002.png,grotesco,grotesco_cod_004,3,val
data/processed/grotesco/cod_004/cod_004_000.png,grotesco,grotesco_cod_004,3,val
data/processed/grotesco/cod_004/cod_004_006.png,grotesco,grotesco_cod_004,3,val
data/processed/grotesco/cod_004/cod_004_004.png,grotesco,grotesco_cod_004,3,val
data/processed/grotesco/cod_004/cod_004_010.png,grotesco,grotesco_cod_004,3,val
data/processed/grotesco/cod_004/cod_004_008.png,grotesco,grotesco_cod_004,3,val
data/processed/grotesco/cod_004/cod_004_013.png,grotesco,grotesco_cod_004,3,val
data/processed/grotesco/cod_004/cod_004_011.png,grotesco,grotesco_cod_004,3,val
data/processed/grotesco/cod_004/cod_004_001.png,grotesco,grotesco_cod_004,3,val
data/processed/grotesco/cod_004/cod_004_003.png,grotesco,grotesco_cod_004,3,val
data/processed/grotesco/cod_004/cod_004_005.png,grotesco,grotesco_cod_004,3,val
data/processed/grotesco/cod_004/cod_004_012.png,grotesco,grotesco_cod_004,3,val
data/processed/grotesco/cod_004/cod_004_007.png,grotesco,grotesco_cod_004,3,val
data/processed/grotesco/cod_003/cod_003_000.png,grotesco,grotesco_cod_003,3,val
data/processed/grotesco/cod_003/cod_003_001.png,grotesco,grotesco_cod_003,3,val
data/processed/grotesco/cod_003/cod_003_007.png,grotesco,grotesco_cod_003,3,val
data/processed/grotesco/cod_003/cod_003_008.png,grotesco,grotesco_cod_003,3,val
data/processed/grotesco/cod_003/cod_003_006.png,grotesco,grotesco_cod_003,3,val
data/processed/grotesco/cod_003/cod_003_012.png,grotesco,grotesco_cod_003,3,val
data/processed/grotesco/cod_003/cod_003_011.png,grotesco,grotesco_cod_003,3,val
data/processed/grotesco/cod_003/cod_003_003.png,grotesco,grotesco_cod_003,3,val
data/processed/grotesco/cod_003/cod_003_002.png,grotesco,grotesco_cod_003,3,val
data/processed/grotesco/cod_003/cod_003_004.png,grotesco,grotesco_cod_003,3,val
data/processed/grotesco/cod_003/cod_003_010.png,grotesco,grotesco_cod_003,3,val
data/processed/grotesco/cod_003/cod_003_005.png,grotesco,grotesco_cod_003,3,val
data/processed/grotesco/cod_003/cod_003_009.png,grotesco,grotesco_cod_003,3,val
data/processed/grotesco/cod_031/cod_031_013.png,grotesco,grotesco_cod_031,3,val
data/processed/grotesco/cod_031/cod_031_011.png,grotesco,grotesco_cod_031,3,val
data/processed/grotesco/cod_031/cod_031_009.png,grotesco,grotesco_cod_031,3,val
data/processed/grotesco/cod_031/cod_031_012.png,grotesco,grotesco_cod_031,3,val
data/processed/grotesco/cod_031/cod_031_002.png,grotesco,grotesco_cod_031,3,val
data/processed/grotesco/cod_031/cod_031_008.png,grotesco,grotesco_cod_031,3,val
data/processed/grotesco/cod_031/cod_031_003.png,grotesco,grotesco_cod_031,3,val
data/processed/grotesco/cod_031/cod_031_005.png,grotesco,grotesco_cod_031,3,val
data/processed/grotesco/cod_031/cod_031_006.png,grotesco,grotesco_cod_031,3,val
data/processed/grotesco/cod_031/cod_031_004.png,grotesco,grotesco_cod_031,3,val
data/processed/grotesco/cod_031/cod_031_001.png,grotesco,grotesco_cod_031,3,val
data/processed/grotesco/cod_031/cod_031_000.png,grotesco,grotesco_cod_031,3,val
data/processed/grotesco/cod_031/cod_031_007.png,grotesco,grotesco_cod_031,3,val
data/processed/grotesco/cod_031/cod_031_010.png,grotesco,grotesco_cod_031,3,val
data/processed/grotesco/cod_042/cod_042_002.png,grotesco,grotesco_cod_042,3,val
data/processed/grotesco/cod_042/cod_042_000.png,grotesco,grotesco_cod_042,3,val
data/processed/grotesco/cod_042/cod_042_006.png,grotesco,grotesco_cod_042,3,val
data/processed/grotesco/cod_042/cod_042_009.png,grotesco,grotesco_cod_042,3,val
data/processed/grotesco/cod_042/cod_042_001.png,grotesco,grotesco_cod_042,3,val
data/processed/grotesco/cod_042/cod_042_004.png,grotesco,grotesco_cod_042,3,val
data/processed/grotesco/cod_042/cod_042_008.png,grotesco,grotesco_cod_042,3,val
data/processed/grotesco/cod_101/cod_101_009.png,grotesco,grotesco_cod_101,3,val
data/processed/grotesco/cod_101/cod_101_010.png,grotesco,grotesco_cod_101,3,val
data/processed/grotesco/cod_101/cod_101_001.png,grotesco,grotesco_cod_101,3,val
data/processed/grotesco/cod_101/cod_101_004.png,grotesco,grotesco_cod_101,3,val
data/processed/grotesco/cod_101/cod_101_008.png,grotesco,grotesco_cod_101,3,val
data/processed/grotesco/cod_101/cod_101_006.png,grotesco,grotesco_cod_101,3,val
data/processed/grotesco/cod_101/cod_101_002.png,grotesco,grotesco_cod_101,3,val
data/processed/grotesco/cod_101/cod_101_013.png,grotesco,grotesco_cod_101,3,val
data/processed/grotesco/cod_101/cod_101_007.png,grotesco,grotesco_cod_101,3,val
data/processed/grotesco/cod_101/cod_101_012.png,grotesco,grotesco_cod_101,3,val
data/processed/grotesco/cod_101/cod_101_005.png,grotesco,grotesco_cod_101,3,val
data/processed/grotesco/cod_101/cod_101_011.png,grotesco,grotesco_cod_101,3,val
data/processed/grotesco/cod_101/cod_101_003.png,grotesco,grotesco_cod_101,3,val
data/processed/grotesco/cod_100/cod_100_003.png,grotesco,grotesco_cod_100,3,val
data/processed/grotesco/cod_100/cod_100_009.png,grotesco,grotesco_cod_100,3,val
data/processed/grotesco/cod_100/cod_100_008.png,grotesco,grotesco_cod_100,3,val
data/processed/grotesco/cod_100/cod_100_006.png,grotesco,grotesco_cod_100,3,val
data/processed/grotesco/cod_100/cod_100_013.png,grotesco,grotesco_cod_100,3,val
data/processed/grotesco/cod_100/cod_100_012.png,grotesco,grotesco_cod_100,3,val
data/processed/grotesco/cod_100/cod_100_002.png,grotesco,grotesco_cod_100,3,val
data/processed/grotesco/cod_100/cod_100_007.png,grotesco,grotesco_cod_100,3,val
data/processed/grotesco/cod_100/cod_100_004.png,grotesco,grotesco_cod_100,3,val
data/processed/grotesco/cod_100/cod_100_001.png,grotesco,grotesco_cod_100,3,val
data/processed/grotesco/cod_100/cod_100_005.png,grotesco,grotesco_cod_100,3,val
data/processed/grotesco/cod_100/cod_100_011.png,grotesco,grotesco_cod_100,3,val
data/processed/grotesco/cod_100/cod_100_010.png,grotesco,grotesco_cod_100,3,val
data/processed/grotesco/cod_109/cod_109_009.png,grotesco,grotesco_cod_109,3,val
data/processed/grotesco/cod_109/cod_109_008.png,grotesco,grotesco_cod_109,3,val
data/processed/grotesco/cod_109/cod_109_011.png,grotesco,grotesco_cod_109,3,val
data/processed/grotesco/cod_109/cod_109_012.png,grotesco,grotesco_cod_109,3,val
data/processed/grotesco/cod_109/cod_109_006.png,grotesco,grotesco_cod_109,3,val
data/processed/grotesco/cod_109/cod_109_002.png,grotesco,grotesco_cod_109,3,val
data/processed/grotesco/cod_109/cod_109_007.png,grotesco,grotesco_cod_109,3,val
data/processed/grotesco/cod_109/cod_109_010.png,grotesco,grotesco_cod_109,3,val
data/processed/grotesco/cod_109/cod_109_005.png,grotesco,grotesco_cod_109,3,val
data/processed/grotesco/cod_109/cod_109_001.png,grotesco,grotesco_cod_109,3,val
data/processed/grotesco/cod_109/cod_109_004.png,grotesco,grotesco_cod_109,3,val
data/processed/grotesco/cod_109/cod_109_000.png,grotesco,grotesco_cod_109,3,val
data/processed/grotesco/cod_109/cod_109_003.png,grotesco,grotesco_cod_109,3,val
data/processed/grotesco/cod_141/cod_141_005.png,grotesco,grotesco_cod_141,3,val
data/processed/grotesco/cod_141/cod_141_001.png,grotesco,grotesco_cod_141,3,val
data/processed/grotesco/cod_141/cod_141_007.png,grotesco,grotesco_cod_141,3,val
data/processed/grotesco/cod_141/cod_141_004.png,grotesco,grotesco_cod_141,3,val
data/processed/grotesco/cod_141/cod_141_002.png,grotesco,grotesco_cod_141,3,val
data/processed/grotesco/cod_141/cod_141_010.png,grotesco,grotesco_cod_141,3,val
data/processed/grotesco/cod_141/cod_141_006.png,grotesco,grotesco_cod_141,3,val
data/processed/grotesco/cod_141/cod_141_008.png,grotesco,grotesco_cod_141,3,val
data/processed/grotesco/cod_141/cod_141_000.png,grotesco,grotesco_cod_141,3,val
data/processed/grotesco/cod_141/cod_141_009.png,grotesco,grotesco_cod_141,3,val
data/processed/grotesco/cod_104/cod_104_003.png,grotesco,grotesco_cod_104,3,val
data/processed/grotesco/cod_104/cod_104_010.png,grotesco,grotesco_cod_104,3,val
data/processed/grotesco/cod_104/cod_104_001.png,grotesco,grotesco_cod_104,3,val
data/processed/grotesco/cod_104/cod_104_006.png,grotesco,grotesco_cod_104,3,val
data/processed/grotesco/cod_104/cod_104_011.png,grotesco,grotesco_cod_104,3,val
data/processed/grotesco/cod_104/cod_104_012.png,grotesco,grotesco_cod_104,3,val
data/processed/grotesco/cod_104/cod_104_008.png,grotesco,grotesco_cod_104,3,val
data/processed/grotesco/cod_104/cod_104_005.png,grotesco,grotesco_cod_104,3,val
data/processed/grotesco/cod_104/cod_104_007.png,grotesco,grotesco_cod_104,3,val
data/processed/grotesco/cod_104/cod_104_002.png,grotesco,grotesco_cod_104,3,val
data/processed/grotesco/cod_104/cod_104_004.png,grotesco,grotesco_cod_104,3,val
data/processed/grotesco/cod_104/cod_104_009.png,grotesco,grotesco_cod_104,3,val
data/processed/grotesco/cod_104/cod_104_000.png,grotesco,grotesco_cod_104,3,val
data/processed/grotesco/cod_133/cod_133_004.png,grotesco,grotesco_cod_133,3,val
data/processed/grotesco/cod_133/cod_133_002.png,grotesco,grotesco_cod_133,3,val
data/processed/grotesco/cod_133/cod_133_006.png,grotesco,grotesco_cod_133,3,val
data/processed/grotesco/cod_133/cod_133_011.png,grotesco,grotesco_cod_133,3,val
data/processed/grotesco/cod_133/cod_133_012.png,grotesco,grotesco_cod_133,3,val
data/processed/grotesco/cod_133/cod_133_001.png,grotesco,grotesco_cod_133,3,val
data/processed/grotesco/cod_133/cod_133_007.png,grotesco,grotesco_cod_133,3,val
data/processed/grotesco/cod_133/cod_133_003.png,grotesco,grotesco_cod_133,3,val
data/processed/grotesco/cod_133/cod_133_000.png,grotesco,grotesco_cod_133,3,val
data/processed/grotesco/cod_133/cod_133_005.png,grotesco,grotesco_cod_133,3,val
data/processed/grotesco/cod_133/cod_133_009.png,grotesco,grotesco_cod_133,3,val
data/processed/grotesco/cod_133/cod_133_010.png,grotesco,grotesco_cod_133,3,val
data/processed/grotesco/cod_133/cod_133_008.png,grotesco,grotesco_cod_133,3,val
data/processed/grotesco/cod_144/cod_144_009.png,grotesco,grotesco_cod_144,3,val
data/processed/grotesco/cod_144/cod_144_010.png,grotesco,grotesco_cod_144,3,val
data/processed/grotesco/cod_144/cod_144_006.png,grotesco,grotesco_cod_144,3,val
data/processed/grotesco/cod_144/cod_144_004.png,grotesco,grotesco_cod_144,3,val
data/processed/grotesco/cod_144/cod_144_005.png,grotesco,grotesco_cod_144,3,val
data/processed/grotesco/cod_144/cod_144_000.png,grotesco,grotesco_cod_144,3,val
data/processed/grotesco/cod_144/cod_144_012.png,grotesco,grotesco_cod_144,3,val
data/processed/grotesco/cod_144/cod_144_001.png,grotesco,grotesco_cod_144,3,val
data/processed/grotesco/cod_144/cod_144_011.png,grotesco,grotesco_cod_144,3,val
data/processed/grotesco/cod_143/cod_143_005.png,grotesco,grotesco_cod_143,3,val
data/processed/grotesco/cod_143/cod_143_001.png,grotesco,grotesco_cod_143,3,val
data/processed/grotesco/cod_143/cod_143_003.png,grotesco,grotesco_cod_143,3,val
data/processed/grotesco/cod_143/cod_143_009.png,grotesco,grotesco_cod_143,3,val
data/processed/grotesco/cod_143/cod_143_006.png,grotesco,grotesco_cod_143,3,val
data/processed/grotesco/cod_143/cod_143_010.png,grotesco,grotesco_cod_143,3,val
data/processed/grotesco/cod_143/cod_143_007.png,grotesco,grotesco_cod_143,3,val
data/processed/grotesco/cod_143/cod_143_004.png,grotesco,grotesco_cod_143,3,val
data/processed/grotesco/cod_143/cod_143_002.png,grotesco,grotesco_cod_143,3,val
data/processed/grotesco/cod_159/cod_159_007.png,grotesco,grotesco_cod_159,3,val
data/processed/grotesco/cod_159/cod_159_009.png,grotesco,grotesco_cod_159,3,val
data/processed/grotesco/cod_159/cod_159_010.png,grotesco,grotesco_cod_159,3,val
data/processed/grotesco/cod_159/cod_159_011.png,grotesco,grotesco_cod_159,3,val
data/processed/grotesco/cod_159/cod_159_005.png,grotesco,grotesco_cod_159,3,val
data/processed/grotesco/cod_159/cod_159_003.png,grotesco,grotesco_cod_159,3,val
data/processed/grotesco/cod_159/cod_159_001.png,grotesco,grotesco_cod_159,3,val
data/processed/grotesco/cod_159/cod_159_004.png,grotesco,grotesco_cod_159,3,val
data/processed/grotesco/cod_159/cod_159_008.png,grotesco,grotesco_cod_159,3,val
data/processed/grotesco/cod_159/cod_159_006.png,grotesco,grotesco_cod_159,3,val
data/processed/fantasia/cod_039/cod_039_009.png,fantasia,fantasia_cod_039,3,val
data/processed/fantasia/cod_039/cod_039_006.png,fantasia,fantasia_cod_039,3,val
data/processed/fantasia/cod_039/cod_039_005.png,fantasia,fantasia_cod_039,3,val
data/processed/fantasia/cod_039/cod_039_013.png,fantasia,fantasia_cod_039,3,val
data/processed/fantasia/cod_039/cod_039_007.png,fantasia,fantasia_cod_039,3,val
data/processed/fantasia/cod_039/cod_039_002.png,fantasia,fantasia_cod_039,3,val
data/processed/fantasia/cod_039/cod_039_001.png,fantasia,fantasia_cod_039,3,val
data/processed/fantasia/cod_039/cod_039_000.png,fantasia,fantasia_cod_039,3,val
data/processed/fantasia/cod_039/cod_039_010.png,fantasia,fantasia_cod_039,3,val
data/processed/fantasia/cod_039/cod_039_008.png,fantasia,fantasia_cod_039,3,val
data/processed/fantasia/cod_039/cod_039_012.png,fantasia,fantasia_cod_039,3,val
data/processed/fantasia/cod_039/cod_039_015.png,fantasia,fantasia_cod_039,3,val
data/processed/fantasia/cod_039/cod_039_011.png,fantasia,fantasia_cod_039,3,val
data/processed/serifado/cod_070/cod_070_003.png,serifado,serifado_cod_070,3,val
data/processed/serifado/cod_070/cod_070_007.png,serifado,serifado_cod_070,3,val
data/processed/serifado/cod_070/cod_070_016.png,serifado,serifado_cod_070,3,val
data/processed/serifado/cod_070/cod_070_017.png,serifado,serifado_cod_070,3,val
data/processed/serifado/cod_070/cod_070_010.png,serifado,serifado_cod_070,3,val
data/processed/serifado/cod_070/cod_070_009.png,serifado,serifado_cod_070,3,val
data/processed/serifado/cod_070/cod_070_008.png,serifado,serifado_cod_070,3,val
data/processed/serifado/cod_070/cod_070_018.png,serifado,serifado_cod_070,3,val
data/processed/serifado/cod_070/cod_070_000.png,serifado,serifado_cod_070,3,val
data/processed/serifado/cod_070/cod_070_001.png,serifado,serifado_cod_070,3,val
data/processed/serifado/cod_070/cod_070_005.png,serifado,serifado_cod_070,3,val
data/processed/serifado/cod_071/cod_071_001.png,serifado,serifado_cod_071,3,val
data/processed/serifado/cod_071/cod_071_005.png,serifado,serifado_cod_071,3,val
data/processed/serifado/cod_071/cod_071_000.png,serifado,serifado_cod_071,3,val
data/processed/serifado/cod_071/cod_071_011.png,serifado,serifado_cod_071,3,val
data/processed/serifado/cod_071/cod_071_003.png,serifado,serifado_cod_071,3,val
data/processed/serifado/cod_071/cod_071_004.png,serifado,serifado_cod_071,3,val
data/processed/serifado/cod_071/cod_071_013.png,serifado,serifado_cod_071,3,val
data/processed/serifado/cod_071/cod_071_009.png,serifado,serifado_cod_071,3,val
data/processed/serifado/cod_071/cod_071_012.png,serifado,serifado_cod_071,3,val
data/processed/serifado/cod_071/cod_071_002.png,serifado,serifado_cod_071,3,val
data/processed/serifado/cod_071/cod_071_007.png,serifado,serifado_cod_071,3,val
data/processed/serifado/cod_071/cod_071_008.png,serifado,serifado_cod_071,3,val
data/processed/serifado/cod_111/cod_111_003.png,serifado,serifado_cod_111,3,val
data/processed/serifado/cod_111/cod_111_006.png,serifado,serifado_cod_111,3,val
data/processed/serifado/cod_111/cod_111_004.png,serifado,serifado_cod_111,3,val
data/processed/serifado/cod_111/cod_111_008.png,serifado,serifado_cod_111,3,val
data/processed/serifado/cod_111/cod_111_009.png,serifado,serifado_cod_111,3,val
data/processed/serifado/cod_111/cod_111_000.png,serifado,serifado_cod_111,3,val
data/processed/serifado/cod_111/cod_111_002.png,serifado,serifado_cod_111,3,val
data/processed/serifado/cod_111/cod_111_007.png,serifado,serifado_cod_111,3,val
data/processed/serifado/cod_111/cod_111_005.png,serifado,serifado_cod_111,3,val
data/processed/serifado/cod_111/cod_111_001.png,serifado,serifado_cod_111,3,val
data/processed/serifado/cod_152/cod_152_008.png,serifado,serifado_cod_152,3,val
data/processed/serifado/cod_152/cod_152_010.png,serifado,serifado_cod_152,3,val
data/processed/serifado/cod_152/cod_152_009.png,serifado,serifado_cod_152,3,val
data/processed/serifado/cod_152/cod_152_002.png,serifado,serifado_cod_152,3,val
data/processed/serifado/cod_152/cod_152_004.png,serifado,serifado_cod_152,3,val
data/processed/serifado/cod_152/cod_152_003.png,serifado,serifado_cod_152,3,val
data/processed/serifado/cod_152/cod_152_007.png,serifado,serifado_cod_152,3,val
data/processed/serifado/cod_152/cod_152_006.png,serifado,serifado_cod_152,3,val
data/processed/serifado/cod_152/cod_152_011.png,serifado,serifado_cod_152,3,val
data/processed/serifado/cod_152/cod_152_005.png,serifado,serifado_cod_152,3,val
data/processed/escritural/cod_006/cod_006_049.png,escritural,escritural_cod_006,4,train
data/processed/escritural/cod_006/cod_006_045.png,escritural,escritural_cod_006,4,train
data/processed/escritural/cod_006/cod_006_000.png,escritural,escritural_cod_006,4,train
data/processed/escritural/cod_006/cod_006_004.png,escritural,escritural_cod_006,4,train
data/processed/escritural/cod_006/cod_006_048.png,escritural,escritural_cod_006,4,train
data/processed/escritural/cod_006/cod_006_052.png,escritural,escritural_cod_006,4,train
data/processed/escritural/cod_006/cod_006_051.png,escritural,escritural_cod_006,4,train
data/processed/escritural/cod_006/cod_006_020.png,escritural,escritural_cod_006,4,train
data/processed/escritural/cod_006/cod_006_021.png,escritural,escritural_cod_006,4,train
data/processed/escritural/cod_006/cod_006_003.png,escritural,escritural_cod_006,4,train
data/processed/escritural/cod_006/cod_006_046.png,escritural,escritural_cod_006,4,train
data/processed/escritural/cod_013/cod_013_010.png,escritural,escritural_cod_013,4,train
data/processed/escritural/cod_013/cod_013_012.png,escritural,escritural_cod_013,4,train
data/processed/escritural/cod_013/cod_013_006.png,escritural,escritural_cod_013,4,train
data/processed/escritural/cod_013/cod_013_005.png,escritural,escritural_cod_013,4,train
data/processed/escritural/cod_013/cod_013_002.png,escritural,escritural_cod_013,4,train
data/processed/escritural/cod_013/cod_013_011.png,escritural,escritural_cod_013,4,train
data/processed/escritural/cod_013/cod_013_009.png,escritural,escritural_cod_013,4,train
data/processed/escritural/cod_013/cod_013_013.png,escritural,escritural_cod_013,4,train
data/processed/escritural/cod_013/cod_013_001.png,escritural,escritural_cod_013,4,train
data/processed/escritural/cod_013/cod_013_004.png,escritural,escritural_cod_013,4,train
data/processed/escritural/cod_033/cod_033_012.png,escritural,escritural_cod_033,4,train
data/processed/escritural/cod_033/cod_033_007.png,escritural,escritural_cod_033,4,train
data/processed/escritural/cod_033/cod_033_011.png,escritural,escritural_cod_033,4,train
data/processed/escritural/cod_033/cod_033_005.png,escritural,escritural_cod_033,4,train
data/processed/escritural/cod_033/cod_033_009.png,escritural,escritural_cod_033,4,train
data/processed/escritural/cod_033/cod_033_002.png,escritural,escritural_cod_033,4,train
data/processed/escritural/cod_033/cod_033_001.png,escritural,escritural_cod_033,4,train
data/processed/escritural/cod_033/cod_033_000.png,escritural,escritural_cod_033,4,train
data/processed/escritural/cod_033/cod_033_004.png,escritural,escritural_cod_033,4,train
data/processed/escritural/cod_033/cod_033_013.png,escritural,escritural_cod_033,4,train
data/processed/escritural/cod_033/cod_033_008.png,escritural,escritural_cod_033,4,train
data/processed/escritural/cod_026/cod_026_027.png,escritural,escritural_cod_026,4,train
data/processed/escritural/cod_026/cod_026_004.png,escritural,escritural_cod_026,4,train
data/processed/escritural/cod_026/cod_026_002.png,escritural,escritural_cod_026,4,train
data/processed/escritural/cod_026/cod_026_042.png,escritural,escritural_cod_026,4,train
data/processed/escritural/cod_026/cod_026_005.png,escritural,escritural_cod_026,4,train
data/processed/escritural/cod_026/cod_026_036.png,escritural,escritural_cod_026,4,train
data/processed/escritural/cod_026/cod_026_030.png,escritural,escritural_cod_026,4,train
data/processed/escritural/cod_026/cod_026_001.png,escritural,escritural_cod_026,4,train
data/processed/escritural/cod_026/cod_026_012.png,escritural,escritural_cod_026,4,train
data/processed/escritural/cod_026/cod_026_034.png,escritural,escritural_cod_026,4,train
data/processed/escritural/cod_026/cod_026_041.png,escritural,escritural_cod_026,4,train
data/processed/escritural/cod_026/cod_026_043.png,escritural,escritural_cod_026,4,train
data/processed/escritural/cod_026/cod_026_011.png,escritural,escritural_cod_026,4,train
data/processed/escritural/cod_043/cod_043_016.png,escritural,escritural_cod_043,4,train
data/processed/escritural/cod_043/cod_043_015.png,escritural,escritural_cod_043,4,train
data/processed/escritural/cod_043/cod_043_013.png,escritural,escritural_cod_043,4,train
data/processed/escritural/cod_043/cod_043_006.png,escritural,escritural_cod_043,4,train
data/processed/escritural/cod_043/cod_043_005.png,escritural,escritural_cod_043,4,train
data/processed/escritural/cod_043/cod_043_002.png,escritural,escritural_cod_043,4,train
data/processed/escritural/cod_043/cod_043_011.png,escritural,escritural_cod_043,4,train
data/processed/escritural/cod_043/cod_043_001.png,escritural,escritural_cod_043,4,train
data/processed/escritural/cod_043/cod_043_009.png,escritural,escritural_cod_043,4,train
data/processed/escritural/cod_043/cod_043_007.png,escritural,escritural_cod_043,4,train
data/processed/escritural/cod_043/cod_043_000.png,escritural,escritural_cod_043,4,train
data/processed/escritural/cod_043/cod_043_014.png,escritural,escritural_cod_043,4,train
data/processed/escritural/cod_047/cod_047_018.png,escritural,escritural_cod_047,4,train
data/processed/escritural/cod_047/cod_047_059.png,escritural,escritural_cod_047,4,train
data/processed/escritural/cod_047/cod_047_080.png,escritural,escritural_cod_047,4,train
data/processed/escritural/cod_047/cod_047_013.png,escritural,escritural_cod_047,4,train
data/processed/escritural/cod_047/cod_047_086.png,escritural,escritural_cod_047,4,train
data/processed/escritural/cod_047/cod_047_083.png,escritural,escritural_cod_047,4,train
data/processed/escritural/cod_047/cod_047_078.png,escritural,escritural_cod_047,4,train
data/processed/escritural/cod_047/cod_047_057.png,escritural,escritural_cod_047,4,train
data/processed/escritural/cod_047/cod_047_058.png,escritural,escritural_cod_047,4,train
data/processed/escritural/cod_047/cod_047_012.png,escritural,escritural_cod_047,4,train
data/processed/escritural/cod_047/cod_047_079.png,escritural,escritural_cod_047,4,train
data/processed/escritural/cod_047/cod_047_082.png,escritural,escritural_cod_047,4,train
data/processed/escritural/cod_047/cod_047_081.png,escritural,escritural_cod_047,4,train
data/processed/escritural/cod_057/cod_057_008.png,escritural,escritural_cod_057,4,train
data/processed/escritural/cod_057/cod_057_024.png,escritural,escritural_cod_057,4,train
data/processed/escritural/cod_057/cod_057_004.png,escritural,escritural_cod_057,4,train
data/processed/escritural/cod_057/cod_057_026.png,escritural,escritural_cod_057,4,train
data/processed/escritural/cod_057/cod_057_015.png,escritural,escritural_cod_057,4,train
data/processed/escritural/cod_057/cod_057_017.png,escritural,escritural_cod_057,4,train
data/processed/escritural/cod_057/cod_057_023.png,escritural,escritural_cod_057,4,train
data/processed/escritural/cod_057/cod_057_018.png,escritural,escritural_cod_057,4,train
data/processed/escritural/cod_057/cod_057_020.png,escritural,escritural_cod_057,4,train
data/processed/escritural/cod_057/cod_057_022.png,escritural,escritural_cod_057,4,train
data/processed/escritural/cod_057/cod_057_006.png,escritural,escritural_cod_057,4,train
data/processed/escritural/cod_061/cod_061_003.png,escritural,escritural_cod_061,4,train
data/processed/escritural/cod_061/cod_061_009.png,escritural,escritural_cod_061,4,train
data/processed/escritural/cod_061/cod_061_008.png,escritural,escritural_cod_061,4,train
data/processed/escritural/cod_061/cod_061_001.png,escritural,escritural_cod_061,4,train
data/processed/escritural/cod_061/cod_061_012.png,escritural,escritural_cod_061,4,train
data/processed/escritural/cod_061/cod_061_013.png,escritural,escritural_cod_061,4,train
data/processed/escritural/cod_061/cod_061_014.png,escritural,escritural_cod_061,4,train
data/processed/escritural/cod_061/cod_061_011.png,escritural,escritural_cod_061,4,train
data/processed/escritural/cod_061/cod_061_002.png,escritural,escritural_cod_061,4,train
data/processed/escritural/cod_061/cod_061_005.png,escritural,escritural_cod_061,4,train
data/processed/escritural/cod_061/cod_061_000.png,escritural,escritural_cod_061,4,train
data/processed/escritural/cod_062/cod_062_005.png,escritural,escritural_cod_062,4,train
data/processed/escritural/cod_062/cod_062_007.png,escritural,escritural_cod_062,4,train
data/processed/escritural/cod_062/cod_062_001.png,escritural,escritural_cod_062,4,train
data/processed/escritural/cod_062/cod_062_011.png,escritural,escritural_cod_062,4,train
data/processed/escritural/cod_062/cod_062_012.png,escritural,escritural_cod_062,4,train
data/processed/escritural/cod_062/cod_062_008.png,escritural,escritural_cod_062,4,train
data/processed/escritural/cod_062/cod_062_002.png,escritural,escritural_cod_062,4,train
data/processed/escritural/cod_062/cod_062_000.png,escritural,escritural_cod_062,4,train
data/processed/escritural/cod_062/cod_062_009.png,escritural,escritural_cod_062,4,train
data/processed/escritural/cod_062/cod_062_004.png,escritural,escritural_cod_062,4,train
data/processed/escritural/cod_062/cod_062_013.png,escritural,escritural_cod_062,4,train
data/processed/escritural/cod_062/cod_062_006.png,escritural,escritural_cod_062,4,train
data/processed/escritural/cod_059/cod_059_020.png,escritural,escritural_cod_059,4,train
data/processed/escritural/cod_059/cod_059_013.png,escritural,escritural_cod_059,4,train
data/processed/escritural/cod_059/cod_059_014.png,escritural,escritural_cod_059,4,train
data/processed/escritural/cod_059/cod_059_009.png,escritural,escritural_cod_059,4,train
data/processed/escritural/cod_059/cod_059_007.png,escritural,escritural_cod_059,4,train
data/processed/escritural/cod_059/cod_059_016.png,escritural,escritural_cod_059,4,train
data/processed/escritural/cod_059/cod_059_010.png,escritural,escritural_cod_059,4,train
data/processed/escritural/cod_059/cod_059_019.png,escritural,escritural_cod_059,4,train
data/processed/escritural/cod_059/cod_059_012.png,escritural,escritural_cod_059,4,train
data/processed/escritural/cod_059/cod_059_008.png,escritural,escritural_cod_059,4,train
data/processed/escritural/cod_059/cod_059_006.png,escritural,escritural_cod_059,4,train
data/processed/escritural/cod_059/cod_059_011.png,escritural,escritural_cod_059,4,train
data/processed/escritural/cod_059/cod_059_015.png,escritural,escritural_cod_059,4,train
data/processed/escritural/cod_059/cod_059_018.png,escritural,escritural_cod_059,4,train
data/processed/escritural/cod_060/cod_060_013.png,escritural,escritural_cod_060,4,train
data/processed/escritural/cod_060/cod_060_003.png,escritural,escritural_cod_060,4,train
data/processed/escritural/cod_060/cod_060_008.png,escritural,escritural_cod_060,4,train
data/processed/escritural/cod_060/cod_060_012.png,escritural,escritural_cod_060,4,train
data/processed/escritural/cod_060/cod_060_015.png,escritural,escritural_cod_060,4,train
data/processed/escritural/cod_060/cod_060_001.png,escritural,escritural_cod_060,4,train
data/processed/escritural/cod_060/cod_060_005.png,escritural,escritural_cod_060,4,train
data/processed/escritural/cod_060/cod_060_014.png,escritural,escritural_cod_060,4,train
data/processed/escritural/cod_060/cod_060_006.png,escritural,escritural_cod_060,4,train
data/processed/escritural/cod_060/cod_060_000.png,escritural,escritural_cod_060,4,train
data/processed/escritural/cod_066/cod_066_004.png,escritural,escritural_cod_066,4,train
data/processed/escritural/cod_066/cod_066_006.png,escritural,escritural_cod_066,4,train
data/processed/escritural/cod_066/cod_066_011.png,escritural,escritural_cod_066,4,train
data/processed/escritural/cod_066/cod_066_013.png,escritural,escritural_cod_066,4,train
data/processed/escritural/cod_066/cod_066_017.png,escritural,escritural_cod_066,4,train
data/processed/escritural/cod_066/cod_066_015.png,escritural,escritural_cod_066,4,train
data/processed/escritural/cod_066/cod_066_005.png,escritural,escritural_cod_066,4,train
data/processed/escritural/cod_066/cod_066_018.png,escritural,escritural_cod_066,4,train
data/processed/escritural/cod_066/cod_066_002.png,escritural,escritural_cod_066,4,train
data/processed/escritural/cod_066/cod_066_012.png,escritural,escritural_cod_066,4,train
data/processed/escritural/cod_066/cod_066_014.png,escritural,escritural_cod_066,4,train
data/processed/escritural/cod_069/cod_069_003.png,escritural,escritural_cod_069,4,train
data/processed/escritural/cod_069/cod_069_009.png,escritural,escritural_cod_069,4,train
data/processed/escritural/cod_069/cod_069_008.png,escritural,escritural_cod_069,4,train
data/processed/escritural/cod_069/cod_069_002.png,escritural,escritural_cod_069,4,train
data/processed/escritural/cod_069/cod_069_014.png,escritural,escritural_cod_069,4,train
data/processed/escritural/cod_069/cod_069_017.png,escritural,escritural_cod_069,4,train
data/processed/escritural/cod_069/cod_069_004.png,escritural,escritural_cod_069,4,train
data/processed/escritural/cod_069/cod_069_019.png,escritural,escritural_cod_069,4,train
data/processed/escritural/cod_067/cod_067_009.png,escritural,escritural_cod_067,4,train
data/processed/escritural/cod_067/cod_067_017.png,escritural,escritural_cod_067,4,train
data/processed/escritural/cod_067/cod_067_002.png,escritural,escritural_cod_067,4,train
data/processed/escritural/cod_067/cod_067_007.png,escritural,escritural_cod_067,4,train
data/processed/escritural/cod_067/cod_067_021.png,escritural,escritural_cod_067,4,train
data/processed/escritural/cod_067/cod_067_018.png,escritural,escritural_cod_067,4,train
data/processed/escritural/cod_067/cod_067_020.png,escritural,escritural_cod_067,4,train
data/processed/escritural/cod_067/cod_067_015.png,escritural,escritural_cod_067,4,train
data/processed/escritural/cod_067/cod_067_001.png,escritural,escritural_cod_067,4,train
data/processed/escritural/cod_067/cod_067_008.png,escritural,escritural_cod_067,4,train
data/processed/escritural/cod_067/cod_067_000.png,escritural,escritural_cod_067,4,train
data/processed/escritural/cod_067/cod_067_016.png,escritural,escritural_cod_067,4,train
data/processed/escritural/cod_073/cod_073_021.png,escritural,escritural_cod_073,4,train
data/processed/escritural/cod_073/cod_073_006.png,escritural,escritural_cod_073,4,train
data/processed/escritural/cod_073/cod_073_029.png,escritural,escritural_cod_073,4,train
data/processed/escritural/cod_073/cod_073_022.png,escritural,escritural_cod_073,4,train
data/processed/escritural/cod_073/cod_073_020.png,escritural,escritural_cod_073,4,train
data/processed/escritural/cod_073/cod_073_027.png,escritural,escritural_cod_073,4,train
data/processed/escritural/cod_073/cod_073_000.png,escritural,escritural_cod_073,4,train
data/processed/escritural/cod_073/cod_073_019.png,escritural,escritural_cod_073,4,train
data/processed/escritural/cod_073/cod_073_002.png,escritural,escritural_cod_073,4,train
data/processed/escritural/cod_073/cod_073_001.png,escritural,escritural_cod_073,4,train
data/processed/escritural/cod_073/cod_073_028.png,escritural,escritural_cod_073,4,train
data/processed/escritural/cod_072/cod_072_003.png,escritural,escritural_cod_072,4,train
data/processed/escritural/cod_072/cod_072_012.png,escritural,escritural_cod_072,4,train
data/processed/escritural/cod_072/cod_072_010.png,escritural,escritural_cod_072,4,train
data/processed/escritural/cod_072/cod_072_004.png,escritural,escritural_cod_072,4,train
data/processed/escritural/cod_072/cod_072_007.png,escritural,escritural_cod_072,4,train
data/processed/escritural/cod_072/cod_072_009.png,escritural,escritural_cod_072,4,train
data/processed/escritural/cod_072/cod_072_008.png,escritural,escritural_cod_072,4,train
data/processed/escritural/cod_072/cod_072_001.png,escritural,escritural_cod_072,4,train
data/processed/escritural/cod_072/cod_072_005.png,escritural,escritural_cod_072,4,train
data/processed/escritural/cod_072/cod_072_002.png,escritural,escritural_cod_072,4,train
data/processed/escritural/cod_072/cod_072_006.png,escritural,escritural_cod_072,4,train
data/processed/escritural/cod_072/cod_072_013.png,escritural,escritural_cod_072,4,train
data/processed/escritural/cod_072/cod_072_014.png,escritural,escritural_cod_072,4,train
data/processed/escritural/cod_074/cod_074_003.png,escritural,escritural_cod_074,4,train
data/processed/escritural/cod_074/cod_074_013.png,escritural,escritural_cod_074,4,train
data/processed/escritural/cod_074/cod_074_015.png,escritural,escritural_cod_074,4,train
data/processed/escritural/cod_074/cod_074_008.png,escritural,escritural_cod_074,4,train
data/processed/escritural/cod_074/cod_074_014.png,escritural,escritural_cod_074,4,train
data/processed/escritural/cod_074/cod_074_001.png,escritural,escritural_cod_074,4,train
data/processed/escritural/cod_074/cod_074_002.png,escritural,escritural_cod_074,4,train
data/processed/escritural/cod_074/cod_074_011.png,escritural,escritural_cod_074,4,train
data/processed/escritural/cod_074/cod_074_012.png,escritural,escritural_cod_074,4,train
data/processed/escritural/cod_074/cod_074_010.png,escritural,escritural_cod_074,4,train
data/processed/escritural/cod_074/cod_074_000.png,escritural,escritural_cod_074,4,train
data/processed/escritural/cod_082/cod_082_005.png,escritural,escritural_cod_082,4,train
data/processed/escritural/cod_082/cod_082_002.png,escritural,escritural_cod_082,4,train
data/processed/escritural/cod_082/cod_082_008.png,escritural,escritural_cod_082,4,train
data/processed/escritural/cod_082/cod_082_004.png,escritural,escritural_cod_082,4,train
data/processed/escritural/cod_082/cod_082_007.png,escritural,escritural_cod_082,4,train
data/processed/escritural/cod_082/cod_082_003.png,escritural,escritural_cod_082,4,train
data/processed/escritural/cod_083/cod_083_020.png,escritural,escritural_cod_083,4,train
data/processed/escritural/cod_083/cod_083_002.png,escritural,escritural_cod_083,4,train
data/processed/escritural/cod_083/cod_083_016.png,escritural,escritural_cod_083,4,train
data/processed/escritural/cod_083/cod_083_022.png,escritural,escritural_cod_083,4,train
data/processed/escritural/cod_083/cod_083_003.png,escritural,escritural_cod_083,4,train
data/processed/escritural/cod_083/cod_083_023.png,escritural,escritural_cod_083,4,train
data/processed/escritural/cod_083/cod_083_017.png,escritural,escritural_cod_083,4,train
data/processed/escritural/cod_083/cod_083_010.png,escritural,escritural_cod_083,4,train
data/processed/escritural/cod_083/cod_083_014.png,escritural,escritural_cod_083,4,train
data/processed/escritural/cod_083/cod_083_004.png,escritural,escritural_cod_083,4,train
data/processed/escritural/cod_083/cod_083_011.png,escritural,escritural_cod_083,4,train
data/processed/escritural/cod_083/cod_083_009.png,escritural,escritural_cod_083,4,train
data/processed/escritural/cod_102/cod_102_000.png,escritural,escritural_cod_102,4,train
data/processed/escritural/cod_102/cod_102_020.png,escritural,escritural_cod_102,4,train
data/processed/escritural/cod_102/cod_102_003.png,escritural,escritural_cod_102,4,train
data/processed/escritural/cod_102/cod_102_002.png,escritural,escritural_cod_102,4,train
data/processed/escritural/cod_102/cod_102_017.png,escritural,escritural_cod_102,4,train
data/processed/escritural/cod_102/cod_102_001.png,escritural,escritural_cod_102,4,train
data/processed/escritural/cod_102/cod_102_008.png,escritural,escritural_cod_102,4,train
data/processed/escritural/cod_099/cod_099_001.png,escritural,escritural_cod_099,4,train
data/processed/escritural/cod_099/cod_099_008.png,escritural,escritural_cod_099,4,train
data/processed/escritural/cod_099/cod_099_013.png,escritural,escritural_cod_099,4,train
data/processed/escritural/cod_099/cod_099_005.png,escritural,escritural_cod_099,4,train
data/processed/escritural/cod_099/cod_099_004.png,escritural,escritural_cod_099,4,train
data/processed/escritural/cod_099/cod_099_012.png,escritural,escritural_cod_099,4,train
data/processed/escritural/cod_099/cod_099_003.png,escritural,escritural_cod_099,4,train
data/processed/escritural/cod_099/cod_099_000.png,escritural,escritural_cod_099,4,train
data/processed/escritural/cod_099/cod_099_010.png,escritural,escritural_cod_099,4,train
data/processed/escritural/cod_099/cod_099_009.png,escritural,escritural_cod_099,4,train
data/processed/escritural/cod_099/cod_099_002.png,escritural,escritural_cod_099,4,train
data/processed/escritural/cod_113/cod_113_004.png,escritural,escritural_cod_113,4,train
data/processed/escritural/cod_113/cod_113_005.png,escritural,escritural_cod_113,4,train
data/processed/escritural/cod_113/cod_113_001.png,escritural,escritural_cod_113,4,train
data/processed/escritural/cod_113/cod_113_007.png,escritural,escritural_cod_113,4,train
data/processed/escritural/cod_113/cod_113_002.png,escritural,escritural_cod_113,4,train
data/processed/escritural/cod_107/cod_107_003.png,escritural,escritural_cod_107,4,train
data/processed/escritural/cod_107/cod_107_012.png,escritural,escritural_cod_107,4,train
data/processed/escritural/cod_107/cod_107_001.png,escritural,escritural_cod_107,4,train
data/processed/escritural/cod_107/cod_107_002.png,escritural,escritural_cod_107,4,train
data/processed/escritural/cod_107/cod_107_007.png,escritural,escritural_cod_107,4,train
data/processed/escritural/cod_107/cod_107_022.png,escritural,escritural_cod_107,4,train
data/processed/escritural/cod_107/cod_107_014.png,escritural,escritural_cod_107,4,train
data/processed/escritural/cod_107/cod_107_020.png,escritural,escritural_cod_107,4,train
data/processed/escritural/cod_107/cod_107_004.png,escritural,escritural_cod_107,4,train
data/processed/escritural/cod_107/cod_107_005.png,escritural,escritural_cod_107,4,train
data/processed/escritural/cod_107/cod_107_023.png,escritural,escritural_cod_107,4,train
data/processed/escritural/cod_110/cod_110_008.png,escritural,escritural_cod_110,4,train
data/processed/escritural/cod_110/cod_110_004.png,escritural,escritural_cod_110,4,train
data/processed/escritural/cod_110/cod_110_003.png,escritural,escritural_cod_110,4,train
data/processed/escritural/cod_110/cod_110_010.png,escritural,escritural_cod_110,4,train
data/processed/escritural/cod_110/cod_110_002.png,escritural,escritural_cod_110,4,train
data/processed/escritural/cod_110/cod_110_000.png,escritural,escritural_cod_110,4,train
data/processed/escritural/cod_110/cod_110_001.png,escritural,escritural_cod_110,4,train
data/processed/escritural/cod_110/cod_110_009.png,escritural,escritural_cod_110,4,train
data/processed/escritural/cod_110/cod_110_006.png,escritural,escritural_cod_110,4,train
data/processed/escritural/cod_110/cod_110_007.png,escritural,escritural_cod_110,4,train
data/processed/escritural/cod_110/cod_110_005.png,escritural,escritural_cod_110,4,train
data/processed/escritural/cod_117/cod_117_012.png,escritural,escritural_cod_117,4,train
data/processed/escritural/cod_117/cod_117_003.png,escritural,escritural_cod_117,4,train
data/processed/escritural/cod_117/cod_117_001.png,escritural,escritural_cod_117,4,train
data/processed/escritural/cod_117/cod_117_007.png,escritural,escritural_cod_117,4,train
data/processed/escritural/cod_117/cod_117_000.png,escritural,escritural_cod_117,4,train
data/processed/escritural/cod_117/cod_117_002.png,escritural,escritural_cod_117,4,train
data/processed/escritural/cod_117/cod_117_009.png,escritural,escritural_cod_117,4,train
data/processed/escritural/cod_117/cod_117_008.png,escritural,escritural_cod_117,4,train
data/processed/escritural/cod_117/cod_117_006.png,escritural,escritural_cod_117,4,train
data/processed/escritural/cod_117/cod_117_011.png,escritural,escritural_cod_117,4,train
data/processed/escritural/cod_117/cod_117_005.png,escritural,escritural_cod_117,4,train
data/processed/escritural/cod_117/cod_117_004.png,escritural,escritural_cod_117,4,train
data/processed/escritural/cod_117/cod_117_010.png,escritural,escritural_cod_117,4,train
data/processed/escritural/cod_127/cod_127_002.png,escritural,escritural_cod_127,4,train
data/processed/escritural/cod_127/cod_127_004.png,escritural,escritural_cod_127,4,train
data/processed/escritural/cod_127/cod_127_000.png,escritural,escritural_cod_127,4,train
data/processed/escritural/cod_127/cod_127_003.png,escritural,escritural_cod_127,4,train
data/processed/escritural/cod_127/cod_127_006.png,escritural,escritural_cod_127,4,train
data/processed/escritural/cod_136/cod_136_001.png,escritural,escritural_cod_136,4,train
data/processed/escritural/cod_138/cod_138_019.png,escritural,escritural_cod_138,4,train
data/processed/escritural/cod_138/cod_138_000.png,escritural,escritural_cod_138,4,train
data/processed/escritural/cod_138/cod_138_006.png,escritural,escritural_cod_138,4,train
data/processed/escritural/cod_138/cod_138_024.png,escritural,escritural_cod_138,4,train
data/processed/escritural/cod_138/cod_138_001.png,escritural,escritural_cod_138,4,train
data/processed/escritural/cod_138/cod_138_021.png,escritural,escritural_cod_138,4,train
data/processed/escritural/cod_160/cod_160_010.png,escritural,escritural_cod_160,4,train
data/processed/escritural/cod_160/cod_160_004.png,escritural,escritural_cod_160,4,train
data/processed/escritural/cod_160/cod_160_011.png,escritural,escritural_cod_160,4,train
data/processed/escritural/cod_160/cod_160_005.png,escritural,escritural_cod_160,4,train
data/processed/escritural/cod_160/cod_160_001.png,escritural,escritural_cod_160,4,train
data/processed/escritural/cod_160/cod_160_012.png,escritural,escritural_cod_160,4,train
data/processed/escritural/cod_160/cod_160_007.png,escritural,escritural_cod_160,4,train
data/processed/grotesco/cod_004/cod_004_002.png,grotesco,grotesco_cod_004,4,train
data/processed/grotesco/cod_004/cod_004_000.png,grotesco,grotesco_cod_004,4,train
data/processed/grotesco/cod_004/cod_004_006.png,grotesco,grotesco_cod_004,4,train
data/processed/grotesco/cod_004/cod_004_004.png,grotesco,grotesco_cod_004,4,train
data/processed/grotesco/cod_004/cod_004_010.png,grotesco,grotesco_cod_004,4,train
data/processed/grotesco/cod_004/cod_004_008.png,grotesco,grotesco_cod_004,4,train
data/processed/grotesco/cod_004/cod_004_013.png,grotesco,grotesco_cod_004,4,train
data/processed/grotesco/cod_004/cod_004_011.png,grotesco,grotesco_cod_004,4,train
data/processed/grotesco/cod_004/cod_004_001.png,grotesco,grotesco_cod_004,4,train
data/processed/grotesco/cod_004/cod_004_003.png,grotesco,grotesco_cod_004,4,train
data/processed/grotesco/cod_004/cod_004_005.png,grotesco,grotesco_cod_004,4,train
data/processed/grotesco/cod_004/cod_004_012.png,grotesco,grotesco_cod_004,4,train
data/processed/grotesco/cod_004/cod_004_007.png,grotesco,grotesco_cod_004,4,train
data/processed/grotesco/cod_003/cod_003_000.png,grotesco,grotesco_cod_003,4,train
data/processed/grotesco/cod_003/cod_003_001.png,grotesco,grotesco_cod_003,4,train
data/processed/grotesco/cod_003/cod_003_007.png,grotesco,grotesco_cod_003,4,train
data/processed/grotesco/cod_003/cod_003_008.png,grotesco,grotesco_cod_003,4,train
data/processed/grotesco/cod_003/cod_003_006.png,grotesco,grotesco_cod_003,4,train
data/processed/grotesco/cod_003/cod_003_012.png,grotesco,grotesco_cod_003,4,train
data/processed/grotesco/cod_003/cod_003_011.png,grotesco,grotesco_cod_003,4,train
data/processed/grotesco/cod_003/cod_003_003.png,grotesco,grotesco_cod_003,4,train
data/processed/grotesco/cod_003/cod_003_002.png,grotesco,grotesco_cod_003,4,train
data/processed/grotesco/cod_003/cod_003_004.png,grotesco,grotesco_cod_003,4,train
data/processed/grotesco/cod_003/cod_003_010.png,grotesco,grotesco_cod_003,4,train
data/processed/grotesco/cod_003/cod_003_005.png,grotesco,grotesco_cod_003,4,train
data/processed/grotesco/cod_003/cod_003_009.png,grotesco,grotesco_cod_003,4,train
data/processed/grotesco/cod_005/cod_005_008.png,grotesco,grotesco_cod_005,4,train
data/processed/grotesco/cod_005/cod_005_001.png,grotesco,grotesco_cod_005,4,train
data/processed/grotesco/cod_005/cod_005_002.png,grotesco,grotesco_cod_005,4,train
data/processed/grotesco/cod_005/cod_005_004.png,grotesco,grotesco_cod_005,4,train
data/processed/grotesco/cod_005/cod_005_010.png,grotesco,grotesco_cod_005,4,train
data/processed/grotesco/cod_005/cod_005_006.png,grotesco,grotesco_cod_005,4,train
data/processed/grotesco/cod_005/cod_005_009.png,grotesco,grotesco_cod_005,4,train
data/processed/grotesco/cod_005/cod_005_000.png,grotesco,grotesco_cod_005,4,train
data/processed/grotesco/cod_005/cod_005_011.png,grotesco,grotesco_cod_005,4,train
data/processed/grotesco/cod_005/cod_005_005.png,grotesco,grotesco_cod_005,4,train
data/processed/grotesco/cod_005/cod_005_012.png,grotesco,grotesco_cod_005,4,train
data/processed/grotesco/cod_008/cod_008_001.png,grotesco,grotesco_cod_008,4,train
data/processed/grotesco/cod_008/cod_008_009.png,grotesco,grotesco_cod_008,4,train
data/processed/grotesco/cod_008/cod_008_008.png,grotesco,grotesco_cod_008,4,train
data/processed/grotesco/cod_008/cod_008_002.png,grotesco,grotesco_cod_008,4,train
data/processed/grotesco/cod_008/cod_008_007.png,grotesco,grotesco_cod_008,4,train
data/processed/grotesco/cod_008/cod_008_000.png,grotesco,grotesco_cod_008,4,train
data/processed/grotesco/cod_008/cod_008_006.png,grotesco,grotesco_cod_008,4,train
data/processed/grotesco/cod_008/cod_008_005.png,grotesco,grotesco_cod_008,4,train
data/processed/grotesco/cod_008/cod_008_003.png,grotesco,grotesco_cod_008,4,train
data/processed/grotesco/cod_022/cod_022_007.png,grotesco,grotesco_cod_022,4,train
data/processed/grotesco/cod_022/cod_022_002.png,grotesco,grotesco_cod_022,4,train
data/processed/grotesco/cod_022/cod_022_011.png,grotesco,grotesco_cod_022,4,train
data/processed/grotesco/cod_022/cod_022_012.png,grotesco,grotesco_cod_022,4,train
data/processed/grotesco/cod_022/cod_022_001.png,grotesco,grotesco_cod_022,4,train
data/processed/grotesco/cod_022/cod_022_003.png,grotesco,grotesco_cod_022,4,train
data/processed/grotesco/cod_022/cod_022_010.png,grotesco,grotesco_cod_022,4,train
data/processed/grotesco/cod_022/cod_022_008.png,grotesco,grotesco_cod_022,4,train
data/processed/grotesco/cod_022/cod_022_000.png,grotesco,grotesco_cod_022,4,train
data/processed/grotesco/cod_031/cod_031_013.png,grotesco,grotesco_cod_031,4,train
data/processed/grotesco/cod_031/cod_031_011.png,grotesco,grotesco_cod_031,4,train
data/processed/grotesco/cod_031/cod_031_009.png,grotesco,grotesco_cod_031,4,train
data/processed/grotesco/cod_031/cod_031_012.png,grotesco,grotesco_cod_031,4,train
data/processed/grotesco/cod_031/cod_031_002.png,grotesco,grotesco_cod_031,4,train
data/processed/grotesco/cod_031/cod_031_008.png,grotesco,grotesco_cod_031,4,train
data/processed/grotesco/cod_031/cod_031_003.png,grotesco,grotesco_cod_031,4,train
data/processed/grotesco/cod_031/cod_031_005.png,grotesco,grotesco_cod_031,4,train
data/processed/grotesco/cod_031/cod_031_006.png,grotesco,grotesco_cod_031,4,train
data/processed/grotesco/cod_031/cod_031_004.png,grotesco,grotesco_cod_031,4,train
data/processed/grotesco/cod_031/cod_031_001.png,grotesco,grotesco_cod_031,4,train
data/processed/grotesco/cod_031/cod_031_000.png,grotesco,grotesco_cod_031,4,train
data/processed/grotesco/cod_031/cod_031_007.png,grotesco,grotesco_cod_031,4,train
data/processed/grotesco/cod_031/cod_031_010.png,grotesco,grotesco_cod_031,4,train
data/processed/grotesco/cod_024/cod_024_004.png,grotesco,grotesco_cod_024,4,train
data/processed/grotesco/cod_024/cod_024_001.png,grotesco,grotesco_cod_024,4,train
data/processed/grotesco/cod_024/cod_024_008.png,grotesco,grotesco_cod_024,4,train
data/processed/grotesco/cod_024/cod_024_002.png,grotesco,grotesco_cod_024,4,train
data/processed/grotesco/cod_024/cod_024_003.png,grotesco,grotesco_cod_024,4,train
data/processed/grotesco/cod_024/cod_024_007.png,grotesco,grotesco_cod_024,4,train
data/processed/grotesco/cod_040/cod_040_013.png,grotesco,grotesco_cod_040,4,train
data/processed/grotesco/cod_040/cod_040_003.png,grotesco,grotesco_cod_040,4,train
data/processed/grotesco/cod_040/cod_040_004.png,grotesco,grotesco_cod_040,4,train
data/processed/grotesco/cod_040/cod_040_012.png,grotesco,grotesco_cod_040,4,train
data/processed/grotesco/cod_040/cod_040_001.png,grotesco,grotesco_cod_040,4,train
data/processed/grotesco/cod_040/cod_040_005.png,grotesco,grotesco_cod_040,4,train
data/processed/grotesco/cod_040/cod_040_007.png,grotesco,grotesco_cod_040,4,train
data/processed/grotesco/cod_040/cod_040_008.png,grotesco,grotesco_cod_040,4,train
data/processed/grotesco/cod_040/cod_040_011.png,grotesco,grotesco_cod_040,4,train
data/processed/grotesco/cod_040/cod_040_009.png,grotesco,grotesco_cod_040,4,train
data/processed/grotesco/cod_040/cod_040_014.png,grotesco,grotesco_cod_040,4,train
data/processed/grotesco/cod_041/cod_041_002.png,grotesco,grotesco_cod_041,4,train
data/processed/grotesco/cod_041/cod_041_007.png,grotesco,grotesco_cod_041,4,train
data/processed/grotesco/cod_041/cod_041_009.png,grotesco,grotesco_cod_041,4,train
data/processed/grotesco/cod_041/cod_041_005.png,grotesco,grotesco_cod_041,4,train
data/processed/grotesco/cod_041/cod_041_011.png,grotesco,grotesco_cod_041,4,train
data/processed/grotesco/cod_041/cod_041_008.png,grotesco,grotesco_cod_041,4,train
data/processed/grotesco/cod_041/cod_041_006.png,grotesco,grotesco_cod_041,4,train
data/processed/grotesco/cod_041/cod_041_001.png,grotesco,grotesco_cod_041,4,train
data/processed/grotesco/cod_041/cod_041_003.png,grotesco,grotesco_cod_041,4,train
data/processed/grotesco/cod_041/cod_041_004.png,grotesco,grotesco_cod_041,4,train
data/processed/grotesco/cod_041/cod_041_010.png,grotesco,grotesco_cod_041,4,train
data/processed/grotesco/cod_041/cod_041_000.png,grotesco,grotesco_cod_041,4,train
data/processed/grotesco/cod_051/cod_051_012.png,grotesco,grotesco_cod_051,4,train
data/processed/grotesco/cod_051/cod_051_005.png,grotesco,grotesco_cod_051,4,train
data/processed/grotesco/cod_051/cod_051_015.png,grotesco,grotesco_cod_051,4,train
data/processed/grotesco/cod_051/cod_051_010.png,grotesco,grotesco_cod_051,4,train
data/processed/grotesco/cod_051/cod_051_009.png,grotesco,grotesco_cod_051,4,train
data/processed/grotesco/cod_051/cod_051_016.png,grotesco,grotesco_cod_051,4,train
data/processed/grotesco/cod_051/cod_051_017.png,grotesco,grotesco_cod_051,4,train
data/processed/grotesco/cod_051/cod_051_011.png,grotesco,grotesco_cod_051,4,train
data/processed/grotesco/cod_051/cod_051_007.png,grotesco,grotesco_cod_051,4,train
data/processed/grotesco/cod_051/cod_051_006.png,grotesco,grotesco_cod_051,4,train
data/processed/grotesco/cod_042/cod_042_002.png,grotesco,grotesco_cod_042,4,train
data/processed/grotesco/cod_042/cod_042_000.png,grotesco,grotesco_cod_042,4,train
data/processed/grotesco/cod_042/cod_042_006.png,grotesco,grotesco_cod_042,4,train
data/processed/grotesco/cod_042/cod_042_009.png,grotesco,grotesco_cod_042,4,train
data/processed/grotesco/cod_042/cod_042_001.png,grotesco,grotesco_cod_042,4,train
data/processed/grotesco/cod_042/cod_042_004.png,grotesco,grotesco_cod_042,4,train
data/processed/grotesco/cod_042/cod_042_008.png,grotesco,grotesco_cod_042,4,train
data/processed/grotesco/cod_048/cod_048_026.png,grotesco,grotesco_cod_048,4,train
data/processed/grotesco/cod_048/cod_048_017.png,grotesco,grotesco_cod_048,4,train
data/processed/grotesco/cod_048/cod_048_009.png,grotesco,grotesco_cod_048,4,train
data/processed/grotesco/cod_048/cod_048_008.png,grotesco,grotesco_cod_048,4,train
data/processed/grotesco/cod_048/cod_048_028.png,grotesco,grotesco_cod_048,4,train
data/processed/grotesco/cod_048/cod_048_011.png,grotesco,grotesco_cod_048,4,train
data/processed/grotesco/cod_048/cod_048_032.png,grotesco,grotesco_cod_048,4,train
data/processed/grotesco/cod_048/cod_048_018.png,grotesco,grotesco_cod_048,4,train
data/processed/grotesco/cod_048/cod_048_027.png,grotesco,grotesco_cod_048,4,train
data/processed/grotesco/cod_052/cod_052_007.png,grotesco,grotesco_cod_052,4,train
data/processed/grotesco/cod_052/cod_052_005.png,grotesco,grotesco_cod_052,4,train
data/processed/grotesco/cod_052/cod_052_001.png,grotesco,grotesco_cod_052,4,train
data/processed/grotesco/cod_052/cod_052_009.png,grotesco,grotesco_cod_052,4,train
data/processed/grotesco/cod_052/cod_052_004.png,grotesco,grotesco_cod_052,4,train
data/processed/grotesco/cod_052/cod_052_000.png,grotesco,grotesco_cod_052,4,train
data/processed/grotesco/cod_052/cod_052_002.png,grotesco,grotesco_cod_052,4,train
data/processed/grotesco/cod_052/cod_052_006.png,grotesco,grotesco_cod_052,4,train
data/processed/grotesco/cod_052/cod_052_003.png,grotesco,grotesco_cod_052,4,train
data/processed/grotesco/cod_052/cod_052_008.png,grotesco,grotesco_cod_052,4,train
data/processed/grotesco/cod_064/cod_064_008.png,grotesco,grotesco_cod_064,4,train
data/processed/grotesco/cod_064/cod_064_006.png,grotesco,grotesco_cod_064,4,train
data/processed/grotesco/cod_064/cod_064_012.png,grotesco,grotesco_cod_064,4,train
data/processed/grotesco/cod_064/cod_064_009.png,grotesco,grotesco_cod_064,4,train
data/processed/grotesco/cod_064/cod_064_011.png,grotesco,grotesco_cod_064,4,train
data/processed/grotesco/cod_064/cod_064_007.png,grotesco,grotesco_cod_064,4,train
data/processed/grotesco/cod_064/cod_064_010.png,grotesco,grotesco_cod_064,4,train
data/processed/grotesco/cod_064/cod_064_004.png,grotesco,grotesco_cod_064,4,train
data/processed/grotesco/cod_053/cod_053_003.png,grotesco,grotesco_cod_053,4,train
data/processed/grotesco/cod_053/cod_053_002.png,grotesco,grotesco_cod_053,4,train
data/processed/grotesco/cod_053/cod_053_007.png,grotesco,grotesco_cod_053,4,train
data/processed/grotesco/cod_053/cod_053_001.png,grotesco,grotesco_cod_053,4,train
data/processed/grotesco/cod_053/cod_053_008.png,grotesco,grotesco_cod_053,4,train
data/processed/grotesco/cod_053/cod_053_006.png,grotesco,grotesco_cod_053,4,train
data/processed/grotesco/cod_053/cod_053_005.png,grotesco,grotesco_cod_053,4,train
data/processed/grotesco/cod_093/cod_093_013.png,grotesco,grotesco_cod_093,4,train
data/processed/grotesco/cod_093/cod_093_009.png,grotesco,grotesco_cod_093,4,train
data/processed/grotesco/cod_093/cod_093_006.png,grotesco,grotesco_cod_093,4,train
data/processed/grotesco/cod_093/cod_093_015.png,grotesco,grotesco_cod_093,4,train
data/processed/grotesco/cod_093/cod_093_008.png,grotesco,grotesco_cod_093,4,train
data/processed/grotesco/cod_093/cod_093_000.png,grotesco,grotesco_cod_093,4,train
data/processed/grotesco/cod_093/cod_093_001.png,grotesco,grotesco_cod_093,4,train
data/processed/grotesco/cod_093/cod_093_004.png,grotesco,grotesco_cod_093,4,train
data/processed/grotesco/cod_093/cod_093_003.png,grotesco,grotesco_cod_093,4,train
data/processed/grotesco/cod_093/cod_093_007.png,grotesco,grotesco_cod_093,4,train
data/processed/grotesco/cod_093/cod_093_012.png,grotesco,grotesco_cod_093,4,train
data/processed/grotesco/cod_094/cod_094_008.png,grotesco,grotesco_cod_094,4,train
data/processed/grotesco/cod_094/cod_094_007.png,grotesco,grotesco_cod_094,4,train
data/processed/grotesco/cod_094/cod_094_001.png,grotesco,grotesco_cod_094,4,train
data/processed/grotesco/cod_094/cod_094_002.png,grotesco,grotesco_cod_094,4,train
data/processed/grotesco/cod_094/cod_094_004.png,grotesco,grotesco_cod_094,4,train
data/processed/grotesco/cod_094/cod_094_003.png,grotesco,grotesco_cod_094,4,train
data/processed/grotesco/cod_094/cod_094_006.png,grotesco,grotesco_cod_094,4,train
data/processed/grotesco/cod_097/cod_097_003.png,grotesco,grotesco_cod_097,4,train
data/processed/grotesco/cod_097/cod_097_007.png,grotesco,grotesco_cod_097,4,train
data/processed/grotesco/cod_097/cod_097_005.png,grotesco,grotesco_cod_097,4,train
data/processed/grotesco/cod_097/cod_097_001.png,grotesco,grotesco_cod_097,4,train
data/processed/grotesco/cod_097/cod_097_000.png,grotesco,grotesco_cod_097,4,train
data/processed/grotesco/cod_097/cod_097_010.png,grotesco,grotesco_cod_097,4,train
data/processed/grotesco/cod_097/cod_097_008.png,grotesco,grotesco_cod_097,4,train
data/processed/grotesco/cod_097/cod_097_009.png,grotesco,grotesco_cod_097,4,train
data/processed/grotesco/cod_091/cod_091_005.png,grotesco,grotesco_cod_091,4,train
data/processed/grotesco/cod_091/cod_091_006.png,grotesco,grotesco_cod_091,4,train
data/processed/grotesco/cod_091/cod_091_003.png,grotesco,grotesco_cod_091,4,train
data/processed/grotesco/cod_091/cod_091_015.png,grotesco,grotesco_cod_091,4,train
data/processed/grotesco/cod_091/cod_091_001.png,grotesco,grotesco_cod_091,4,train
data/processed/grotesco/cod_091/cod_091_000.png,grotesco,grotesco_cod_091,4,train
data/processed/grotesco/cod_091/cod_091_008.png,grotesco,grotesco_cod_091,4,train
data/processed/grotesco/cod_091/cod_091_002.png,grotesco,grotesco_cod_091,4,train
data/processed/grotesco/cod_091/cod_091_007.png,grotesco,grotesco_cod_091,4,train
data/processed/grotesco/cod_091/cod_091_011.png,grotesco,grotesco_cod_091,4,train
data/processed/grotesco/cod_091/cod_091_004.png,grotesco,grotesco_cod_091,4,train
data/processed/grotesco/cod_091/cod_091_017.png,grotesco,grotesco_cod_091,4,train
data/processed/grotesco/cod_101/cod_101_009.png,grotesco,grotesco_cod_101,4,train
data/processed/grotesco/cod_101/cod_101_010.png,grotesco,grotesco_cod_101,4,train
data/processed/grotesco/cod_101/cod_101_001.png,grotesco,grotesco_cod_101,4,train
data/processed/grotesco/cod_101/cod_101_004.png,grotesco,grotesco_cod_101,4,train
data/processed/grotesco/cod_101/cod_101_008.png,grotesco,grotesco_cod_101,4,train
data/processed/grotesco/cod_101/cod_101_006.png,grotesco,grotesco_cod_101,4,train
data/processed/grotesco/cod_101/cod_101_002.png,grotesco,grotesco_cod_101,4,train
data/processed/grotesco/cod_101/cod_101_013.png,grotesco,grotesco_cod_101,4,train
data/processed/grotesco/cod_101/cod_101_007.png,grotesco,grotesco_cod_101,4,train
data/processed/grotesco/cod_101/cod_101_012.png,grotesco,grotesco_cod_101,4,train
data/processed/grotesco/cod_101/cod_101_005.png,grotesco,grotesco_cod_101,4,train
data/processed/grotesco/cod_101/cod_101_011.png,grotesco,grotesco_cod_101,4,train
data/processed/grotesco/cod_101/cod_101_003.png,grotesco,grotesco_cod_101,4,train
data/processed/grotesco/cod_100/cod_100_003.png,grotesco,grotesco_cod_100,4,train
data/processed/grotesco/cod_100/cod_100_009.png,grotesco,grotesco_cod_100,4,train
data/processed/grotesco/cod_100/cod_100_008.png,grotesco,grotesco_cod_100,4,train
data/processed/grotesco/cod_100/cod_100_006.png,grotesco,grotesco_cod_100,4,train
data/processed/grotesco/cod_100/cod_100_013.png,grotesco,grotesco_cod_100,4,train
data/processed/grotesco/cod_100/cod_100_012.png,grotesco,grotesco_cod_100,4,train
data/processed/grotesco/cod_100/cod_100_002.png,grotesco,grotesco_cod_100,4,train
data/processed/grotesco/cod_100/cod_100_007.png,grotesco,grotesco_cod_100,4,train
data/processed/grotesco/cod_100/cod_100_004.png,grotesco,grotesco_cod_100,4,train
data/processed/grotesco/cod_100/cod_100_001.png,grotesco,grotesco_cod_100,4,train
data/processed/grotesco/cod_100/cod_100_005.png,grotesco,grotesco_cod_100,4,train
data/processed/grotesco/cod_100/cod_100_011.png,grotesco,grotesco_cod_100,4,train
data/processed/grotesco/cod_100/cod_100_010.png,grotesco,grotesco_cod_100,4,train
data/processed/grotesco/cod_092/cod_092_008.png,grotesco,grotesco_cod_092,4,train
data/processed/grotesco/cod_092/cod_092_003.png,grotesco,grotesco_cod_092,4,train
data/processed/grotesco/cod_092/cod_092_011.png,grotesco,grotesco_cod_092,4,train
data/processed/grotesco/cod_092/cod_092_001.png,grotesco,grotesco_cod_092,4,train
data/processed/grotesco/cod_092/cod_092_009.png,grotesco,grotesco_cod_092,4,train
data/processed/grotesco/cod_092/cod_092_004.png,grotesco,grotesco_cod_092,4,train
data/processed/grotesco/cod_092/cod_092_000.png,grotesco,grotesco_cod_092,4,train
data/processed/grotesco/cod_092/cod_092_002.png,grotesco,grotesco_cod_092,4,train
data/processed/grotesco/cod_092/cod_092_007.png,grotesco,grotesco_cod_092,4,train
data/processed/grotesco/cod_092/cod_092_006.png,grotesco,grotesco_cod_092,4,train
data/processed/grotesco/cod_092/cod_092_010.png,grotesco,grotesco_cod_092,4,train
data/processed/grotesco/cod_109/cod_109_009.png,grotesco,grotesco_cod_109,4,train
data/processed/grotesco/cod_109/cod_109_008.png,grotesco,grotesco_cod_109,4,train
data/processed/grotesco/cod_109/cod_109_011.png,grotesco,grotesco_cod_109,4,train
data/processed/grotesco/cod_109/cod_109_012.png,grotesco,grotesco_cod_109,4,train
data/processed/grotesco/cod_109/cod_109_006.png,grotesco,grotesco_cod_109,4,train
data/processed/grotesco/cod_109/cod_109_002.png,grotesco,grotesco_cod_109,4,train
data/processed/grotesco/cod_109/cod_109_007.png,grotesco,grotesco_cod_109,4,train
data/processed/grotesco/cod_109/cod_109_010.png,grotesco,grotesco_cod_109,4,train
data/processed/grotesco/cod_109/cod_109_005.png,grotesco,grotesco_cod_109,4,train
data/processed/grotesco/cod_109/cod_109_001.png,grotesco,grotesco_cod_109,4,train
data/processed/grotesco/cod_109/cod_109_004.png,grotesco,grotesco_cod_109,4,train
data/processed/grotesco/cod_109/cod_109_000.png,grotesco,grotesco_cod_109,4,train
data/processed/grotesco/cod_109/cod_109_003.png,grotesco,grotesco_cod_109,4,train
data/processed/grotesco/cod_120/cod_120_000.png,grotesco,grotesco_cod_120,4,train
data/processed/grotesco/cod_120/cod_120_004.png,grotesco,grotesco_cod_120,4,train
data/processed/grotesco/cod_120/cod_120_002.png,grotesco,grotesco_cod_120,4,train
data/processed/grotesco/cod_120/cod_120_006.png,grotesco,grotesco_cod_120,4,train
data/processed/grotesco/cod_120/cod_120_001.png,grotesco,grotesco_cod_120,4,train
data/processed/grotesco/cod_120/cod_120_003.png,grotesco,grotesco_cod_120,4,train
data/processed/grotesco/cod_120/cod_120_005.png,grotesco,grotesco_cod_120,4,train
data/processed/grotesco/cod_120/cod_120_007.png,grotesco,grotesco_cod_120,4,train
data/processed/grotesco/cod_125/cod_125_007.png,grotesco,grotesco_cod_125,4,train
data/processed/grotesco/cod_125/cod_125_014.png,grotesco,grotesco_cod_125,4,train
data/processed/grotesco/cod_125/cod_125_009.png,grotesco,grotesco_cod_125,4,train
data/processed/grotesco/cod_125/cod_125_004.png,grotesco,grotesco_cod_125,4,train
data/processed/grotesco/cod_125/cod_125_012.png,grotesco,grotesco_cod_125,4,train
data/processed/grotesco/cod_125/cod_125_000.png,grotesco,grotesco_cod_125,4,train
data/processed/grotesco/cod_125/cod_125_002.png,grotesco,grotesco_cod_125,4,train
data/processed/grotesco/cod_125/cod_125_005.png,grotesco,grotesco_cod_125,4,train
data/processed/grotesco/cod_125/cod_125_015.png,grotesco,grotesco_cod_125,4,train
data/processed/grotesco/cod_125/cod_125_008.png,grotesco,grotesco_cod_125,4,train
data/processed/grotesco/cod_125/cod_125_003.png,grotesco,grotesco_cod_125,4,train
data/processed/grotesco/cod_125/cod_125_001.png,grotesco,grotesco_cod_125,4,train
data/processed/grotesco/cod_125/cod_125_016.png,grotesco,grotesco_cod_125,4,train
data/processed/grotesco/cod_141/cod_141_005.png,grotesco,grotesco_cod_141,4,train
data/processed/grotesco/cod_141/cod_141_001.png,grotesco,grotesco_cod_141,4,train
data/processed/grotesco/cod_141/cod_141_007.png,grotesco,grotesco_cod_141,4,train
data/processed/grotesco/cod_141/cod_141_004.png,grotesco,grotesco_cod_141,4,train
data/processed/grotesco/cod_141/cod_141_002.png,grotesco,grotesco_cod_141,4,train
data/processed/grotesco/cod_141/cod_141_010.png,grotesco,grotesco_cod_141,4,train
data/processed/grotesco/cod_141/cod_141_006.png,grotesco,grotesco_cod_141,4,train
data/processed/grotesco/cod_141/cod_141_008.png,grotesco,grotesco_cod_141,4,train
data/processed/grotesco/cod_141/cod_141_000.png,grotesco,grotesco_cod_141,4,train
data/processed/grotesco/cod_141/cod_141_009.png,grotesco,grotesco_cod_141,4,train
data/processed/grotesco/cod_134/cod_134_000.png,grotesco,grotesco_cod_134,4,train
data/processed/grotesco/cod_134/cod_134_006.png,grotesco,grotesco_cod_134,4,train
data/processed/grotesco/cod_134/cod_134_011.png,grotesco,grotesco_cod_134,4,train
data/processed/grotesco/cod_134/cod_134_005.png,grotesco,grotesco_cod_134,4,train
data/processed/grotesco/cod_134/cod_134_009.png,grotesco,grotesco_cod_134,4,train
data/processed/grotesco/cod_134/cod_134_013.png,grotesco,grotesco_cod_134,4,train
data/processed/grotesco/cod_134/cod_134_010.png,grotesco,grotesco_cod_134,4,train
data/processed/grotesco/cod_134/cod_134_007.png,grotesco,grotesco_cod_134,4,train
data/processed/grotesco/cod_134/cod_134_001.png,grotesco,grotesco_cod_134,4,train
data/processed/grotesco/cod_134/cod_134_014.png,grotesco,grotesco_cod_134,4,train
data/processed/grotesco/cod_134/cod_134_004.png,grotesco,grotesco_cod_134,4,train
data/processed/grotesco/cod_134/cod_134_003.png,grotesco,grotesco_cod_134,4,train
data/processed/grotesco/cod_134/cod_134_012.png,grotesco,grotesco_cod_134,4,train
data/processed/grotesco/cod_104/cod_104_003.png,grotesco,grotesco_cod_104,4,train
data/processed/grotesco/cod_104/cod_104_010.png,grotesco,grotesco_cod_104,4,train
data/processed/grotesco/cod_104/cod_104_001.png,grotesco,grotesco_cod_104,4,train
data/processed/grotesco/cod_104/cod_104_006.png,grotesco,grotesco_cod_104,4,train
data/processed/grotesco/cod_104/cod_104_011.png,grotesco,grotesco_cod_104,4,train
data/processed/grotesco/cod_104/cod_104_012.png,grotesco,grotesco_cod_104,4,train
data/processed/grotesco/cod_104/cod_104_008.png,grotesco,grotesco_cod_104,4,train
data/processed/grotesco/cod_104/cod_104_005.png,grotesco,grotesco_cod_104,4,train
data/processed/grotesco/cod_104/cod_104_007.png,grotesco,grotesco_cod_104,4,train
data/processed/grotesco/cod_104/cod_104_002.png,grotesco,grotesco_cod_104,4,train
data/processed/grotesco/cod_104/cod_104_004.png,grotesco,grotesco_cod_104,4,train
data/processed/grotesco/cod_104/cod_104_009.png,grotesco,grotesco_cod_104,4,train
data/processed/grotesco/cod_104/cod_104_000.png,grotesco,grotesco_cod_104,4,train
data/processed/grotesco/cod_133/cod_133_004.png,grotesco,grotesco_cod_133,4,train
data/processed/grotesco/cod_133/cod_133_002.png,grotesco,grotesco_cod_133,4,train
data/processed/grotesco/cod_133/cod_133_006.png,grotesco,grotesco_cod_133,4,train
data/processed/grotesco/cod_133/cod_133_011.png,grotesco,grotesco_cod_133,4,train
data/processed/grotesco/cod_133/cod_133_012.png,grotesco,grotesco_cod_133,4,train
data/processed/grotesco/cod_133/cod_133_001.png,grotesco,grotesco_cod_133,4,train
data/processed/grotesco/cod_133/cod_133_007.png,grotesco,grotesco_cod_133,4,train
data/processed/grotesco/cod_133/cod_133_003.png,grotesco,grotesco_cod_133,4,train
data/processed/grotesco/cod_133/cod_133_000.png,grotesco,grotesco_cod_133,4,train
data/processed/grotesco/cod_133/cod_133_005.png,grotesco,grotesco_cod_133,4,train
data/processed/grotesco/cod_133/cod_133_009.png,grotesco,grotesco_cod_133,4,train
data/processed/grotesco/cod_133/cod_133_010.png,grotesco,grotesco_cod_133,4,train
data/processed/grotesco/cod_133/cod_133_008.png,grotesco,grotesco_cod_133,4,train
data/processed/grotesco/cod_144/cod_144_009.png,grotesco,grotesco_cod_144,4,train
data/processed/grotesco/cod_144/cod_144_010.png,grotesco,grotesco_cod_144,4,train
data/processed/grotesco/cod_144/cod_144_006.png,grotesco,grotesco_cod_144,4,train
data/processed/grotesco/cod_144/cod_144_004.png,grotesco,grotesco_cod_144,4,train
data/processed/grotesco/cod_144/cod_144_005.png,grotesco,grotesco_cod_144,4,train
data/processed/grotesco/cod_144/cod_144_000.png,grotesco,grotesco_cod_144,4,train
data/processed/grotesco/cod_144/cod_144_012.png,grotesco,grotesco_cod_144,4,train
data/processed/grotesco/cod_144/cod_144_001.png,grotesco,grotesco_cod_144,4,train
data/processed/grotesco/cod_144/cod_144_011.png,grotesco,grotesco_cod_144,4,train
data/processed/grotesco/cod_143/cod_143_005.png,grotesco,grotesco_cod_143,4,train
data/processed/grotesco/cod_143/cod_143_001.png,grotesco,grotesco_cod_143,4,train
data/processed/grotesco/cod_143/cod_143_003.png,grotesco,grotesco_cod_143,4,train
data/processed/grotesco/cod_143/cod_143_009.png,grotesco,grotesco_cod_143,4,train
data/processed/grotesco/cod_143/cod_143_006.png,grotesco,grotesco_cod_143,4,train
data/processed/grotesco/cod_143/cod_143_010.png,grotesco,grotesco_cod_143,4,train
data/processed/grotesco/cod_143/cod_143_007.png,grotesco,grotesco_cod_143,4,train
data/processed/grotesco/cod_143/cod_143_004.png,grotesco,grotesco_cod_143,4,train
data/processed/grotesco/cod_143/cod_143_002.png,grotesco,grotesco_cod_143,4,train
data/processed/grotesco/cod_146/cod_146_004.png,grotesco,grotesco_cod_146,4,train
data/processed/grotesco/cod_146/cod_146_001.png,grotesco,grotesco_cod_146,4,train
data/processed/grotesco/cod_146/cod_146_002.png,grotesco,grotesco_cod_146,4,train
data/processed/grotesco/cod_146/cod_146_009.png,grotesco,grotesco_cod_146,4,train
data/processed/grotesco/cod_146/cod_146_008.png,grotesco,grotesco_cod_146,4,train
data/processed/grotesco/cod_146/cod_146_010.png,grotesco,grotesco_cod_146,4,train
data/processed/grotesco/cod_146/cod_146_000.png,grotesco,grotesco_cod_146,4,train
data/processed/grotesco/cod_146/cod_146_007.png,grotesco,grotesco_cod_146,4,train
data/processed/grotesco/cod_148/cod_148_004.png,grotesco,grotesco_cod_148,4,train
data/processed/grotesco/cod_148/cod_148_003.png,grotesco,grotesco_cod_148,4,train
data/processed/grotesco/cod_148/cod_148_006.png,grotesco,grotesco_cod_148,4,train
data/processed/grotesco/cod_155/cod_155_001.png,grotesco,grotesco_cod_155,4,train
data/processed/grotesco/cod_155/cod_155_004.png,grotesco,grotesco_cod_155,4,train
data/processed/grotesco/cod_155/cod_155_007.png,grotesco,grotesco_cod_155,4,train
data/processed/grotesco/cod_155/cod_155_006.png,grotesco,grotesco_cod_155,4,train
data/processed/grotesco/cod_155/cod_155_005.png,grotesco,grotesco_cod_155,4,train
data/processed/grotesco/cod_155/cod_155_009.png,grotesco,grotesco_cod_155,4,train
data/processed/grotesco/cod_155/cod_155_000.png,grotesco,grotesco_cod_155,4,train
data/processed/grotesco/cod_159/cod_159_007.png,grotesco,grotesco_cod_159,4,train
data/processed/grotesco/cod_159/cod_159_009.png,grotesco,grotesco_cod_159,4,train
data/processed/grotesco/cod_159/cod_159_010.png,grotesco,grotesco_cod_159,4,train
data/processed/grotesco/cod_159/cod_159_011.png,grotesco,grotesco_cod_159,4,train
data/processed/grotesco/cod_159/cod_159_005.png,grotesco,grotesco_cod_159,4,train
data/processed/grotesco/cod_159/cod_159_003.png,grotesco,grotesco_cod_159,4,train
data/processed/grotesco/cod_159/cod_159_001.png,grotesco,grotesco_cod_159,4,train
data/processed/grotesco/cod_159/cod_159_004.png,grotesco,grotesco_cod_159,4,train
data/processed/grotesco/cod_159/cod_159_008.png,grotesco,grotesco_cod_159,4,train
data/processed/grotesco/cod_159/cod_159_006.png,grotesco,grotesco_cod_159,4,train
data/processed/grotesco/cod_156/cod_156_004.png,grotesco,grotesco_cod_156,4,train
data/processed/grotesco/cod_156/cod_156_011.png,grotesco,grotesco_cod_156,4,train
data/processed/grotesco/cod_156/cod_156_012.png,grotesco,grotesco_cod_156,4,train
data/processed/grotesco/cod_156/cod_156_001.png,grotesco,grotesco_cod_156,4,train
data/processed/grotesco/cod_156/cod_156_008.png,grotesco,grotesco_cod_156,4,train
data/processed/grotesco/cod_156/cod_156_013.png,grotesco,grotesco_cod_156,4,train
data/processed/grotesco/cod_156/cod_156_006.png,grotesco,grotesco_cod_156,4,train
data/processed/grotesco/cod_156/cod_156_009.png,grotesco,grotesco_cod_156,4,train
data/processed/grotesco/cod_156/cod_156_007.png,grotesco,grotesco_cod_156,4,train
data/processed/grotesco/cod_156/cod_156_002.png,grotesco,grotesco_cod_156,4,train
data/processed/grotesco/cod_156/cod_156_000.png,grotesco,grotesco_cod_156,4,train
data/processed/grotesco/cod_156/cod_156_003.png,grotesco,grotesco_cod_156,4,train
data/processed/grotesco/cod_156/cod_156_005.png,grotesco,grotesco_cod_156,4,train
data/processed/grotesco/cod_150/cod_150_002.png,grotesco,grotesco_cod_150,4,train
data/processed/grotesco/cod_150/cod_150_005.png,grotesco,grotesco_cod_150,4,train
data/processed/grotesco/cod_150/cod_150_006.png,grotesco,grotesco_cod_150,4,train
data/processed/grotesco/cod_150/cod_150_003.png,grotesco,grotesco_cod_150,4,train
data/processed/grotesco/cod_150/cod_150_004.png,grotesco,grotesco_cod_150,4,train
data/processed/grotesco/cod_150/cod_150_008.png,grotesco,grotesco_cod_150,4,train
data/processed/fantasia/cod_015/cod_015_000.png,fantasia,fantasia_cod_015,4,train
data/processed/fantasia/cod_015/cod_015_003.png,fantasia,fantasia_cod_015,4,train
data/processed/fantasia/cod_015/cod_015_005.png,fantasia,fantasia_cod_015,4,train
data/processed/fantasia/cod_015/cod_015_008.png,fantasia,fantasia_cod_015,4,train
data/processed/fantasia/cod_015/cod_015_002.png,fantasia,fantasia_cod_015,4,train
data/processed/fantasia/cod_015/cod_015_001.png,fantasia,fantasia_cod_015,4,train
data/processed/fantasia/cod_015/cod_015_011.png,fantasia,fantasia_cod_015,4,train
data/processed/fantasia/cod_015/cod_015_010.png,fantasia,fantasia_cod_015,4,train
data/processed/fantasia/cod_015/cod_015_009.png,fantasia,fantasia_cod_015,4,train
data/processed/fantasia/cod_015/cod_015_006.png,fantasia,fantasia_cod_015,4,train
data/processed/fantasia/cod_015/cod_015_004.png,fantasia,fantasia_cod_015,4,train
data/processed/fantasia/cod_030/cod_030_012.png,fantasia,fantasia_cod_030,4,train
data/processed/fantasia/cod_030/cod_030_008.png,fantasia,fantasia_cod_030,4,train
data/processed/fantasia/cod_030/cod_030_009.png,fantasia,fantasia_cod_030,4,train
data/processed/fantasia/cod_030/cod_030_010.png,fantasia,fantasia_cod_030,4,train
data/processed/fantasia/cod_030/cod_030_017.png,fantasia,fantasia_cod_030,4,train
data/processed/fantasia/cod_030/cod_030_016.png,fantasia,fantasia_cod_030,4,train
data/processed/fantasia/cod_030/cod_030_007.png,fantasia,fantasia_cod_030,4,train
data/processed/fantasia/cod_030/cod_030_015.png,fantasia,fantasia_cod_030,4,train
data/processed/fantasia/cod_030/cod_030_011.png,fantasia,fantasia_cod_030,4,train
data/processed/fantasia/cod_030/cod_030_003.png,fantasia,fantasia_cod_030,4,train
data/processed/fantasia/cod_030/cod_030_002.png,fantasia,fantasia_cod_030,4,train
data/processed/fantasia/cod_039/cod_039_009.png,fantasia,fantasia_cod_039,4,train
data/processed/fantasia/cod_039/cod_039_006.png,fantasia,fantasia_cod_039,4,train
data/processed/fantasia/cod_039/cod_039_005.png,fantasia,fantasia_cod_039,4,train
data/processed/fantasia/cod_039/cod_039_013.png,fantasia,fantasia_cod_039,4,train
data/processed/fantasia/cod_039/cod_039_007.png,fantasia,fantasia_cod_039,4,train
data/processed/fantasia/cod_039/cod_039_002.png,fantasia,fantasia_cod_039,4,train
data/processed/fantasia/cod_039/cod_039_001.png,fantasia,fantasia_cod_039,4,train
data/processed/fantasia/cod_039/cod_039_000.png,fantasia,fantasia_cod_039,4,train
data/processed/fantasia/cod_039/cod_039_010.png,fantasia,fantasia_cod_039,4,train
data/processed/fantasia/cod_039/cod_039_008.png,fantasia,fantasia_cod_039,4,train
data/processed/fantasia/cod_039/cod_039_012.png,fantasia,fantasia_cod_039,4,train
data/processed/fantasia/cod_039/cod_039_015.png,fantasia,fantasia_cod_039,4,train
data/processed/fantasia/cod_039/cod_039_011.png,fantasia,fantasia_cod_039,4,train
data/processed/fantasia/cod_108/cod_108_018.png,fantasia,fantasia_cod_108,4,train
data/processed/fantasia/cod_108/cod_108_002.png,fantasia,fantasia_cod_108,4,train
data/processed/fantasia/cod_108/cod_108_004.png,fantasia,fantasia_cod_108,4,train
data/processed/fantasia/cod_108/cod_108_019.png,fantasia,fantasia_cod_108,4,train
data/processed/fantasia/cod_108/cod_108_009.png,fantasia,fantasia_cod_108,4,train
data/processed/fantasia/cod_108/cod_108_001.png,fantasia,fantasia_cod_108,4,train
data/processed/fantasia/cod_108/cod_108_017.png,fantasia,fantasia_cod_108,4,train
data/processed/fantasia/cod_108/cod_108_005.png,fantasia,fantasia_cod_108,4,train
data/processed/fantasia/cod_108/cod_108_000.png,fantasia,fantasia_cod_108,4,train
data/processed/fantasia/cod_108/cod_108_003.png,fantasia,fantasia_cod_108,4,train
data/processed/fantasia/cod_105/cod_105_010.png,fantasia,fantasia_cod_105,4,train
data/processed/fantasia/cod_105/cod_105_000.png,fantasia,fantasia_cod_105,4,train
data/processed/fantasia/cod_105/cod_105_102.png,fantasia,fantasia_cod_105,4,train
data/processed/fantasia/cod_105/cod_105_114.png,fantasia,fantasia_cod_105,4,train
data/processed/fantasia/cod_105/cod_105_023.png,fantasia,fantasia_cod_105,4,train
data/processed/fantasia/cod_105/cod_105_003.png,fantasia,fantasia_cod_105,4,train
data/processed/fantasia/cod_105/cod_105_001.png,fantasia,fantasia_cod_105,4,train
data/processed/fantasia/cod_105/cod_105_024.png,fantasia,fantasia_cod_105,4,train
data/processed/serifado/cod_009/cod_009_133.png,serifado,serifado_cod_009,4,train
data/processed/serifado/cod_009/cod_009_000.png,serifado,serifado_cod_009,4,train
data/processed/serifado/cod_009/cod_009_186.png,serifado,serifado_cod_009,4,train
data/processed/serifado/cod_009/cod_009_136.png,serifado,serifado_cod_009,4,train
data/processed/serifado/cod_010/cod_010_005.png,serifado,serifado_cod_010,4,train
data/processed/serifado/cod_010/cod_010_003.png,serifado,serifado_cod_010,4,train
data/processed/serifado/cod_010/cod_010_002.png,serifado,serifado_cod_010,4,train
data/processed/serifado/cod_010/cod_010_001.png,serifado,serifado_cod_010,4,train
data/processed/serifado/cod_010/cod_010_000.png,serifado,serifado_cod_010,4,train
data/processed/serifado/cod_010/cod_010_014.png,serifado,serifado_cod_010,4,train
data/processed/serifado/cod_010/cod_010_015.png,serifado,serifado_cod_010,4,train
data/processed/serifado/cod_010/cod_010_009.png,serifado,serifado_cod_010,4,train
data/processed/serifado/cod_010/cod_010_016.png,serifado,serifado_cod_010,4,train
data/processed/serifado/cod_010/cod_010_008.png,serifado,serifado_cod_010,4,train
data/processed/serifado/cod_010/cod_010_007.png,serifado,serifado_cod_010,4,train
data/processed/serifado/cod_025/cod_025_018.png,serifado,serifado_cod_025,4,train
data/processed/serifado/cod_025/cod_025_014.png,serifado,serifado_cod_025,4,train
data/processed/serifado/cod_025/cod_025_086.png,serifado,serifado_cod_025,4,train
data/processed/serifado/cod_028/cod_028_000.png,serifado,serifado_cod_028,4,train
data/processed/serifado/cod_028/cod_028_004.png,serifado,serifado_cod_028,4,train
data/processed/serifado/cod_028/cod_028_013.png,serifado,serifado_cod_028,4,train
data/processed/serifado/cod_028/cod_028_017.png,serifado,serifado_cod_028,4,train
data/processed/serifado/cod_028/cod_028_014.png,serifado,serifado_cod_028,4,train
data/processed/serifado/cod_028/cod_028_005.png,serifado,serifado_cod_028,4,train
data/processed/serifado/cod_028/cod_028_018.png,serifado,serifado_cod_028,4,train
data/processed/serifado/cod_028/cod_028_012.png,serifado,serifado_cod_028,4,train
data/processed/serifado/cod_028/cod_028_020.png,serifado,serifado_cod_028,4,train
data/processed/serifado/cod_029/cod_029_002.png,serifado,serifado_cod_029,4,train
data/processed/serifado/cod_029/cod_029_006.png,serifado,serifado_cod_029,4,train
data/processed/serifado/cod_029/cod_029_001.png,serifado,serifado_cod_029,4,train
data/processed/serifado/cod_029/cod_029_005.png,serifado,serifado_cod_029,4,train
data/processed/serifado/cod_029/cod_029_000.png,serifado,serifado_cod_029,4,train
data/processed/serifado/cod_045/cod_045_005.png,serifado,serifado_cod_045,4,train
data/processed/serifado/cod_045/cod_045_004.png,serifado,serifado_cod_045,4,train
data/processed/serifado/cod_045/cod_045_003.png,serifado,serifado_cod_045,4,train
data/processed/serifado/cod_045/cod_045_000.png,serifado,serifado_cod_045,4,train
data/processed/serifado/cod_045/cod_045_010.png,serifado,serifado_cod_045,4,train
data/processed/serifado/cod_045/cod_045_009.png,serifado,serifado_cod_045,4,train
data/processed/serifado/cod_045/cod_045_011.png,serifado,serifado_cod_045,4,train
data/processed/serifado/cod_045/cod_045_006.png,serifado,serifado_cod_045,4,train
data/processed/serifado/cod_045/cod_045_008.png,serifado,serifado_cod_045,4,train
data/processed/serifado/cod_045/cod_045_001.png,serifado,serifado_cod_045,4,train
data/processed/serifado/cod_045/cod_045_002.png,serifado,serifado_cod_045,4,train
data/processed/serifado/cod_054/cod_054_003.png,serifado,serifado_cod_054,4,train
data/processed/serifado/cod_054/cod_054_004.png,serifado,serifado_cod_054,4,train
data/processed/serifado/cod_054/cod_054_000.png,serifado,serifado_cod_054,4,train
data/processed/serifado/cod_054/cod_054_002.png,serifado,serifado_cod_054,4,train
data/processed/serifado/cod_054/cod_054_005.png,serifado,serifado_cod_054,4,train
data/processed/serifado/cod_070/cod_070_003.png,serifado,serifado_cod_070,4,train
data/processed/serifado/cod_070/cod_070_007.png,serifado,serifado_cod_070,4,train
data/processed/serifado/cod_070/cod_070_016.png,serifado,serifado_cod_070,4,train
data/processed/serifado/cod_070/cod_070_017.png,serifado,serifado_cod_070,4,train
data/processed/serifado/cod_070/cod_070_010.png,serifado,serifado_cod_070,4,train
data/processed/serifado/cod_070/cod_070_009.png,serifado,serifado_cod_070,4,train
data/processed/serifado/cod_070/cod_070_008.png,serifado,serifado_cod_070,4,train
data/processed/serifado/cod_070/cod_070_018.png,serifado,serifado_cod_070,4,train
data/processed/serifado/cod_070/cod_070_000.png,serifado,serifado_cod_070,4,train
data/processed/serifado/cod_070/cod_070_001.png,serifado,serifado_cod_070,4,train
data/processed/serifado/cod_070/cod_070_005.png,serifado,serifado_cod_070,4,train
data/processed/serifado/cod_071/cod_071_001.png,serifado,serifado_cod_071,4,train
data/processed/serifado/cod_071/cod_071_005.png,serifado,serifado_cod_071,4,train
data/processed/serifado/cod_071/cod_071_000.png,serifado,serifado_cod_071,4,train
data/processed/serifado/cod_071/cod_071_011.png,serifado,serifado_cod_071,4,train
data/processed/serifado/cod_071/cod_071_003.png,serifado,serifado_cod_071,4,train
data/processed/serifado/cod_071/cod_071_004.png,serifado,serifado_cod_071,4,train
data/processed/serifado/cod_071/cod_071_013.png,serifado,serifado_cod_071,4,train
data/processed/serifado/cod_071/cod_071_009.png,serifado,serifado_cod_071,4,train
data/processed/serifado/cod_071/cod_071_012.png,serifado,serifado_cod_071,4,train
data/processed/serifado/cod_071/cod_071_002.png,serifado,serifado_cod_071,4,train
data/processed/serifado/cod_071/cod_071_007.png,serifado,serifado_cod_071,4,train
data/processed/serifado/cod_071/cod_071_008.png,serifado,serifado_cod_071,4,train
data/processed/serifado/cod_087/cod_087_000.png,serifado,serifado_cod_087,4,train
data/processed/serifado/cod_087/cod_087_005.png,serifado,serifado_cod_087,4,train
data/processed/serifado/cod_087/cod_087_003.png,serifado,serifado_cod_087,4,train
data/processed/serifado/cod_087/cod_087_015.png,serifado,serifado_cod_087,4,train
data/processed/serifado/cod_087/cod_087_002.png,serifado,serifado_cod_087,4,train
data/processed/serifado/cod_087/cod_087_009.png,serifado,serifado_cod_087,4,train
data/processed/serifado/cod_087/cod_087_004.png,serifado,serifado_cod_087,4,train
data/processed/serifado/cod_087/cod_087_001.png,serifado,serifado_cod_087,4,train
data/processed/serifado/cod_087/cod_087_013.png,serifado,serifado_cod_087,4,train
data/processed/serifado/cod_087/cod_087_014.png,serifado,serifado_cod_087,4,train
data/processed/serifado/cod_087/cod_087_007.png,serifado,serifado_cod_087,4,train
data/processed/serifado/cod_106/cod_106_002.png,serifado,serifado_cod_106,4,train
data/processed/serifado/cod_106/cod_106_003.png,serifado,serifado_cod_106,4,train
data/processed/serifado/cod_106/cod_106_015.png,serifado,serifado_cod_106,4,train
data/processed/serifado/cod_106/cod_106_001.png,serifado,serifado_cod_106,4,train
data/processed/serifado/cod_106/cod_106_000.png,serifado,serifado_cod_106,4,train
data/processed/serifado/cod_106/cod_106_005.png,serifado,serifado_cod_106,4,train
data/processed/serifado/cod_095/cod_095_017.png,serifado,serifado_cod_095,4,train
data/processed/serifado/cod_095/cod_095_016.png,serifado,serifado_cod_095,4,train
data/processed/serifado/cod_095/cod_095_003.png,serifado,serifado_cod_095,4,train
data/processed/serifado/cod_095/cod_095_001.png,serifado,serifado_cod_095,4,train
data/processed/serifado/cod_095/cod_095_010.png,serifado,serifado_cod_095,4,train
data/processed/serifado/cod_095/cod_095_019.png,serifado,serifado_cod_095,4,train
data/processed/serifado/cod_095/cod_095_006.png,serifado,serifado_cod_095,4,train
data/processed/serifado/cod_095/cod_095_005.png,serifado,serifado_cod_095,4,train
data/processed/serifado/cod_095/cod_095_008.png,serifado,serifado_cod_095,4,train
data/processed/serifado/cod_095/cod_095_000.png,serifado,serifado_cod_095,4,train
data/processed/serifado/cod_119/cod_119_001.png,serifado,serifado_cod_119,4,train
data/processed/serifado/cod_119/cod_119_011.png,serifado,serifado_cod_119,4,train
data/processed/serifado/cod_119/cod_119_005.png,serifado,serifado_cod_119,4,train
data/processed/serifado/cod_119/cod_119_010.png,serifado,serifado_cod_119,4,train
data/processed/serifado/cod_119/cod_119_007.png,serifado,serifado_cod_119,4,train
data/processed/serifado/cod_119/cod_119_015.png,serifado,serifado_cod_119,4,train
data/processed/serifado/cod_119/cod_119_008.png,serifado,serifado_cod_119,4,train
data/processed/serifado/cod_114/cod_114_011.png,serifado,serifado_cod_114,4,train
data/processed/serifado/cod_114/cod_114_000.png,serifado,serifado_cod_114,4,train
data/processed/serifado/cod_114/cod_114_001.png,serifado,serifado_cod_114,4,train
data/processed/serifado/cod_114/cod_114_006.png,serifado,serifado_cod_114,4,train
data/processed/serifado/cod_114/cod_114_004.png,serifado,serifado_cod_114,4,train
data/processed/serifado/cod_114/cod_114_009.png,serifado,serifado_cod_114,4,train
data/processed/serifado/cod_114/cod_114_010.png,serifado,serifado_cod_114,4,train
data/processed/serifado/cod_114/cod_114_002.png,serifado,serifado_cod_114,4,train
data/processed/serifado/cod_114/cod_114_012.png,serifado,serifado_cod_114,4,train
data/processed/serifado/cod_114/cod_114_003.png,serifado,serifado_cod_114,4,train
data/processed/serifado/cod_114/cod_114_007.png,serifado,serifado_cod_114,4,train
data/processed/serifado/cod_114/cod_114_005.png,serifado,serifado_cod_114,4,train
data/processed/serifado/cod_114/cod_114_008.png,serifado,serifado_cod_114,4,train
data/processed/serifado/cod_111/cod_111_003.png,serifado,serifado_cod_111,4,train
data/processed/serifado/cod_111/cod_111_006.png,serifado,serifado_cod_111,4,train
data/processed/serifado/cod_111/cod_111_004.png,serifado,serifado_cod_111,4,train
data/processed/serifado/cod_111/cod_111_008.png,serifado,serifado_cod_111,4,train
data/processed/serifado/cod_111/cod_111_009.png,serifado,serifado_cod_111,4,train
data/processed/serifado/cod_111/cod_111_000.png,serifado,serifado_cod_111,4,train
data/processed/serifado/cod_111/cod_111_002.png,serifado,serifado_cod_111,4,train
data/processed/serifado/cod_111/cod_111_007.png,serifado,serifado_cod_111,4,train
data/processed/serifado/cod_111/cod_111_005.png,serifado,serifado_cod_111,4,train
data/processed/serifado/cod_111/cod_111_001.png,serifado,serifado_cod_111,4,train
data/processed/serifado/cod_123/cod_123_006.png,serifado,serifado_cod_123,4,train
data/processed/serifado/cod_123/cod_123_007.png,serifado,serifado_cod_123,4,train
data/processed/serifado/cod_123/cod_123_009.png,serifado,serifado_cod_123,4,train
data/processed/serifado/cod_123/cod_123_004.png,serifado,serifado_cod_123,4,train
data/processed/serifado/cod_123/cod_123_005.png,serifado,serifado_cod_123,4,train
data/processed/serifado/cod_123/cod_123_010.png,serifado,serifado_cod_123,4,train
data/processed/serifado/cod_123/cod_123_008.png,serifado,serifado_cod_123,4,train
data/processed/serifado/cod_123/cod_123_000.png,serifado,serifado_cod_123,4,train
data/processed/serifado/cod_128/cod_128_008.png,serifado,serifado_cod_128,4,train
data/processed/serifado/cod_128/cod_128_009.png,serifado,serifado_cod_128,4,train
data/processed/serifado/cod_128/cod_128_005.png,serifado,serifado_cod_128,4,train
data/processed/serifado/cod_128/cod_128_001.png,serifado,serifado_cod_128,4,train
data/processed/serifado/cod_128/cod_128_004.png,serifado,serifado_cod_128,4,train
data/processed/serifado/cod_128/cod_128_003.png,serifado,serifado_cod_128,4,train
data/processed/serifado/cod_128/cod_128_002.png,serifado,serifado_cod_128,4,train
data/processed/serifado/cod_128/cod_128_006.png,serifado,serifado_cod_128,4,train
data/processed/serifado/cod_128/cod_128_000.png,serifado,serifado_cod_128,4,train
data/processed/serifado/cod_128/cod_128_007.png,serifado,serifado_cod_128,4,train
data/processed/serifado/cod_130/cod_130_004.png,serifado,serifado_cod_130,4,train
data/processed/serifado/cod_130/cod_130_001.png,serifado,serifado_cod_130,4,train
data/processed/serifado/cod_130/cod_130_011.png,serifado,serifado_cod_130,4,train
data/processed/serifado/cod_130/cod_130_005.png,serifado,serifado_cod_130,4,train
data/processed/serifado/cod_130/cod_130_009.png,serifado,serifado_cod_130,4,train
data/processed/serifado/cod_130/cod_130_000.png,serifado,serifado_cod_130,4,train
data/processed/serifado/cod_130/cod_130_002.png,serifado,serifado_cod_130,4,train
data/processed/serifado/cod_130/cod_130_008.png,serifado,serifado_cod_130,4,train
data/processed/serifado/cod_130/cod_130_007.png,serifado,serifado_cod_130,4,train
data/processed/serifado/cod_130/cod_130_003.png,serifado,serifado_cod_130,4,train
data/processed/serifado/cod_130/cod_130_006.png,serifado,serifado_cod_130,4,train
data/processed/serifado/cod_152/cod_152_008.png,serifado,serifado_cod_152,4,train
data/processed/serifado/cod_152/cod_152_010.png,serifado,serifado_cod_152,4,train
data/processed/serifado/cod_152/cod_152_009.png,serifado,serifado_cod_152,4,train
data/processed/serifado/cod_152/cod_152_002.png,serifado,serifado_cod_152,4,train
data/processed/serifado/cod_152/cod_152_004.png,serifado,serifado_cod_152,4,train
data/processed/serifado/cod_152/cod_152_003.png,serifado,serifado_cod_152,4,train
data/processed/serifado/cod_152/cod_152_007.png,serifado,serifado_cod_152,4,train
data/processed/serifado/cod_152/cod_152_006.png,serifado,serifado_cod_152,4,train
data/processed/serifado/cod_152/cod_152_011.png,serifado,serifado_cod_152,4,train
data/processed/serifado/cod_152/cod_152_005.png,serifado,serifado_cod_152,4,train
data/processed/serifado/cod_147/cod_147_004.png,serifado,serifado_cod_147,4,train
data/processed/serifado/cod_157/cod_157_002.png,serifado,serifado_cod_157,4,train
data/processed/serifado/cod_157/cod_157_000.png,serifado,serifado_cod_157,4,train
data/processed/serifado/cod_157/cod_157_005.png,serifado,serifado_cod_157,4,train
data/processed/serifado/cod_157/cod_157_007.png,serifado,serifado_cod_157,4,train
data/processed/serifado/cod_157/cod_157_004.png,serifado,serifado_cod_157,4,train
data/processed/serifado/cod_157/cod_157_006.png,serifado,serifado_cod_157,4,train
data/processed/serifado/cod_157/cod_157_008.png,serifado,serifado_cod_157,4,train
data/processed/serifado/cod_157/cod_157_001.png,serifado,serifado_cod_157,4,train
data/processed/serifado/cod_157/cod_157_003.png,serifado,serifado_cod_157,4,train
data/processed/serifado/cod_158/cod_158_003.png,serifado,serifado_cod_158,4,train
data/processed/escritural/cod_002/cod_002_002.png,escritural,escritural_cod_002,4,val
data/processed/escritural/cod_002/cod_002_008.png,escritural,escritural_cod_002,4,val
data/processed/escritural/cod_002/cod_002_005.png,escritural,escritural_cod_002,4,val
data/processed/escritural/cod_002/cod_002_007.png,escritural,escritural_cod_002,4,val
data/processed/escritural/cod_002/cod_002_010.png,escritural,escritural_cod_002,4,val
data/processed/escritural/cod_002/cod_002_004.png,escritural,escritural_cod_002,4,val
data/processed/escritural/cod_002/cod_002_003.png,escritural,escritural_cod_002,4,val
data/processed/escritural/cod_002/cod_002_001.png,escritural,escritural_cod_002,4,val
data/processed/escritural/cod_002/cod_002_012.png,escritural,escritural_cod_002,4,val
data/processed/escritural/cod_002/cod_002_000.png,escritural,escritural_cod_002,4,val
data/processed/escritural/cod_002/cod_002_009.png,escritural,escritural_cod_002,4,val
data/processed/escritural/cod_002/cod_002_006.png,escritural,escritural_cod_002,4,val
data/processed/escritural/cod_002/cod_002_011.png,escritural,escritural_cod_002,4,val
data/processed/escritural/cod_014/cod_014_007.png,escritural,escritural_cod_014,4,val
data/processed/escritural/cod_014/cod_014_006.png,escritural,escritural_cod_014,4,val
data/processed/escritural/cod_014/cod_014_017.png,escritural,escritural_cod_014,4,val
data/processed/escritural/cod_014/cod_014_016.png,escritural,escritural_cod_014,4,val
data/processed/escritural/cod_014/cod_014_009.png,escritural,escritural_cod_014,4,val
data/processed/escritural/cod_014/cod_014_044.png,escritural,escritural_cod_014,4,val
data/processed/escritural/cod_014/cod_014_028.png,escritural,escritural_cod_014,4,val
data/processed/escritural/cod_014/cod_014_033.png,escritural,escritural_cod_014,4,val
data/processed/escritural/cod_014/cod_014_031.png,escritural,escritural_cod_014,4,val
data/processed/escritural/cod_014/cod_014_015.png,escritural,escritural_cod_014,4,val
data/processed/escritural/cod_014/cod_014_043.png,escritural,escritural_cod_014,4,val
data/processed/escritural/cod_014/cod_014_032.png,escritural,escritural_cod_014,4,val
data/processed/escritural/cod_014/cod_014_042.png,escritural,escritural_cod_014,4,val
data/processed/escritural/cod_016/cod_016_058.png,escritural,escritural_cod_016,4,val
data/processed/escritural/cod_016/cod_016_079.png,escritural,escritural_cod_016,4,val
data/processed/escritural/cod_016/cod_016_084.png,escritural,escritural_cod_016,4,val
data/processed/escritural/cod_016/cod_016_083.png,escritural,escritural_cod_016,4,val
data/processed/escritural/cod_016/cod_016_057.png,escritural,escritural_cod_016,4,val
data/processed/escritural/cod_032/cod_032_007.png,escritural,escritural_cod_032,4,val
data/processed/escritural/cod_032/cod_032_003.png,escritural,escritural_cod_032,4,val
data/processed/escritural/cod_032/cod_032_001.png,escritural,escritural_cod_032,4,val
data/processed/escritural/cod_032/cod_032_009.png,escritural,escritural_cod_032,4,val
data/processed/escritural/cod_032/cod_032_000.png,escritural,escritural_cod_032,4,val
data/processed/escritural/cod_032/cod_032_010.png,escritural,escritural_cod_032,4,val
data/processed/escritural/cod_032/cod_032_008.png,escritural,escritural_cod_032,4,val
data/processed/escritural/cod_032/cod_032_006.png,escritural,escritural_cod_032,4,val
data/processed/escritural/cod_032/cod_032_005.png,escritural,escritural_cod_032,4,val
data/processed/escritural/cod_032/cod_032_012.png,escritural,escritural_cod_032,4,val
data/processed/escritural/cod_032/cod_032_004.png,escritural,escritural_cod_032,4,val
data/processed/escritural/cod_032/cod_032_002.png,escritural,escritural_cod_032,4,val
data/processed/escritural/cod_068/cod_068_024.png,escritural,escritural_cod_068,4,val
data/processed/escritural/cod_068/cod_068_020.png,escritural,escritural_cod_068,4,val
data/processed/escritural/cod_068/cod_068_023.png,escritural,escritural_cod_068,4,val
data/processed/escritural/cod_068/cod_068_009.png,escritural,escritural_cod_068,4,val
data/processed/escritural/cod_068/cod_068_022.png,escritural,escritural_cod_068,4,val
data/processed/escritural/cod_068/cod_068_017.png,escritural,escritural_cod_068,4,val
data/processed/escritural/cod_068/cod_068_008.png,escritural,escritural_cod_068,4,val
data/processed/escritural/cod_068/cod_068_010.png,escritural,escritural_cod_068,4,val
data/processed/escritural/cod_068/cod_068_004.png,escritural,escritural_cod_068,4,val
data/processed/escritural/cod_068/cod_068_003.png,escritural,escritural_cod_068,4,val
data/processed/escritural/cod_068/cod_068_002.png,escritural,escritural_cod_068,4,val
data/processed/escritural/cod_076/cod_076_009.png,escritural,escritural_cod_076,4,val
data/processed/escritural/cod_076/cod_076_001.png,escritural,escritural_cod_076,4,val
data/processed/escritural/cod_076/cod_076_002.png,escritural,escritural_cod_076,4,val
data/processed/escritural/cod_076/cod_076_003.png,escritural,escritural_cod_076,4,val
data/processed/escritural/cod_076/cod_076_008.png,escritural,escritural_cod_076,4,val
data/processed/escritural/cod_076/cod_076_023.png,escritural,escritural_cod_076,4,val
data/processed/escritural/cod_076/cod_076_005.png,escritural,escritural_cod_076,4,val
data/processed/escritural/cod_081/cod_081_018.png,escritural,escritural_cod_081,4,val
data/processed/escritural/cod_081/cod_081_000.png,escritural,escritural_cod_081,4,val
data/processed/escritural/cod_081/cod_081_002.png,escritural,escritural_cod_081,4,val
data/processed/escritural/cod_081/cod_081_011.png,escritural,escritural_cod_081,4,val
data/processed/escritural/cod_081/cod_081_014.png,escritural,escritural_cod_081,4,val
data/processed/escritural/cod_081/cod_081_020.png,escritural,escritural_cod_081,4,val
data/processed/escritural/cod_081/cod_081_019.png,escritural,escritural_cod_081,4,val
data/processed/escritural/cod_081/cod_081_006.png,escritural,escritural_cod_081,4,val
data/processed/escritural/cod_081/cod_081_007.png,escritural,escritural_cod_081,4,val
data/processed/escritural/cod_081/cod_081_001.png,escritural,escritural_cod_081,4,val
data/processed/escritural/cod_081/cod_081_013.png,escritural,escritural_cod_081,4,val
data/processed/escritural/cod_081/cod_081_008.png,escritural,escritural_cod_081,4,val
data/processed/escritural/cod_081/cod_081_009.png,escritural,escritural_cod_081,4,val
data/processed/escritural/cod_080/cod_080_001.png,escritural,escritural_cod_080,4,val
data/processed/escritural/cod_080/cod_080_002.png,escritural,escritural_cod_080,4,val
data/processed/escritural/cod_080/cod_080_000.png,escritural,escritural_cod_080,4,val
data/processed/escritural/cod_080/cod_080_012.png,escritural,escritural_cod_080,4,val
data/processed/escritural/cod_080/cod_080_013.png,escritural,escritural_cod_080,4,val
data/processed/escritural/cod_080/cod_080_008.png,escritural,escritural_cod_080,4,val
data/processed/escritural/cod_080/cod_080_014.png,escritural,escritural_cod_080,4,val
data/processed/escritural/cod_080/cod_080_006.png,escritural,escritural_cod_080,4,val
data/processed/escritural/cod_080/cod_080_010.png,escritural,escritural_cod_080,4,val
data/processed/escritural/cod_080/cod_080_009.png,escritural,escritural_cod_080,4,val
data/processed/escritural/cod_080/cod_080_011.png,escritural,escritural_cod_080,4,val
data/processed/escritural/cod_080/cod_080_004.png,escritural,escritural_cod_080,4,val
data/processed/escritural/cod_080/cod_080_005.png,escritural,escritural_cod_080,4,val
data/processed/escritural/cod_137/cod_137_002.png,escritural,escritural_cod_137,4,val
data/processed/escritural/cod_137/cod_137_003.png,escritural,escritural_cod_137,4,val
data/processed/escritural/cod_137/cod_137_005.png,escritural,escritural_cod_137,4,val
data/processed/escritural/cod_137/cod_137_011.png,escritural,escritural_cod_137,4,val
data/processed/escritural/cod_137/cod_137_009.png,escritural,escritural_cod_137,4,val
data/processed/escritural/cod_137/cod_137_007.png,escritural,escritural_cod_137,4,val
data/processed/escritural/cod_137/cod_137_004.png,escritural,escritural_cod_137,4,val
data/processed/escritural/cod_137/cod_137_000.png,escritural,escritural_cod_137,4,val
data/processed/escritural/cod_137/cod_137_001.png,escritural,escritural_cod_137,4,val
data/processed/grotesco/cod_035/cod_035_005.png,grotesco,grotesco_cod_035,4,val
data/processed/grotesco/cod_035/cod_035_012.png,grotesco,grotesco_cod_035,4,val
data/processed/grotesco/cod_035/cod_035_002.png,grotesco,grotesco_cod_035,4,val
data/processed/grotesco/cod_035/cod_035_000.png,grotesco,grotesco_cod_035,4,val
data/processed/grotesco/cod_035/cod_035_011.png,grotesco,grotesco_cod_035,4,val
data/processed/grotesco/cod_035/cod_035_003.png,grotesco,grotesco_cod_035,4,val
data/processed/grotesco/cod_035/cod_035_001.png,grotesco,grotesco_cod_035,4,val
data/processed/grotesco/cod_035/cod_035_009.png,grotesco,grotesco_cod_035,4,val
data/processed/grotesco/cod_035/cod_035_008.png,grotesco,grotesco_cod_035,4,val
data/processed/grotesco/cod_035/cod_035_007.png,grotesco,grotesco_cod_035,4,val
data/processed/grotesco/cod_035/cod_035_004.png,grotesco,grotesco_cod_035,4,val
data/processed/grotesco/cod_035/cod_035_006.png,grotesco,grotesco_cod_035,4,val
data/processed/grotesco/cod_035/cod_035_013.png,grotesco,grotesco_cod_035,4,val
data/processed/grotesco/cod_056/cod_056_001.png,grotesco,grotesco_cod_056,4,val
data/processed/grotesco/cod_056/cod_056_018.png,grotesco,grotesco_cod_056,4,val
data/processed/grotesco/cod_056/cod_056_015.png,grotesco,grotesco_cod_056,4,val
data/processed/grotesco/cod_056/cod_056_011.png,grotesco,grotesco_cod_056,4,val
data/processed/grotesco/cod_056/cod_056_016.png,grotesco,grotesco_cod_056,4,val
data/processed/grotesco/cod_056/cod_056_019.png,grotesco,grotesco_cod_056,4,val
data/processed/grotesco/cod_056/cod_056_010.png,grotesco,grotesco_cod_056,4,val
data/processed/grotesco/cod_056/cod_056_014.png,grotesco,grotesco_cod_056,4,val
data/processed/grotesco/cod_056/cod_056_002.png,grotesco,grotesco_cod_056,4,val
data/processed/grotesco/cod_056/cod_056_017.png,grotesco,grotesco_cod_056,4,val
data/processed/grotesco/cod_056/cod_056_012.png,grotesco,grotesco_cod_056,4,val
data/processed/grotesco/cod_056/cod_056_003.png,grotesco,grotesco_cod_056,4,val
data/processed/grotesco/cod_055/cod_055_012.png,grotesco,grotesco_cod_055,4,val
data/processed/grotesco/cod_055/cod_055_000.png,grotesco,grotesco_cod_055,4,val
data/processed/grotesco/cod_055/cod_055_011.png,grotesco,grotesco_cod_055,4,val
data/processed/grotesco/cod_055/cod_055_001.png,grotesco,grotesco_cod_055,4,val
data/processed/grotesco/cod_055/cod_055_013.png,grotesco,grotesco_cod_055,4,val
data/processed/grotesco/cod_055/cod_055_004.png,grotesco,grotesco_cod_055,4,val
data/processed/grotesco/cod_055/cod_055_002.png,grotesco,grotesco_cod_055,4,val
data/processed/grotesco/cod_055/cod_055_009.png,grotesco,grotesco_cod_055,4,val
data/processed/grotesco/cod_055/cod_055_007.png,grotesco,grotesco_cod_055,4,val
data/processed/grotesco/cod_055/cod_055_005.png,grotesco,grotesco_cod_055,4,val
data/processed/grotesco/cod_055/cod_055_003.png,grotesco,grotesco_cod_055,4,val
data/processed/grotesco/cod_055/cod_055_006.png,grotesco,grotesco_cod_055,4,val
data/processed/grotesco/cod_055/cod_055_008.png,grotesco,grotesco_cod_055,4,val
data/processed/grotesco/cod_088/cod_088_004.png,grotesco,grotesco_cod_088,4,val
data/processed/grotesco/cod_088/cod_088_011.png,grotesco,grotesco_cod_088,4,val
data/processed/grotesco/cod_088/cod_088_006.png,grotesco,grotesco_cod_088,4,val
data/processed/grotesco/cod_088/cod_088_010.png,grotesco,grotesco_cod_088,4,val
data/processed/grotesco/cod_088/cod_088_005.png,grotesco,grotesco_cod_088,4,val
data/processed/grotesco/cod_088/cod_088_012.png,grotesco,grotesco_cod_088,4,val
data/processed/grotesco/cod_088/cod_088_000.png,grotesco,grotesco_cod_088,4,val
data/processed/grotesco/cod_088/cod_088_002.png,grotesco,grotesco_cod_088,4,val
data/processed/grotesco/cod_088/cod_088_008.png,grotesco,grotesco_cod_088,4,val
data/processed/grotesco/cod_088/cod_088_001.png,grotesco,grotesco_cod_088,4,val
data/processed/grotesco/cod_088/cod_088_007.png,grotesco,grotesco_cod_088,4,val
data/processed/grotesco/cod_088/cod_088_003.png,grotesco,grotesco_cod_088,4,val
data/processed/grotesco/cod_088/cod_088_009.png,grotesco,grotesco_cod_088,4,val
data/processed/grotesco/cod_096/cod_096_010.png,grotesco,grotesco_cod_096,4,val
data/processed/grotesco/cod_096/cod_096_007.png,grotesco,grotesco_cod_096,4,val
data/processed/grotesco/cod_096/cod_096_005.png,grotesco,grotesco_cod_096,4,val
data/processed/grotesco/cod_096/cod_096_003.png,grotesco,grotesco_cod_096,4,val
data/processed/grotesco/cod_096/cod_096_011.png,grotesco,grotesco_cod_096,4,val
data/processed/grotesco/cod_096/cod_096_004.png,grotesco,grotesco_cod_096,4,val
data/processed/grotesco/cod_096/cod_096_002.png,grotesco,grotesco_cod_096,4,val
data/processed/grotesco/cod_096/cod_096_012.png,grotesco,grotesco_cod_096,4,val
data/processed/grotesco/cod_096/cod_096_009.png,grotesco,grotesco_cod_096,4,val
data/processed/grotesco/cod_096/cod_096_006.png,grotesco,grotesco_cod_096,4,val
data/processed/grotesco/cod_096/cod_096_000.png,grotesco,grotesco_cod_096,4,val
data/processed/grotesco/cod_098/cod_098_003.png,grotesco,grotesco_cod_098,4,val
data/processed/grotesco/cod_098/cod_098_005.png,grotesco,grotesco_cod_098,4,val
data/processed/grotesco/cod_098/cod_098_001.png,grotesco,grotesco_cod_098,4,val
data/processed/grotesco/cod_098/cod_098_007.png,grotesco,grotesco_cod_098,4,val
data/processed/grotesco/cod_098/cod_098_012.png,grotesco,grotesco_cod_098,4,val
data/processed/grotesco/cod_098/cod_098_000.png,grotesco,grotesco_cod_098,4,val
data/processed/grotesco/cod_098/cod_098_006.png,grotesco,grotesco_cod_098,4,val
data/processed/grotesco/cod_098/cod_098_004.png,grotesco,grotesco_cod_098,4,val
data/processed/grotesco/cod_098/cod_098_002.png,grotesco,grotesco_cod_098,4,val
data/processed/grotesco/cod_098/cod_098_011.png,grotesco,grotesco_cod_098,4,val
data/processed/grotesco/cod_098/cod_098_008.png,grotesco,grotesco_cod_098,4,val
data/processed/grotesco/cod_098/cod_098_010.png,grotesco,grotesco_cod_098,4,val
data/processed/grotesco/cod_103/cod_103_002.png,grotesco,grotesco_cod_103,4,val
data/processed/grotesco/cod_103/cod_103_006.png,grotesco,grotesco_cod_103,4,val
data/processed/grotesco/cod_103/cod_103_001.png,grotesco,grotesco_cod_103,4,val
data/processed/grotesco/cod_103/cod_103_012.png,grotesco,grotesco_cod_103,4,val
data/processed/grotesco/cod_103/cod_103_007.png,grotesco,grotesco_cod_103,4,val
data/processed/grotesco/cod_103/cod_103_003.png,grotesco,grotesco_cod_103,4,val
data/processed/grotesco/cod_103/cod_103_009.png,grotesco,grotesco_cod_103,4,val
data/processed/grotesco/cod_103/cod_103_010.png,grotesco,grotesco_cod_103,4,val
data/processed/grotesco/cod_103/cod_103_008.png,grotesco,grotesco_cod_103,4,val
data/processed/grotesco/cod_103/cod_103_011.png,grotesco,grotesco_cod_103,4,val
data/processed/grotesco/cod_103/cod_103_004.png,grotesco,grotesco_cod_103,4,val
data/processed/grotesco/cod_103/cod_103_005.png,grotesco,grotesco_cod_103,4,val
data/processed/grotesco/cod_103/cod_103_000.png,grotesco,grotesco_cod_103,4,val
data/processed/grotesco/cod_142/cod_142_001.png,grotesco,grotesco_cod_142,4,val
data/processed/grotesco/cod_142/cod_142_003.png,grotesco,grotesco_cod_142,4,val
data/processed/grotesco/cod_116/cod_116_013.png,grotesco,grotesco_cod_116,4,val
data/processed/grotesco/cod_116/cod_116_012.png,grotesco,grotesco_cod_116,4,val
data/processed/grotesco/cod_116/cod_116_003.png,grotesco,grotesco_cod_116,4,val
data/processed/grotesco/cod_116/cod_116_001.png,grotesco,grotesco_cod_116,4,val
data/processed/grotesco/cod_116/cod_116_002.png,grotesco,grotesco_cod_116,4,val
data/processed/grotesco/cod_116/cod_116_011.png,grotesco,grotesco_cod_116,4,val
data/processed/grotesco/cod_116/cod_116_010.png,grotesco,grotesco_cod_116,4,val
data/processed/grotesco/cod_116/cod_116_007.png,grotesco,grotesco_cod_116,4,val
data/processed/grotesco/cod_116/cod_116_009.png,grotesco,grotesco_cod_116,4,val
data/processed/grotesco/cod_116/cod_116_006.png,grotesco,grotesco_cod_116,4,val
data/processed/grotesco/cod_116/cod_116_008.png,grotesco,grotesco_cod_116,4,val
data/processed/grotesco/cod_116/cod_116_005.png,grotesco,grotesco_cod_116,4,val
data/processed/serifado/cod_023/cod_023_002.png,serifado,serifado_cod_023,4,val
data/processed/serifado/cod_023/cod_023_033.png,serifado,serifado_cod_023,4,val
data/processed/serifado/cod_023/cod_023_001.png,serifado,serifado_cod_023,4,val
data/processed/serifado/cod_023/cod_023_013.png,serifado,serifado_cod_023,4,val
data/processed/serifado/cod_023/cod_023_032.png,serifado,serifado_cod_023,4,val
data/processed/serifado/cod_023/cod_023_012.png,serifado,serifado_cod_023,4,val
data/processed/serifado/cod_023/cod_023_003.png,serifado,serifado_cod_023,4,val
data/processed/serifado/cod_023/cod_023_031.png,serifado,serifado_cod_023,4,val
data/processed/serifado/cod_086/cod_086_001.png,serifado,serifado_cod_086,4,val
data/processed/serifado/cod_086/cod_086_006.png,serifado,serifado_cod_086,4,val
data/processed/serifado/cod_086/cod_086_005.png,serifado,serifado_cod_086,4,val
data/processed/serifado/cod_086/cod_086_008.png,serifado,serifado_cod_086,4,val
data/processed/serifado/cod_086/cod_086_010.png,serifado,serifado_cod_086,4,val
data/processed/serifado/cod_086/cod_086_004.png,serifado,serifado_cod_086,4,val
data/processed/serifado/cod_086/cod_086_003.png,serifado,serifado_cod_086,4,val
data/processed/serifado/cod_086/cod_086_009.png,serifado,serifado_cod_086,4,val
data/processed/serifado/cod_086/cod_086_002.png,serifado,serifado_cod_086,4,val
data/processed/serifado/cod_086/cod_086_000.png,serifado,serifado_cod_086,4,val
data/processed/serifado/cod_058/cod_058_029.png,serifado,serifado_cod_058,4,val
data/processed/serifado/cod_058/cod_058_040.png,serifado,serifado_cod_058,4,val
data/processed/serifado/cod_058/cod_058_022.png,serifado,serifado_cod_058,4,val
data/processed/serifado/cod_058/cod_058_035.png,serifado,serifado_cod_058,4,val
data/processed/serifado/cod_058/cod_058_041.png,serifado,serifado_cod_058,4,val
data/processed/serifado/cod_058/cod_058_039.png,serifado,serifado_cod_058,4,val
data/processed/serifado/cod_058/cod_058_021.png,serifado,serifado_cod_058,4,val
data/processed/serifado/cod_058/cod_058_023.png,serifado,serifado_cod_058,4,val
data/processed/serifado/cod_090/cod_090_005.png,serifado,serifado_cod_090,4,val
data/processed/serifado/cod_090/cod_090_002.png,serifado,serifado_cod_090,4,val
data/processed/serifado/cod_090/cod_090_003.png,serifado,serifado_cod_090,4,val
data/processed/serifado/cod_090/cod_090_001.png,serifado,serifado_cod_090,4,val
data/processed/serifado/cod_090/cod_090_015.png,serifado,serifado_cod_090,4,val
data/processed/serifado/cod_090/cod_090_000.png,serifado,serifado_cod_090,4,val
data/processed/serifado/cod_118/cod_118_004.png,serifado,serifado_cod_118,4,val
data/processed/serifado/cod_118/cod_118_008.png,serifado,serifado_cod_118,4,val
data/processed/serifado/cod_118/cod_118_000.png,serifado,serifado_cod_118,4,val
data/processed/serifado/cod_118/cod_118_005.png,serifado,serifado_cod_118,4,val
data/processed/serifado/cod_118/cod_118_007.png,serifado,serifado_cod_118,4,val
data/processed/serifado/cod_118/cod_118_002.png,serifado,serifado_cod_118,4,val
data/processed/serifado/cod_118/cod_118_010.png,serifado,serifado_cod_118,4,val
data/processed/serifado/cod_118/cod_118_003.png,serifado,serifado_cod_118,4,val
data/processed/serifado/cod_118/cod_118_001.png,serifado,serifado_cod_118,4,val
data/processed/serifado/cod_118/cod_118_006.png,serifado,serifado_cod_118,4,val
